CBSA Name,site_id,pollutant,Local Site Name,State Name,County Name,City Name,Latitude,Longitude,years,min_observation_percent,mean_observation_percent,min_observation_count
"Aberdeen, SD",46-013-0004,PM10,Aberdeen Bus Stop,South Dakota,Brown,Aberdeen,45.468596,-98.494061,4,95,96.75,8349
"Aberdeen, SD",46-013-0004,PM2.5,Aberdeen Bus Stop,South Dakota,Brown,Aberdeen,45.468596,-98.494061,4,90,95.0,7863
"Adrian, MI",26-091-0007,O3,"6792 RAISIN CENTER HWY, LENAWEE CO.RD.COMM.OWNER, TECUMSEH",Michigan,Lenawee,Tecumseh,41.995568,-83.946559,4,96,98.75,5552
"Adrian, MI",26-091-0007,PM2.5,"6792 RAISIN CENTER HWY, LENAWEE CO.RD.COMM.OWNER, TECUMSEH",Michigan,Lenawee,Tecumseh,41.995568,-83.946559,4,87,93.5,7659
"Akron, OH",39-133-1001,O3,Lake Rockwell,Ohio,Portage,,41.182466,-81.330486,4,98,99.25,5501
"Akron, OH",39-153-0017,PM2.5,East HS,Ohio,Summit,Akron,41.063526,-81.468956,4,86,91.25,7527
"Akron, OH",39-153-0017,SO2,East HS,Ohio,Summit,Akron,41.063526,-81.468956,4,98,98.75,8555
"Akron, OH",39-153-0026,O3,North HS,Ohio,Summit,Akron,41.103028,-81.496253,4,82,95.0,4756
"Albany, GA",13-095-0007,PM2.5,Albany,Georgia,Dougherty,Albany,31.5776,-84.0998,4,87,95.0,7645
"Albany-Schenectady-Troy, NY",36-001-0005,PM2.5,ALBANY COUNTY HEALTH DEPT,New York,Albany,Albany,42.64225,-73.75464,4,96,97.5,8375
"Albany-Schenectady-Troy, NY",36-001-0012,O3,LOUDONVILLE,New York,Albany,Albany,42.68075,-73.75733,4,96,98.5,7201
"Albany-Schenectady-Troy, NY",36-091-0004,O3,STILLWATER,New York,Saratoga,,43.01209,-73.6489,4,99,99.25,8194
"Albuquerque, NM",35-001-0023,CO,DEL NORTE HIGH SCHOOL,New Mexico,Bernalillo,Albuquerque,35.1343,-106.5852,4,79,85.25,6922
"Albuquerque, NM",35-001-0023,NO2,DEL NORTE HIGH SCHOOL,New Mexico,Bernalillo,Albuquerque,35.1343,-106.5852,4,90,91.5,7862
"Albuquerque, NM",35-001-0023,O3,DEL NORTE HIGH SCHOOL,New Mexico,Bernalillo,Albuquerque,35.1343,-106.5852,4,90,94.0,7817
"Albuquerque, NM",35-001-0023,PM10,DEL NORTE HIGH SCHOOL,New Mexico,Bernalillo,Albuquerque,35.1343,-106.5852,4,96,98.0,8421
"Albuquerque, NM",35-001-0023,PM2.5,DEL NORTE HIGH SCHOOL,New Mexico,Bernalillo,Albuquerque,35.1343,-106.5852,4,96,98.0,8421
"Albuquerque, NM",35-001-0023,SO2,DEL NORTE HIGH SCHOOL,New Mexico,Bernalillo,Albuquerque,35.1343,-106.5852,4,87,91.25,7610
"Albuquerque, NM",35-001-0026,PM10,JEFFERSON,New Mexico,Bernalillo,Albuquerque,35.1443,-106.60468,4,90,95.5,7881
"Albuquerque, NM",35-001-0026,PM2.5,JEFFERSON,New Mexico,Bernalillo,Albuquerque,35.1443,-106.60468,4,90,95.5,7881
"Albuquerque, NM",35-001-0029,CO,SOUTH VALLEY,New Mexico,Bernalillo,South Valley,35.01708,-106.65739,4,80,85.0,7006
"Albuquerque, NM",35-001-0029,NO2,SOUTH VALLEY,New Mexico,Bernalillo,South Valley,35.01708,-106.65739,4,88,92.0,7707
"Albuquerque, NM",35-001-0029,O3,SOUTH VALLEY,New Mexico,Bernalillo,South Valley,35.01708,-106.65739,4,95,95.5,8134
"Albuquerque, NM",35-001-0029,PM10,SOUTH VALLEY,New Mexico,Bernalillo,South Valley,35.01708,-106.65739,4,94,97.25,8244
"Albuquerque, NM",35-001-0029,PM2.5,SOUTH VALLEY,New Mexico,Bernalillo,South Valley,35.01708,-106.65739,4,94,97.25,8244
"Albuquerque, NM",35-001-1012,O3,Foothills,New Mexico,Bernalillo,Albuquerque,35.1852,-106.50815,4,96,97.25,8415
"Albuquerque, NM",35-001-1012,PM10,Foothills,New Mexico,Bernalillo,Albuquerque,35.1852,-106.50815,4,98,98.5,8592
"Albuquerque, NM",35-001-1012,PM2.5,Foothills,New Mexico,Bernalillo,Albuquerque,35.1852,-106.50815,4,97,98.5,8508
"Albuquerque, NM",35-001-1013,PM10,NORTH VALLEY,New Mexico,Bernalillo,North Valley,35.19324,-106.613815,4,97,98.0,8522
"Albuquerque, NM",35-001-1013,PM2.5,NORTH VALLEY,New Mexico,Bernalillo,North Valley,35.19324,-106.613815,4,97,98.0,8522
"Albuquerque, NM",35-043-1001,O3,2ZJ Bernalillo,New Mexico,Sandoval,,35.299484,-106.548914,4,93,97.25,8171
"Albuquerque, NM",35-061-0008,O3,2LL Los Lunas,New Mexico,Valencia,,34.8147,-106.7396,4,98,98.5,8625
"Allentown-Bethlehem-Easton, PA-NJ",34-041-0007,NO2,Columbia,New Jersey,Warren,Knowlton (Township of),40.92458,-75.067815,4,91,94.25,7997
"Allentown-Bethlehem-Easton, PA-NJ",34-041-0007,O3,Columbia,New Jersey,Warren,Knowlton (Township of),40.92458,-75.067815,4,98,99.0,7809
"Allentown-Bethlehem-Easton, PA-NJ",34-041-0007,PM2.5,Columbia,New Jersey,Warren,Knowlton (Township of),40.92458,-75.067815,4,87,90.75,7644
"Allentown-Bethlehem-Easton, PA-NJ",34-041-0007,SO2,Columbia,New Jersey,Warren,Knowlton (Township of),40.92458,-75.067815,4,92,92.5,8037
"Allentown-Bethlehem-Easton, PA-NJ",42-077-0004,O3,Allentown,Pennsylvania,Lehigh,Allentown,40.611944,-75.4325,4,91,92.5,5170
"Allentown-Bethlehem-Easton, PA-NJ",42-077-0004,PM2.5,Allentown,Pennsylvania,Lehigh,Allentown,40.611944,-75.4325,4,87,94.0,7612
"Allentown-Bethlehem-Easton, PA-NJ",42-095-0025,NO2,Freemansburg,Pennsylvania,Northampton,Freemansburg,40.628056,-75.341111,4,84,87.5,7341
"Allentown-Bethlehem-Easton, PA-NJ",42-095-0025,O3,Freemansburg,Pennsylvania,Northampton,Freemansburg,40.628056,-75.341111,4,89,96.0,5428
"Allentown-Bethlehem-Easton, PA-NJ",42-095-0025,PM2.5,Freemansburg,Pennsylvania,Northampton,Freemansburg,40.628056,-75.341111,4,95,97.25,8361
"Allentown-Bethlehem-Easton, PA-NJ",42-095-0025,SO2,Freemansburg,Pennsylvania,Northampton,Freemansburg,40.628056,-75.341111,4,93,94.25,8149
"Altoona, PA",42-013-0801,O3,Altoona,Pennsylvania,Blair,Altoona,40.535278,-78.370833,4,57,77.25,4641
"Altoona, PA",42-013-0801,PM2.5,Altoona,Pennsylvania,Blair,Altoona,40.535278,-78.370833,4,89,94.25,7812
"Altoona, PA",42-013-0801,SO2,Altoona,Pennsylvania,Blair,Altoona,40.535278,-78.370833,4,88,90.75,7741
"Amarillo, TX",48-375-0320,PM2.5,Amarillo A&M,Texas,Potter,Amarillo,35.201592,-101.909275,4,87,95.0,7608
"Amarillo, TX",48-375-1025,SO2,Amarillo 24th Avenue,Texas,Potter,Amarillo,35.236745,-101.787378,4,92,95.5,8086
"Amarillo, TX",48-375-1077,SO2,Amarillo Xcel El Rancho,Texas,Potter,Amarillo,35.316482,-101.741719,4,93,95.25,8122
"Amarillo, TX",48-381-9991,O3,Palo Duro,Texas,Randall,,34.8803,-101.6649,4,91,96.75,7741
"Americus, GA",13-261-1001,O3,Leslie,Georgia,Sumter,Leslie (RR name Leslie-DeSoto),31.954286,-84.08101,4,97,99.25,5783
"Anchorage, AK",02-020-0018,CO,GARDEN/TRINITY CHRISTIAN CHURCH,Alaska,Anchorage ,Anchorage,61.205861,-149.824602,4,82,88.25,7230
"Anchorage, AK",02-020-0018,PM10,GARDEN/TRINITY CHRISTIAN CHURCH,Alaska,Anchorage ,Anchorage,61.205861,-149.824602,4,87,93.75,7656
"Anchorage, AK",02-020-0018,PM2.5,GARDEN/TRINITY CHRISTIAN CHURCH,Alaska,Anchorage ,Anchorage,61.205861,-149.824602,4,96,96.0,8406
"Anchorage, AK",02-020-0045,PM10,ON THE ROOF OF THE TUDOR PROFESSIONAL BUILDING,Alaska,Anchorage ,Anchorage,61.181117,-149.834003,4,93,94.75,8204
"Anchorage, AK",02-020-1004,PM10,PARKGATE/EAGLE RIVER,Alaska,Anchorage ,Anchorage,61.3267,-149.569707,4,90,93.5,7920
"Ann Arbor, MI",26-161-0008,O3,"YPSILANTI TOWNER ST, SOUTH;",Michigan,Washtenaw,Ypsilanti,42.240556,-83.599722,4,97,99.0,5514
"Ann Arbor, MI",26-161-0008,PM2.5,"YPSILANTI TOWNER ST, SOUTH;",Michigan,Washtenaw,Ypsilanti,42.240556,-83.599722,4,97,98.5,8508
"Ann Arbor, MI",26-161-9991,O3,Ann Arbor,Michigan,Washtenaw,,42.416636,-83.902185,4,94,97.0,8044
"Appleton, WI",55-087-0009,O3,APPLETON - AAL,Wisconsin,Outagamie,Appleton,44.30738,-88.39509,4,98,99.5,4806
"Appleton, WI",55-087-0009,PM2.5,APPLETON - AAL,Wisconsin,Outagamie,Appleton,44.30738,-88.39509,4,99,99.5,8648
"Appleton, WI",55-087-0015,SO2,Kaukauna,Wisconsin,Outagamie,Kaukauna,44.2893,-88.25219,4,98,98.75,8552
"Ardmore, OK",40-019-0297,PM2.5,HEALDTON,Oklahoma,Carter,Healdton,34.244189,-97.462931,4,87,90.25,7632
"Arkadelphia, AR",05-019-9991,O3,Caddo Valley,Arkansas,Clark,,34.1795,-93.0988,4,90,96.25,7749
"Asheville, NC",37-021-0030,O3,Bent Creek,North Carolina,Buncombe,Bent Creek,35.500102,-82.59986,4,99,99.75,5587
"Asheville, NC",37-021-0034,PM2.5,Board Of Ed. Bldg.,North Carolina,Buncombe,Asheville,35.6062,-82.5844,4,97,97.25,8467
"Asheville, NC",37-087-0008,O3,Waynesville School,North Carolina,Haywood,,35.507224,-82.963625,4,99,99.75,5552
"Asheville, NC",37-087-0013,SO2,Canton,North Carolina,Haywood,West Canton,35.534102,-82.852868,4,92,93.25,8048
"Asheville, NC",37-087-0035,O3,Frying Pan Mountain,North Carolina,Haywood,,35.379167,-82.7925,4,87,96.0,5543
"Asheville, NC",37-087-0036,O3,Purchase Knob,North Carolina,Haywood,Waynesville,35.587144,-83.074156,4,94,98.0,5543
"Ashtabula, OH",39-007-1001,O3,Conneaut,Ohio,Ashtabula,Conneaut,41.959695,-80.572808,4,98,99.5,5509
"Athens, TN",47-107-1002,PM2.5,Athens,Tennessee,McMinn,Athens,35.450115,-84.596195,4,97,97.25,8474
"Athens-Clarke County, GA",13-059-0002,O3,Athens,Georgia,Clarke,Athens (corp name Athens-Clarke County),33.918137,-83.344385,4,99,99.75,5807
"Athens-Clarke County, GA",13-059-0002,PM2.5,Athens,Georgia,Clarke,Athens (corp name Athens-Clarke County),33.918137,-83.344385,4,98,98.25,8564
"Atlanta-Sandy Springs-Roswell, GA",13-067-0003,O3,Kennesaw,Georgia,Cobb,Kennesaw,34.015436,-84.607423,4,99,99.5,5756
"Atlanta-Sandy Springs-Roswell, GA",13-085-0001,O3,Dawsonville,Georgia,Dawson,,34.376227,-84.059506,4,100,100.0,5830
"Atlanta-Sandy Springs-Roswell, GA",13-089-0002,CO,South DeKalb,Georgia,DeKalb,,33.6878,-84.2905,4,91,95.25,7993
"Atlanta-Sandy Springs-Roswell, GA",13-089-0002,NO2,South DeKalb,Georgia,DeKalb,,33.6878,-84.2905,4,55,83.75,4788
"Atlanta-Sandy Springs-Roswell, GA",13-089-0002,O3,South DeKalb,Georgia,DeKalb,,33.6878,-84.2905,4,99,99.25,8542
"Atlanta-Sandy Springs-Roswell, GA",13-089-0002,PM10,South DeKalb,Georgia,DeKalb,,33.6878,-84.2905,4,90,94.75,7876
"Atlanta-Sandy Springs-Roswell, GA",13-089-0002,PM2.5,South DeKalb,Georgia,DeKalb,,33.6878,-84.2905,4,97,98.25,8485
"Atlanta-Sandy Springs-Roswell, GA",13-089-0002,SO2,South DeKalb,Georgia,DeKalb,,33.6878,-84.2905,4,95,96.75,8363
"Atlanta-Sandy Springs-Roswell, GA",13-089-0003,NO2,NR-285,Georgia,DeKalb,Atlanta,33.698643,-84.272614,4,93,96.0,8184
"Atlanta-Sandy Springs-Roswell, GA",13-097-0004,O3,Douglasville,Georgia,Douglas,Douglasville,33.741242,-84.776429,4,99,99.75,5781
"Atlanta-Sandy Springs-Roswell, GA",13-121-0055,O3,United Avenue,Georgia,Fulton,Atlanta,33.720742,-84.357316,4,95,98.0,5550
"Atlanta-Sandy Springs-Roswell, GA",13-121-0055,SO2,United Avenue,Georgia,Fulton,Atlanta,33.720742,-84.357316,4,95,96.5,8290
"Atlanta-Sandy Springs-Roswell, GA",13-121-0056,CO,NR-GA Tech,Georgia,Fulton,Atlanta,33.7784,-84.3914,4,95,96.5,8360
"Atlanta-Sandy Springs-Roswell, GA",13-121-0056,NO2,NR-GA Tech,Georgia,Fulton,Atlanta,33.7784,-84.3914,4,95,96.75,8284
"Atlanta-Sandy Springs-Roswell, GA",13-135-0002,O3,Gwinnett,Georgia,Gwinnett,,33.9632,-84.0691,4,96,99.0,5578
"Atlanta-Sandy Springs-Roswell, GA",13-135-0002,PM2.5,Gwinnett,Georgia,Gwinnett,,33.9632,-84.0691,4,89,96.0,7792
"Atlanta-Sandy Springs-Roswell, GA",13-151-0002,O3,McDonough,Georgia,Henry,McDonough,33.433949,-84.161811,4,94,98.25,5551
"Atlanta-Sandy Springs-Roswell, GA",13-231-9991,O3,Georgia Station,Georgia,Pike,,33.1787,-84.4052,4,95,96.5,7875
"Atlanta-Sandy Springs-Roswell, GA",13-247-0001,O3,Conyers,Georgia,Rockdale,Conyers,33.588545,-84.069608,4,99,99.25,5767
"Atlantic City-Hammonton, NJ",34-001-0006,O3,Brigantine,New Jersey,Atlantic,Galloway (Township of),39.464872,-74.448736,4,92,95.75,8205
"Atlantic City-Hammonton, NJ",34-001-0006,PM2.5,Brigantine,New Jersey,Atlantic,Galloway (Township of),39.464872,-74.448736,4,84,90.5,7366
"Atlantic City-Hammonton, NJ",34-001-0006,SO2,Brigantine,New Jersey,Atlantic,Galloway (Township of),39.464872,-74.448736,4,93,93.25,8161
"Augusta-Richmond County, GA-SC",13-073-0001,O3,Evans,Georgia,Columbia,Evans,33.582044,-82.131249,4,70,92.25,4098
"Augusta-Richmond County, GA-SC",13-245-0091,O3,Augusta,Georgia,Richmond,Augusta,33.4339,-82.0224,4,97,97.75,5639
"Augusta-Richmond County, GA-SC",13-245-0091,PM10,Augusta,Georgia,Richmond,Augusta,33.4339,-82.0224,4,53,84.5,4606
"Augusta-Richmond County, GA-SC",13-245-0091,PM2.5,Augusta,Georgia,Richmond,Augusta,33.4339,-82.0224,4,86,94.0,7510
"Augusta-Richmond County, GA-SC",13-245-0091,SO2,Augusta,Georgia,Richmond,Augusta,33.4339,-82.0224,4,94,96.25,8253
"Augusta-Richmond County, GA-SC",45-003-0003,O3,JACKSON MIDDLE SCHOOL,South Carolina,Aiken,Jackson,33.342226,-81.788731,4,97,99.0,6364
"Augusta-Richmond County, GA-SC",45-037-0001,O3,TRENTON,South Carolina,Edgefield,,33.739963,-81.853635,4,92,98.0,7723
"Augusta-Waterville, ME",23-011-2001,O3,,Maine,Kennebec,Gardiner,44.226737,-69.788656,4,86,94.75,4041
"Austin-Round Rock, TX",48-453-0014,NO2,Austin North Hills Drive,Texas,Travis,Austin,30.354934,-97.761737,4,75,86.5,6566
"Austin-Round Rock, TX",48-453-0014,O3,Austin North Hills Drive,Texas,Travis,Austin,30.354934,-97.761737,4,93,96.75,8301
"Austin-Round Rock, TX",48-453-0014,PM2.5,Austin North Hills Drive,Texas,Travis,Austin,30.354934,-97.761737,4,93,94.25,8110
"Austin-Round Rock, TX",48-453-0014,SO2,Austin North Hills Drive,Texas,Travis,Austin,30.354934,-97.761737,4,76,85.75,6696
"Austin-Round Rock, TX",48-453-0020,O3,Austin Audubon Society,Texas,Travis,Leander,30.483166,-97.872324,4,81,93.5,7614
"Austin-Round Rock, TX",48-453-0021,PM2.5,Austin Webberville Rd,Texas,Travis,Austin,30.263207,-97.712885,4,83,93.0,7255
"Austin-Round Rock, TX",48-453-1068,CO,Austin North Interstate 35,Texas,Travis,Austin,30.35384,-97.691587,4,79,91.5,6877
"Austin-Round Rock, TX",48-453-1068,NO2,Austin North Interstate 35,Texas,Travis,Austin,30.35384,-97.691587,4,76,87.0,6692
"Austin-Round Rock, TX",48-453-1068,PM2.5,Austin North Interstate 35,Texas,Travis,Austin,30.35384,-97.691587,4,95,97.25,8308
"Bakersfield, CA",06-029-0007,NO2,Edison,California,Kern,,35.345607,-118.851825,4,91,94.25,7989
"Bakersfield, CA",06-029-0007,O3,Edison,California,Kern,,35.345607,-118.851825,4,98,98.5,8337
"Bakersfield, CA",06-029-0008,O3,Maricopa,California,Kern,Maricopa,35.051454,-119.40262,4,77,92.5,6561
"Bakersfield, CA",06-029-0010,PM2.5,Bakersfield-Golden / M St,California,Kern,Bakersfield,35.385574,-119.015009,4,86,94.25,7576
"Bakersfield, CA",06-029-0014,NO2,Bakersfield-California,California,Kern,Bakersfield,35.356615,-119.062613,4,77,90.0,6728
"Bakersfield, CA",06-029-0014,O3,Bakersfield-California,California,Kern,Bakersfield,35.356615,-119.062613,4,98,98.75,8233
"Bakersfield, CA",06-029-0014,PM10,Bakersfield-California,California,Kern,Bakersfield,35.356615,-119.062613,4,91,96.25,7951
"Bakersfield, CA",06-029-0017,PM10,Canebrake,California,Kern,,35.72771,-118.13774,4,86,91.0,7530
"Bakersfield, CA",06-029-0018,PM10,Ridgecrest-Ward,California,Kern,Ridgecrest,35.642943,-117.715066,4,98,98.5,8595
"Bakersfield, CA",06-029-0018,PM2.5,Ridgecrest-Ward,California,Kern,Ridgecrest,35.642943,-117.715066,4,96,97.25,8393
"Bakersfield, CA",06-029-0232,O3,Oildale,California,Kern,Oildale,35.438035,-119.016787,4,85,94.75,7160
"Bakersfield, CA",06-029-0232,PM10,Oildale,California,Kern,Oildale,35.438035,-119.016787,4,96,97.5,8419
"Bakersfield, CA",06-029-2012,CO,Bakersfield-Muni,California,Kern,Bakersfield,35.331612,-118.999961,4,91,92.25,8020
"Bakersfield, CA",06-029-2012,NO2,Bakersfield-Muni,California,Kern,Bakersfield,35.331612,-118.999961,4,90,91.75,7872
"Bakersfield, CA",06-029-2012,O3,Bakersfield-Muni,California,Kern,Bakersfield,35.331612,-118.999961,4,91,94.0,7659
"Bakersfield, CA",06-029-2019,NO2,Bakersfield-Westwind,California,Kern,Bakersfield,35.376953,-119.043889,4,83,92.75,7283
"Bakersfield, CA",06-029-5002,O3,Arvin-Di Giorgio,California,Kern,Arvin,35.23918,-118.78863,4,94,95.75,8115
"Bakersfield, CA",06-029-6001,NO2,Shafter,California,Kern,Shafter,35.503587,-119.272606,4,87,91.0,7658
"Bakersfield, CA",06-029-6001,O3,Shafter,California,Kern,Shafter,35.503587,-119.272606,4,93,97.0,8022
"Baltimore-Columbia-Towson, MD",24-005-0009,NO2,Baltimore County Near Road,Maryland,Baltimore,Lochearn,39.371679,-76.746814,4,97,98.0,8482
"Baltimore-Columbia-Towson, MD",24-005-1007,O3,Padonia,Maryland,Baltimore,Cockeysville,39.460478,-76.633543,4,98,98.75,5740
"Baltimore-Columbia-Towson, MD",24-005-1007,PM2.5,Padonia,Maryland,Baltimore,Cockeysville,39.460478,-76.633543,4,93,95.75,8140
"Baltimore-Columbia-Towson, MD",24-005-3001,CO,Essex,Maryland,Baltimore,Essex,39.310833,-76.474444,4,73,87.25,6403
"Baltimore-Columbia-Towson, MD",24-005-3001,NO2,Essex,Maryland,Baltimore,Essex,39.310833,-76.474444,4,96,97.25,8430
"Baltimore-Columbia-Towson, MD",24-005-3001,O3,Essex,Maryland,Baltimore,Essex,39.310833,-76.474444,4,92,96.75,8217
"Baltimore-Columbia-Towson, MD",24-005-3001,SO2,Essex,Maryland,Baltimore,Essex,39.310833,-76.474444,4,93,94.25,8138
"Baltimore-Columbia-Towson, MD",24-013-0001,O3,South Carroll,Maryland,Carroll,,39.444294,-77.042252,4,99,99.25,5821
"Baltimore-Columbia-Towson, MD",24-025-1001,O3,Edgewood,Maryland,Harford,Edgewood,39.410191,-76.296946,4,84,95.0,4931
"Baltimore-Columbia-Towson, MD",24-025-1001,PM2.5,Edgewood,Maryland,Harford,Edgewood,39.410191,-76.296946,4,94,95.5,8259
"Baltimore-Columbia-Towson, MD",24-025-9001,O3,Aldino,Maryland,Harford,,39.563333,-76.203889,4,99,99.5,5790
"Baltimore-Columbia-Towson, MD",24-027-0006,CO,Howard County Near Road,Maryland,Howard,North Laurel,39.14313,-76.84611,4,85,91.75,7433
"Baltimore-Columbia-Towson, MD",24-027-0006,NO2,Howard County Near Road,Maryland,Howard,North Laurel,39.14313,-76.84611,4,91,93.25,7992
"Baltimore-Columbia-Towson, MD",24-027-0006,PM2.5,Howard County Near Road,Maryland,Howard,North Laurel,39.14313,-76.84611,4,85,94.0,7439
"Bangor, ME",23-019-0017,PM2.5,Mary Snow School,Maine,Penobscot,Bangor,44.817398,-68.772762,4,69,90.25,6052
"Bangor, ME",23-019-4008,O3,WLBZ TV Transmitter Building - Summit of Rider Bluff,Maine,Penobscot,,44.735978,-68.670752,4,98,98.75,5167
"Baraboo, WI",55-111-0007,O3,DEVILS LAKE PARK,Wisconsin,Sauk,,43.4351,-89.67979,4,98,99.25,4804
"Baraboo, WI",55-111-0007,PM10,DEVILS LAKE PARK,Wisconsin,Sauk,,43.4351,-89.67979,4,98,98.75,8622
"Baraboo, WI",55-111-0007,PM2.5,DEVILS LAKE PARK,Wisconsin,Sauk,,43.4351,-89.67979,4,98,99.25,8622
"Barnstable Town, MA",25-001-0002,O3,TRURO NATIONAL SEASHORE,Massachusetts,Barnstable,Truro,41.975804,-70.023598,4,96,97.0,8224
"Baton Rouge, LA",22-005-0004,NO2,Dutchtown,Louisiana,Ascension,,30.229653,-90.965628,4,90,94.0,7923
"Baton Rouge, LA",22-005-0004,O3,Dutchtown,Louisiana,Ascension,,30.229653,-90.965628,4,95,96.75,8256
"Baton Rouge, LA",22-033-0003,O3,LSU,Louisiana,East Baton Rouge,Baton Rouge,30.419805,-91.182016,4,94,97.5,8172
"Baton Rouge, LA",22-033-0009,CO,Capitol,Louisiana,East Baton Rouge,Baton Rouge,30.461981,-91.179219,4,71,81.25,6206
"Baton Rouge, LA",22-033-0009,NO2,Capitol,Louisiana,East Baton Rouge,Baton Rouge,30.461981,-91.179219,4,84,90.0,7338
"Baton Rouge, LA",22-033-0009,O3,Capitol,Louisiana,East Baton Rouge,Baton Rouge,30.461981,-91.179219,4,97,98.5,8409
"Baton Rouge, LA",22-033-0009,PM10,Capitol,Louisiana,East Baton Rouge,Baton Rouge,30.461981,-91.179219,4,97,97.25,8487
"Baton Rouge, LA",22-033-0009,PM2.5,Capitol,Louisiana,East Baton Rouge,Baton Rouge,30.461981,-91.179219,4,94,95.75,8267
"Baton Rouge, LA",22-033-0009,SO2,Capitol,Louisiana,East Baton Rouge,Baton Rouge,30.461981,-91.179219,4,94,96.75,8222
"Baton Rouge, LA",22-033-0013,NO2,Pride,Louisiana,East Baton Rouge,,30.700895,-91.056068,4,94,95.75,8266
"Baton Rouge, LA",22-033-0013,O3,Pride,Louisiana,East Baton Rouge,,30.700895,-91.056068,4,98,98.5,8469
"Baton Rouge, LA",22-047-0009,NO2,Bayou Plaquemine,Louisiana,Iberville,,30.221255,-91.315418,4,93,95.25,8164
"Baton Rouge, LA",22-047-0009,O3,Bayou Plaquemine,Louisiana,Iberville,,30.221255,-91.315418,4,96,97.25,8339
"Baton Rouge, LA",22-047-0012,O3,Carville,Louisiana,Iberville,St. Gabriel,30.204218,-91.126041,4,93,95.5,8122
"Baton Rouge, LA",22-063-0002,NO2,French Settlement,Louisiana,Livingston,French Settlement,30.315406,-90.811383,4,82,89.25,7160
"Baton Rouge, LA",22-063-0002,O3,French Settlement,Louisiana,Livingston,French Settlement,30.315406,-90.811383,4,86,94.75,7594
"Baton Rouge, LA",22-077-0001,O3,New Roads,Louisiana,Pointe Coupee,New Roads,30.681718,-91.366247,4,95,97.75,8237
"Baton Rouge, LA",22-121-0001,NO2,Port Allen,Louisiana,West Baton Rouge,,30.500642,-91.213556,4,90,93.5,7923
"Baton Rouge, LA",22-121-0001,O3,Port Allen,Louisiana,West Baton Rouge,,30.500642,-91.213556,4,98,98.25,8449
"Baton Rouge, LA",22-121-0001,SO2,Port Allen,Louisiana,West Baton Rouge,,30.500642,-91.213556,4,92,95.0,8086
"Bay City, MI",26-017-0014,PM2.5,"BAY CITY -JENISON ST ABOUT 70 FT WEST, 2 LANE RESIDENTIAL",Michigan,Bay,Bay City,43.571391,-83.890721,4,98,98.75,8542
"Beatrice, NE",31-067-0005,PM2.5,,Nebraska,Gage,Beatrice,40.285,-96.824166,4,52,76.75,4526
"Beaumont-Port Arthur, TX",48-245-0009,NO2,Beaumont Downtown,Texas,Jefferson,Beaumont,30.036481,-94.071074,4,95,96.5,8313
"Beaumont-Port Arthur, TX",48-245-0009,O3,Beaumont Downtown,Texas,Jefferson,Beaumont,30.036481,-94.071074,4,93,95.5,8083
"Beaumont-Port Arthur, TX",48-245-0009,SO2,Beaumont Downtown,Texas,Jefferson,Beaumont,30.036481,-94.071074,4,93,95.5,8147
"Beaumont-Port Arthur, TX",48-245-0011,O3,Port Arthur West,Texas,Jefferson,Port Arthur,29.897514,-93.991087,4,84,92.25,7457
"Beaumont-Port Arthur, TX",48-245-0011,SO2,Port Arthur West,Texas,Jefferson,Port Arthur,29.897514,-93.991087,4,93,95.75,8151
"Beaumont-Port Arthur, TX",48-245-0021,PM2.5,Port Arthur Memorial School,Texas,Jefferson,Port Arthur,29.922894,-93.909018,4,96,97.0,8366
"Beaumont-Port Arthur, TX",48-245-0022,NO2,Hamshire,Texas,Jefferson,,29.863962,-94.317802,4,79,86.75,6915
"Beaumont-Port Arthur, TX",48-245-0022,O3,Hamshire,Texas,Jefferson,,29.863962,-94.317802,4,82,91.25,7126
"Beaumont-Port Arthur, TX",48-245-0022,PM2.5,Hamshire,Texas,Jefferson,,29.863962,-94.317802,4,78,92.0,6810
"Beaumont-Port Arthur, TX",48-245-0101,O3,SETRPC  40  Sabine Pass,Texas,Jefferson,Port Arthur,29.727931,-93.894081,4,88,92.25,8053
"Beaumont-Port Arthur, TX",48-245-0102,O3,SETRPC 43 Jefferson Co Airport,Texas,Jefferson,Port Arthur,29.9425,-94.000556,4,92,96.0,8034
"Beaumont-Port Arthur, TX",48-245-1035,NO2,Nederland 17th Street,Texas,Jefferson,Nederland,29.979975,-94.004778,4,52,76.0,4590
"Beaumont-Port Arthur, TX",48-245-1035,O3,Nederland 17th Street,Texas,Jefferson,Nederland,29.979975,-94.004778,4,57,84.0,5029
"Beaumont-Port Arthur, TX",48-245-1071,SO2,Port Arthur West 7th Street Gate 2,Texas,Jefferson,Port Arthur,29.844108,-93.965253,4,77,88.75,6786
"Beaumont-Port Arthur, TX",48-361-1001,NO2,West Orange,Texas,Orange,West Orange,30.085258,-93.761366,4,92,94.5,8034
"Beaumont-Port Arthur, TX",48-361-1001,O3,West Orange,Texas,Orange,West Orange,30.085258,-93.761366,4,95,96.75,8210
"Beaumont-Port Arthur, TX",48-361-1083,SO2,Orange 1st Street,Texas,Orange,Orange,30.153784,-93.725958,4,80,88.0,7015
"Beaumont-Port Arthur, TX",48-361-1100,PM2.5,,Texas,Orange,West Orange,30.194167,-93.866944,4,89,93.75,7782
"Beaver Dam, WI",55-027-0001,CO,HORICON WILDLIFE AREA,Wisconsin,Dodge,Kekoskee,43.46611,-88.62111,4,93,93.5,8129
"Beaver Dam, WI",55-027-0001,O3,HORICON WILDLIFE AREA,Wisconsin,Dodge,Kekoskee,43.46611,-88.62111,4,99,99.5,8552
"Beaver Dam, WI",55-027-0001,PM10,HORICON WILDLIFE AREA,Wisconsin,Dodge,Kekoskee,43.46611,-88.62111,4,100,100.0,8721
"Beaver Dam, WI",55-027-0001,PM2.5,HORICON WILDLIFE AREA,Wisconsin,Dodge,Kekoskee,43.46611,-88.62111,4,100,100.0,8721
"Beaver Dam, WI",55-027-0001,SO2,HORICON WILDLIFE AREA,Wisconsin,Dodge,Kekoskee,43.46611,-88.62111,4,92,92.25,8018
"Bellingham, WA",53-073-0005,O3,CUSTER - LOOMIS,Washington,Whatcom,Custer,48.95074,-122.55441,4,88,95.25,3191
"Bellingham, WA",53-073-0013,SO2,Ferndale-Kickerville Rd,Washington,Whatcom,Ferndale,48.855274,-122.7047,4,93,94.0,8108
"Bellingham, WA",53-073-0017,SO2,Ferndale-Mountain View Rd,Washington,Whatcom,Ferndale,48.848065,-122.688888,4,95,96.5,8295
"Bellingham, WA",53-073-0019,PM2.5,Bellingham-Pacific St,Washington,Whatcom,Bellingham,48.760036,-122.456463,4,80,90.0,7042
"Bemidji, MN",27-007-2304,PM2.5,Red Lake Nation,Minnesota,Beltrami,Red Lake,47.878159,-95.029172,4,93,96.5,8184
"Bennington, VT",50-003-0004,O3,Morse Airport - State of Vermont Property,Vermont,Bennington,Bennington,42.88759,-73.24984,4,96,98.75,8139
"Bennington, VT",50-003-0004,PM2.5,Morse Airport - State of Vermont Property,Vermont,Bennington,Bennington,42.88759,-73.24984,4,91,97.0,8013
"Berlin, NH-VT",33-007-4002,O3,"CAMP DODGE, GREENS GRANT",New Hampshire,Coos,,44.308132,-71.217639,4,98,99.0,4988
"Big Spring, TX",48-227-1072,SO2,Big Spring Midway,Texas,Howard,Big Spring,32.280436,-101.407134,4,73,90.5,6430
"Billings, MT",30-111-0066,SO2,COBURN ROAD,Montana,Yellowstone,,45.786579,-108.45878,4,87,95.0,7611
"Billings, MT",30-111-0087,PM2.5,Billings Lockwood,Montana,Yellowstone,Billings,45.806311,-108.425978,4,93,96.5,8179
"Birmingham-Hoover, AL",01-073-0023,CO,North Birmingham,Alabama,Jefferson,Birmingham,33.553056,-86.815,4,91,92.25,7934
"Birmingham-Hoover, AL",01-073-0023,NO2,North Birmingham,Alabama,Jefferson,Birmingham,33.553056,-86.815,4,87,90.25,7653
"Birmingham-Hoover, AL",01-073-0023,O3,North Birmingham,Alabama,Jefferson,Birmingham,33.553056,-86.815,4,93,95.75,8082
"Birmingham-Hoover, AL",01-073-0023,PM10,North Birmingham,Alabama,Jefferson,Birmingham,33.553056,-86.815,4,94,96.75,8275
"Birmingham-Hoover, AL",01-073-0023,SO2,North Birmingham,Alabama,Jefferson,Birmingham,33.553056,-86.815,4,89,92.0,7790
"Birmingham-Hoover, AL",01-073-1005,O3,McAdory,Alabama,Jefferson,,33.331111,-87.003611,4,75,92.5,4269
"Birmingham-Hoover, AL",01-073-1010,O3,Leeds,Alabama,Jefferson,Leeds,33.545278,-86.549167,4,91,96.75,5275
"Birmingham-Hoover, AL",01-073-2003,PM10,Wylam,Alabama,Jefferson,Birmingham,33.499722,-86.924167,4,99,99.0,8640
"Birmingham-Hoover, AL",01-073-6002,O3,Tarrant Elementary School,Alabama,Jefferson,Tarrant (corporate name for Tarrant City),33.578333,-86.773889,4,98,99.0,5633
"Birmingham-Hoover, AL",01-073-6002,PM10,Tarrant Elementary School,Alabama,Jefferson,Tarrant (corporate name for Tarrant City),33.578333,-86.773889,4,93,96.25,8139
"Birmingham-Hoover, AL",01-117-0004,O3,HELENA,Alabama,Shelby,Helena,33.317142,-86.825754,4,97,99.0,5479
"Birmingham-Hoover, AL",01-117-9001,SO2,"Lhoist, Montevallo Plant",Alabama,Shelby,Calera,33.0928,-86.8072,4,91,92.75,7929
"Bishop, CA",06-027-0002,CO,WMRC/NCORE,California,Inyo,,37.360684,-118.330783,4,83,88.0,7289
"Bishop, CA",06-027-0002,O3,WMRC/NCORE,California,Inyo,,37.360684,-118.330783,4,78,93.0,6765
"Bishop, CA",06-027-0002,PM10,WMRC/NCORE,California,Inyo,,37.360684,-118.330783,4,96,97.0,8402
"Bishop, CA",06-027-0002,PM2.5,WMRC/NCORE,California,Inyo,,37.360684,-118.330783,4,96,97.25,8402
"Bishop, CA",06-027-0002,SO2,WMRC/NCORE,California,Inyo,,37.360684,-118.330783,4,68,87.25,5946
"Bishop, CA",06-027-0022,PM10,Dirty Socks,California,Inyo,,36.326172,-117.95512,4,97,98.25,8510
"Bishop, CA",06-027-0023,PM10,Olancha-Well 404,California,Inyo,Olancha,36.280597,-118.011661,4,98,98.5,8586
"Bishop, CA",06-027-0025,PM10,Shell Cut,California,Inyo,,36.366319,-117.897609,4,98,98.25,8566
"Bishop, CA",06-027-0026,PM10,Bill Stanley,California,Inyo,,36.361932,-118.01068,4,97,98.0,8521
"Bishop, CA",06-027-0028,PM10,Lizard Tail,California,Inyo,,36.54314,-117.941827,4,92,96.5,8074
"Bishop, CA",06-027-0029,PM10,North Beach,California,Inyo,,36.542229,-117.990067,4,95,97.0,8339
"Bishop, CA",06-027-0030,PM10,Mill Site,California,Inyo,,36.458104,-117.851888,4,98,98.25,8546
"Bishop, CA",06-027-0031,PM10,Lone Pine,California,Inyo,,36.607215,-118.05473,4,97,98.0,8475
"Bishop, CA",06-027-0101,O3,Death Valley NP - Park Village,California,Inyo,,36.508611,-116.847778,4,95,97.0,8482
"Bishop, CA",06-027-1001,PM10,Coso Junction,California,Inyo,,36.049402,-117.943927,4,98,98.5,8587
"Bishop, CA",06-027-1003,PM10,Keeler,California,Inyo,Keeler,36.487823,-117.871036,4,98,98.75,8553
"Bishop, CA",06-027-1003,PM2.5,Keeler,California,Inyo,Keeler,36.487823,-117.871036,4,97,98.0,8537
"Bishop, CA",06-027-1023,O3,Bishop Tribe EMO,California,Inyo,Bishop,37.362137,-118.417478,4,52,67.0,4458
"Bishop, CA",06-027-1023,PM10,Bishop Tribe EMO,California,Inyo,Bishop,37.362137,-118.417478,4,85,93.75,7503
"Bishop, CA",06-027-1023,PM2.5,Bishop Tribe EMO,California,Inyo,Bishop,37.362137,-118.417478,4,94,97.25,8259
"Bishop, CA",06-027-1028,PM10,Fort Independence Indian Community,California,Inyo,Independence,36.834957,-118.226677,4,52,80.0,4577
"Bishop, CA",06-027-1033,PM2.5,Stn.1 Big Pine Paiute site,California,Inyo,Big Pine,37.155494,-118.293547,4,55,77.25,4795
"Bismarck, ND",38-015-0003,CO,BISMARCK RESIDENTIAL,North Dakota,Burleigh,Bismarck,46.825425,-100.76821,4,84,90.25,7355
"Bismarck, ND",38-015-0003,NO2,BISMARCK RESIDENTIAL,North Dakota,Burleigh,Bismarck,46.825425,-100.76821,4,97,98.25,8530
"Bismarck, ND",38-015-0003,O3,BISMARCK RESIDENTIAL,North Dakota,Burleigh,Bismarck,46.825425,-100.76821,4,71,82.75,7261
"Bismarck, ND",38-015-0003,PM10,BISMARCK RESIDENTIAL,North Dakota,Burleigh,Bismarck,46.825425,-100.76821,4,88,94.25,7687
"Bismarck, ND",38-015-0003,PM2.5,BISMARCK RESIDENTIAL,North Dakota,Burleigh,Bismarck,46.825425,-100.76821,4,88,95.25,7687
"Bismarck, ND",38-015-0003,SO2,BISMARCK RESIDENTIAL,North Dakota,Burleigh,Bismarck,46.825425,-100.76821,4,96,96.75,8385
"Bismarck, ND",38-065-0002,NO2,HANNOVER,North Dakota,Oliver,,47.185833,-101.428056,4,94,96.75,8249
"Bismarck, ND",38-065-0002,O3,HANNOVER,North Dakota,Oliver,,47.185833,-101.428056,4,58,88.5,8360
"Bismarck, ND",38-065-0002,PM2.5,HANNOVER,North Dakota,Oliver,,47.185833,-101.428056,4,97,98.25,8536
"Bismarck, ND",38-065-0002,SO2,HANNOVER,North Dakota,Oliver,,47.185833,-101.428056,4,93,96.0,8182
"Blacksburg-Christiansburg-Radford, VA",51-071-0007,SO2,,Virginia,Giles,,37.3863,-80.6539,4,86,88.75,7567
"Blacksburg-Christiansburg-Radford, VA",51-071-9992,O3,Blue Grass Trail,Virginia,Giles,,37.3232,-80.4572,4,92,97.25,7837
"Bloomington, IL",17-113-2003,O3,ISU HARRIS PHYSICAL PLANT,Illinois,McLean,Normal,40.518735,-88.996896,4,100,100.0,5825
"Bloomington, IL",17-113-2003,PM2.5,ISU HARRIS PHYSICAL PLANT,Illinois,McLean,Normal,40.518735,-88.996896,4,99,99.75,8713
"Bloomington, IN",18-055-0001,O3,"Plummer, 2500 S. W- Citizens gas Plummer maintenance faciliy",Indiana,Greene,,38.985477,-86.990419,4,94,96.0,8205
"Bloomington, IN",18-105-0003,PM2.5,Bloomington- Binford Elementary School,Indiana,Monroe,Bloomington,39.159383,-86.504762,4,92,96.0,8049
"Boise City, ID",16-001-0010,CO,Meridian - St. Luke's,Idaho,Ada,,43.600699,-116.347853,4,96,98.25,8431
"Boise City, ID",16-001-0010,NO2,Meridian - St. Luke's,Idaho,Ada,,43.600699,-116.347853,4,94,97.0,8216
"Boise City, ID",16-001-0010,O3,Meridian - St. Luke's,Idaho,Ada,,43.600699,-116.347853,4,94,97.0,8436
"Boise City, ID",16-001-0010,SO2,Meridian - St. Luke's,Idaho,Ada,,43.600699,-116.347853,4,97,97.75,8497
"Boise City, ID",16-001-0017,O3,Boise - White Pine Elementary,Idaho,Ada,Boise (corporate name Boise City),43.577603,-116.178156,4,90,94.25,3956
"Borger, TX",48-233-1073,SO2,Borger FM 1559,Texas,Hutchinson,Borger,35.676028,-101.44004,4,82,93.5,7219
"Boston-Cambridge-Newton, MA-NH",25-009-2006,NO2,LYNN WATER TREATMENT PLANT,Massachusetts,Essex,Lynn,42.474642,-70.970816,4,66,85.75,5791
"Boston-Cambridge-Newton, MA-NH",25-009-2006,O3,LYNN WATER TREATMENT PLANT,Massachusetts,Essex,Lynn,42.474642,-70.970816,4,95,97.75,8359
"Boston-Cambridge-Newton, MA-NH",25-009-2006,PM2.5,LYNN WATER TREATMENT PLANT,Massachusetts,Essex,Lynn,42.474642,-70.970816,4,73,92.25,6405
"Boston-Cambridge-Newton, MA-NH",25-017-0009,O3,USEPA REGION 1 LAB,Massachusetts,Middlesex,Chelmsford (Chelmsford Center),42.62668,-71.362068,4,83,94.25,6613
"Boston-Cambridge-Newton, MA-NH",25-017-0010,NO2,ChelmsfordNR,Massachusetts,Middlesex,Chelmsford (Chelmsford Center),42.612085,-71.306986,4,95,95.0,8286
"Boston-Cambridge-Newton, MA-NH",25-017-0010,O3,ChelmsfordNR,Massachusetts,Middlesex,Chelmsford (Chelmsford Center),42.612085,-71.306986,4,93,97.0,8100
"Boston-Cambridge-Newton, MA-NH",25-017-0010,PM2.5,ChelmsfordNR,Massachusetts,Middlesex,Chelmsford (Chelmsford Center),42.612085,-71.306986,4,99,99.5,8706
"Boston-Cambridge-Newton, MA-NH",25-021-2005,NO2,,Massachusetts,Norfolk,Weymouth,42.241229,-70.963346,4,71,88.5,6249
"Boston-Cambridge-Newton, MA-NH",25-021-2005,O3,,Massachusetts,Norfolk,Weymouth,42.241229,-70.963346,4,86,95.25,6510
"Boston-Cambridge-Newton, MA-NH",25-021-2005,PM2.5,,Massachusetts,Norfolk,Weymouth,42.241229,-70.963346,4,74,93.5,6516
"Boston-Cambridge-Newton, MA-NH",25-021-3003,NO2,BLUE HILL OBSERVATORY,Massachusetts,Norfolk,Milton,42.211774,-71.11397,4,92,93.0,8059
"Boston-Cambridge-Newton, MA-NH",25-021-3003,O3,BLUE HILL OBSERVATORY,Massachusetts,Norfolk,Milton,42.211774,-71.11397,4,80,93.75,7333
"Boston-Cambridge-Newton, MA-NH",25-023-0005,O3,Brockton Buckley,Massachusetts,Plymouth,Brockton,42.065106,-71.012129,4,96,98.25,8358
"Boston-Cambridge-Newton, MA-NH",25-023-0005,PM2.5,Brockton Buckley,Massachusetts,Plymouth,Brockton,42.065106,-71.012129,4,90,96.0,7910
"Boston-Cambridge-Newton, MA-NH",25-025-0002,NO2,BOSTON KENMORE SQ,Massachusetts,Suffolk,Boston,42.348873,-71.097163,4,94,94.75,8217
"Boston-Cambridge-Newton, MA-NH",25-025-0002,PM2.5,BOSTON KENMORE SQ,Massachusetts,Suffolk,Boston,42.348873,-71.097163,4,97,99.0,8515
"Boston-Cambridge-Newton, MA-NH",25-025-0002,SO2,BOSTON KENMORE SQ,Massachusetts,Suffolk,Boston,42.348873,-71.097163,4,80,90.5,7037
"Boston-Cambridge-Newton, MA-NH",25-025-0042,CO,DUDLEY SQUARE ROXBURY,Massachusetts,Suffolk,Boston,42.3295,-71.0826,4,63,82.0,5512
"Boston-Cambridge-Newton, MA-NH",25-025-0042,NO2,DUDLEY SQUARE ROXBURY,Massachusetts,Suffolk,Boston,42.3295,-71.0826,4,80,84.5,7049
"Boston-Cambridge-Newton, MA-NH",25-025-0042,O3,DUDLEY SQUARE ROXBURY,Massachusetts,Suffolk,Boston,42.3295,-71.0826,4,86,93.75,7469
"Boston-Cambridge-Newton, MA-NH",25-025-0042,PM2.5,DUDLEY SQUARE ROXBURY,Massachusetts,Suffolk,Boston,42.3295,-71.0826,4,99,99.5,8630
"Boston-Cambridge-Newton, MA-NH",25-025-0042,SO2,DUDLEY SQUARE ROXBURY,Massachusetts,Suffolk,Boston,42.3295,-71.0826,4,92,93.75,8038
"Boston-Cambridge-Newton, MA-NH",25-025-0044,NO2,VON HILLERN ST,Massachusetts,Suffolk,Boston,42.325186,-71.056061,4,93,93.75,8134
"Boston-Cambridge-Newton, MA-NH",25-025-0044,PM2.5,VON HILLERN ST,Massachusetts,Suffolk,Boston,42.325186,-71.056061,4,98,98.5,8558
"Boston-Cambridge-Newton, MA-NH",25-025-1004,PM2.5,,Massachusetts,Suffolk,Chelsea,42.387222,-71.026111,4,71,91.25,6236
"Boston-Cambridge-Newton, MA-NH",33-015-0014,O3,PORTSMOUTH - PEIRCE ISLAND,New Hampshire,Rockingham,Portsmouth,43.075371,-70.748017,4,96,97.75,8471
"Boston-Cambridge-Newton, MA-NH",33-015-0014,PM10,PORTSMOUTH - PEIRCE ISLAND,New Hampshire,Rockingham,Portsmouth,43.075371,-70.748017,4,94,96.75,8259
"Boston-Cambridge-Newton, MA-NH",33-015-0014,PM2.5,PORTSMOUTH - PEIRCE ISLAND,New Hampshire,Rockingham,Portsmouth,43.075371,-70.748017,4,94,98.0,8258
"Boston-Cambridge-Newton, MA-NH",33-015-0014,SO2,PORTSMOUTH - PEIRCE ISLAND,New Hampshire,Rockingham,Portsmouth,43.075371,-70.748017,4,96,97.25,8378
"Boston-Cambridge-Newton, MA-NH",33-015-0016,O3,SEACOAST SCIENCE CENTER,New Hampshire,Rockingham,Rye,43.045269,-70.713958,4,88,94.75,4553
"Boston-Cambridge-Newton, MA-NH",33-015-0018,CO,MOOSEHILL SCHOOL,New Hampshire,Rockingham,Londonderry,42.862531,-71.38014,4,87,91.25,7592
"Boston-Cambridge-Newton, MA-NH",33-015-0018,O3,MOOSEHILL SCHOOL,New Hampshire,Rockingham,Londonderry,42.862531,-71.38014,4,96,97.75,8407
"Boston-Cambridge-Newton, MA-NH",33-015-0018,PM10,MOOSEHILL SCHOOL,New Hampshire,Rockingham,Londonderry,42.862531,-71.38014,4,96,97.75,8388
"Boston-Cambridge-Newton, MA-NH",33-015-0018,PM2.5,MOOSEHILL SCHOOL,New Hampshire,Rockingham,Londonderry,42.862531,-71.38014,4,96,97.75,8384
"Boston-Cambridge-Newton, MA-NH",33-015-0018,SO2,MOOSEHILL SCHOOL,New Hampshire,Rockingham,Londonderry,42.862531,-71.38014,4,87,90.75,7651
"Boulder, CO",08-013-0003,PM2.5,LONGMONT - MUNICIPAL BLDG,Colorado,Boulder,Longmont,40.164576,-105.100856,4,93,97.25,8166
"Boulder, CO",08-013-0014,O3,Boulder Reservoir,Colorado,Boulder,Boulder,40.070016,-105.220238,4,92,96.75,8091
"Bowling Green, KY",21-061-0501,O3,Mammoth Cave NP,Kentucky,Edmonson,,37.13179,-86.142953,4,98,98.5,8227
"Bowling Green, KY",21-227-0009,O3,ED SPEAR PARK (SMITHS GROVE),Kentucky,Warren,Smiths Grove,37.04926,-86.21487,4,98,98.75,5519
"Bowling Green, KY",21-227-0009,PM2.5,ED SPEAR PARK (SMITHS GROVE),Kentucky,Warren,Smiths Grove,37.04926,-86.21487,4,98,98.75,8616
"Bozeman, MT",30-031-0017,CO,West Yellowstone Park Ent #2,Montana,Gallatin,,44.657014,-111.089618,4,73,79.75,6402
"Bozeman, MT",30-031-0017,NO2,West Yellowstone Park Ent #2,Montana,Gallatin,,44.657014,-111.089618,4,85,90.75,7463
"Bozeman, MT",30-031-0017,PM2.5,West Yellowstone Park Ent #2,Montana,Gallatin,,44.657014,-111.089618,4,92,95.0,8093
"Brainerd, MN",27-021-3410,PM2.5,Leech Lake Nation:,Minnesota,Cass,Cass Lake,47.38443,-94.60166,4,96,97.5,8405
"Brainerd, MN",27-035-3204,O3,Brainerd Lakes Regional Airport,Minnesota,Crow Wing,Brainerd,46.39674,-94.1303,4,94,98.5,5464
"Brainerd, MN",27-035-3204,PM2.5,Brainerd Lakes Regional Airport,Minnesota,Crow Wing,Brainerd,46.39674,-94.1303,4,89,94.75,7813
"Bremerton-Silverdale, WA",53-035-0007,PM2.5,Bremerton-Spruce Ave,Washington,Kitsap,Bremerton,47.592675,-122.627397,4,96,97.5,8428
"Bridgeport-Stamford-Norwalk, CT",09-001-0010,PM10,Roosevelt School-Bridgeport,Connecticut,Fairfield,Bridgeport,41.170833,-73.194722,4,99,99.25,8674
"Bridgeport-Stamford-Norwalk, CT",09-001-0010,PM2.5,Roosevelt School-Bridgeport,Connecticut,Fairfield,Bridgeport,41.170833,-73.194722,4,99,99.25,8674
"Bridgeport-Stamford-Norwalk, CT",09-001-0010,SO2,Roosevelt School-Bridgeport,Connecticut,Fairfield,Bridgeport,41.170833,-73.194722,4,92,94.0,8037
"Bridgeport-Stamford-Norwalk, CT",09-001-0017,O3,Greenwich Point Park,Connecticut,Fairfield,Greenwich (Town of),41.004657,-73.585128,4,94,96.75,4693
"Bridgeport-Stamford-Norwalk, CT",09-001-1123,O3,Western Conn State Univ,Connecticut,Fairfield,Danbury,41.399167,-73.443056,4,96,97.5,4758
"Bridgeport-Stamford-Norwalk, CT",09-001-1123,PM2.5,Western Conn State Univ,Connecticut,Fairfield,Danbury,41.399167,-73.443056,4,98,98.75,8576
"Bridgeport-Stamford-Norwalk, CT",09-001-3007,O3,USCG Lighthouse,Connecticut,Fairfield,Stratford (Town of),41.1525,-73.103056,4,87,95.25,4313
"Bridgeport-Stamford-Norwalk, CT",09-001-9003,NO2,Sherwood Island Connector,Connecticut,Fairfield,Westport,41.118333,-73.336667,4,90,93.5,7892
"Bridgeport-Stamford-Norwalk, CT",09-001-9003,O3,Sherwood Island Connector,Connecticut,Fairfield,Westport,41.118333,-73.336667,4,96,97.5,4708
"Brookings, SD",46-011-0003,O3,Research Farm,South Dakota,Brookings,,44.348604,-96.807299,4,85,92.5,7422
"Brookings, SD",46-011-0003,PM10,Research Farm,South Dakota,Brookings,,44.348604,-96.807299,4,91,95.75,8008
"Brookings, SD",46-011-0003,PM2.5,Research Farm,South Dakota,Brookings,,44.348604,-96.807299,4,93,95.5,8160
"Brownsville-Harlingen, TX",48-061-1023,O3,Harlingen Teege,Texas,Cameron,Harlingen,26.20034,-97.712693,4,95,97.75,8351
"Brownsville-Harlingen, TX",48-061-2004,PM2.5,Isla Blanca State Park Road,Texas,Cameron,South Padre Island,26.071097,-97.15773,4,87,92.75,7659
"Brunswick, GA",13-127-0006,O3,Brunswick,Georgia,Glynn,Brunswick,31.169805,-81.495035,4,98,99.0,5751
"Buffalo-Cheektowaga-Niagara Falls, NY",36-029-0002,O3,AMHERST,New York,Erie,Amherst,42.99328,-78.77153,4,88,94.25,6348
"Buffalo-Cheektowaga-Niagara Falls, NY",36-029-0005,CO,BUFFALO,New York,Erie,Buffalo,42.876907,-78.809526,4,87,94.25,7582
"Buffalo-Cheektowaga-Niagara Falls, NY",36-029-0005,NO2,BUFFALO,New York,Erie,Buffalo,42.876907,-78.809526,4,68,87.25,5955
"Buffalo-Cheektowaga-Niagara Falls, NY",36-029-0005,SO2,BUFFALO,New York,Erie,Buffalo,42.876907,-78.809526,4,98,98.0,8549
"Buffalo-Cheektowaga-Niagara Falls, NY",36-029-0023,CO,Buffalo Near-Road,New York,Erie,Cheektowaga,42.921107,-78.765825,4,91,93.5,7968
"Buffalo-Cheektowaga-Niagara Falls, NY",36-029-0023,NO2,Buffalo Near-Road,New York,Erie,Cheektowaga,42.921107,-78.765825,4,86,91.75,7570
"Buffalo-Cheektowaga-Niagara Falls, NY",36-029-1014,SO2,BROOKSIDE TERRACE,New York,Erie,Tonawanda,42.99813,-78.89926,4,95,97.5,8293
"Buffalo-Cheektowaga-Niagara Falls, NY",36-063-1006,O3,MIDDLEPORT,New York,Niagara,Middleport,43.22386,-78.47888,4,84,95.5,7147
"Burlington-South Burlington, VT",50-007-0007,CO,PROCTOR MAPLE RESEARCH CTR,Vermont,Chittenden,Underhill (Town of),44.52839,-72.86884,4,77,83.75,6759
"Burlington-South Burlington, VT",50-007-0007,O3,PROCTOR MAPLE RESEARCH CTR,Vermont,Chittenden,Underhill (Town of),44.52839,-72.86884,4,87,94.0,7411
"Burlington-South Burlington, VT",50-007-0007,PM2.5,PROCTOR MAPLE RESEARCH CTR,Vermont,Chittenden,Underhill (Town of),44.52839,-72.86884,4,95,97.75,8336
"Burlington-South Burlington, VT",50-007-0007,SO2,PROCTOR MAPLE RESEARCH CTR,Vermont,Chittenden,Underhill (Town of),44.52839,-72.86884,4,50,76.5,4377
"Butte-Silver Bow, MT",30-093-0005,PM10,Butte Greeley School,Montana,Silver Bow,Butte-Silver Bow (Remainder),46.002602,-112.501247,4,95,97.5,8341
"Butte-Silver Bow, MT",30-093-0005,PM2.5,Butte Greeley School,Montana,Silver Bow,Butte-Silver Bow (Remainder),46.002602,-112.501247,4,96,97.75,8401
"Cadillac, MI",26-113-0001,NO2,LOCATED ABOUT 1/4 MILE WEST OF SITE,Michigan,Missaukee,,44.310555,-84.891865,4,84,89.25,7355
"Cadillac, MI",26-113-0001,O3,LOCATED ABOUT 1/4 MILE WEST OF SITE,Michigan,Missaukee,,44.310555,-84.891865,4,98,99.25,8038
"Cadillac, MI",26-113-0001,PM2.5,LOCATED ABOUT 1/4 MILE WEST OF SITE,Michigan,Missaukee,,44.310555,-84.891865,4,95,96.25,8308
"Cadillac, MI",26-165-9991,O3,Hoxeyville,Michigan,Wexford,,44.18089,-85.738985,4,98,98.5,8197
"Cambridge, MD",24-019-0004,O3,Horn Point,Maryland,Dorchester,,38.587525,-76.141006,4,99,99.75,8699
"Cambridge, MD",24-019-0004,PM2.5,Horn Point,Maryland,Dorchester,,38.587525,-76.141006,4,96,96.75,8417
"Cambridge, MD",24-019-0004,SO2,Horn Point,Maryland,Dorchester,,38.587525,-76.141006,4,94,95.5,8239
"Cambridge, MD",24-019-9991,O3,Blackwater NWR,Maryland,Dorchester,,38.444971,-76.111274,4,96,98.5,8124
"Canton-Massillon, OH",39-151-0016,O3,Malone Univ,Ohio,Stark,Canton,40.82812,-81.3785,4,99,99.75,5508
"Canton-Massillon, OH",39-151-0020,PM2.5,Canton,Ohio,Stark,Canton,40.800717,-81.373,4,92,97.25,8094
"Canton-Massillon, OH",39-151-0022,O3,Brewster,Ohio,Stark,Brewster,40.712703,-81.598078,4,100,100.0,5536
"Canton-Massillon, OH",39-151-4005,O3,Alliance,Ohio,Stark,Alliance,40.93133,-81.123519,4,93,98.25,5469
"Cape Coral-Fort Myers, FL",12-071-2002,O3,Cape Coral - Rotary Park,Florida,Lee,Cape Coral,26.548212,-81.981523,4,82,89.0,7175
"Carlsbad-Artesia, NM",35-015-0010,O3,,New Mexico,Eddy,,32.178157,-104.443447,4,93,95.5,8141
"Carlsbad-Artesia, NM",35-015-1005,NO2,5ZR Carlsbad,New Mexico,Eddy,Carlsbad,32.380118,-104.262726,4,92,95.75,8073
"Carlsbad-Artesia, NM",35-015-1005,O3,5ZR Carlsbad,New Mexico,Eddy,Carlsbad,32.380118,-104.262726,4,94,96.0,8291
"Carson City, NV",32-510-0020,O3,Carson City Armory,Nevada,Carson City,Carson City,39.1447,-119.7661,4,93,96.75,8182
"Carson City, NV",32-510-0020,PM2.5,Carson City Armory,Nevada,Carson City,Carson City,39.1447,-119.7661,4,95,97.75,8361
"Casper, WY",56-025-0100,NO2,Casper Gaseous,Wyoming,Natrona,Casper,42.82231,-106.36501,4,91,92.5,8012
"Casper, WY",56-025-0100,O3,Casper Gaseous,Wyoming,Natrona,Casper,42.82231,-106.36501,4,96,97.0,8446
"Casper, WY",56-025-0100,PM2.5,Casper Gaseous,Wyoming,Natrona,Casper,42.82231,-106.36501,4,98,98.25,8570
"Casper, WY",56-025-2601,NO2,,Wyoming,Natrona,Brookhurst,42.8608,-106.23586,4,84,93.0,7370
"Casper, WY",56-025-2601,O3,,Wyoming,Natrona,Brookhurst,42.8608,-106.23586,4,72,91.25,6953
"Casper, WY",56-025-2601,SO2,,Wyoming,Natrona,Brookhurst,42.8608,-106.23586,4,96,97.0,8433
"Cedar City, UT",49-021-0005,NO2,Enoch,Utah,Iron,Enoch,37.74743,-113.055525,4,98,98.5,8598
"Cedar City, UT",49-021-0005,O3,Enoch,Utah,Iron,Enoch,37.74743,-113.055525,4,99,99.25,8600
"Cedar City, UT",49-021-0005,PM2.5,Enoch,Utah,Iron,Enoch,37.74743,-113.055525,4,92,97.25,8066
"Cedar Rapids, IA",19-113-0033,O3,COGGON ELEMENTARY SCHOOL BLDG. NORTHERN LIMITS OF LINN COUNTY,Iowa,Linn,Coggon,42.281013,-91.526879,4,98,98.75,5436
"Cedar Rapids, IA",19-113-0040,O3,Public Health,Iowa,Linn,Cedar Rapids,41.97677,-91.68766,4,95,97.5,5235
"Cedar Rapids, IA",19-113-0040,SO2,Public Health,Iowa,Linn,Cedar Rapids,41.97677,-91.68766,4,92,93.25,8020
"Chambersburg-Waynesboro, PA",42-055-0001,O3,Methodist Hill,Pennsylvania,Franklin,,39.961111,-77.475556,4,93,96.0,5474
"Champaign-Urbana, IL",17-019-0007,O3,Thomasboro,Illinois,Champaign,Thomasboro,40.244913,-88.188519,4,99,99.75,5810
"Champaign-Urbana, IL",17-019-1001,O3,ISWS CLIMATE STATION,Illinois,Champaign,Bondville,40.05278,-88.37251,4,95,96.75,7902
"Champaign-Urbana, IL",17-019-1001,PM2.5,ISWS CLIMATE STATION,Illinois,Champaign,Bondville,40.05278,-88.37251,4,97,98.75,8523
"Champaign-Urbana, IL",17-019-1001,SO2,ISWS CLIMATE STATION,Illinois,Champaign,Bondville,40.05278,-88.37251,4,86,88.0,7575
"Charleston, WV",54-039-0020,CO,Dixie St.,West Virginia,Kanawha,Charleston,38.346258,-81.621161,4,61,79.25,5312
"Charleston, WV",54-039-0020,O3,Dixie St.,West Virginia,Kanawha,Charleston,38.346258,-81.621161,4,83,89.25,7186
"Charleston, WV",54-039-0020,PM2.5,Dixie St.,West Virginia,Kanawha,Charleston,38.346258,-81.621161,4,85,91.5,7448
"Charleston, WV",54-039-0020,SO2,Dixie St.,West Virginia,Kanawha,Charleston,38.346258,-81.621161,4,87,92.5,7618
"Charleston-North Charleston, SC",45-015-1002,O3,Moncks Corner National Guard,South Carolina,Berkeley,Moncks Corner,33.183016,-80.030712,4,95,98.25,5671
"Charleston-North Charleston, SC",45-019-0003,SO2,JENKINS AVE. FIRE STATION,South Carolina,Charleston,North Charleston,32.882289,-79.977538,4,95,96.75,8356
"Charleston-North Charleston, SC",45-019-0046,O3,CAPE ROMAIN,South Carolina,Charleston,,32.941023,-79.657187,4,86,92.5,7781
"Charlotte-Concord-Gastonia, NC-SC",37-109-0004,O3,Crouse,North Carolina,Lincoln,Lincolnton,35.438556,-81.27675,4,99,99.0,5581
"Charlotte-Concord-Gastonia, NC-SC",37-119-0041,CO,Garinger High School,North Carolina,Mecklenburg,Charlotte,35.2401,-80.785683,4,96,96.75,8439
"Charlotte-Concord-Gastonia, NC-SC",37-119-0041,NO2,Garinger High School,North Carolina,Mecklenburg,Charlotte,35.2401,-80.785683,4,91,93.25,7989
"Charlotte-Concord-Gastonia, NC-SC",37-119-0041,O3,Garinger High School,North Carolina,Mecklenburg,Charlotte,35.2401,-80.785683,4,99,99.25,8345
"Charlotte-Concord-Gastonia, NC-SC",37-119-0041,PM10,Garinger High School,North Carolina,Mecklenburg,Charlotte,35.2401,-80.785683,4,97,98.0,8478
"Charlotte-Concord-Gastonia, NC-SC",37-119-0041,PM2.5,Garinger High School,North Carolina,Mecklenburg,Charlotte,35.2401,-80.785683,4,97,97.75,8474
"Charlotte-Concord-Gastonia, NC-SC",37-119-0041,SO2,Garinger High School,North Carolina,Mecklenburg,Charlotte,35.2401,-80.785683,4,94,96.25,8224
"Charlotte-Concord-Gastonia, NC-SC",37-119-0045,CO,Remount,North Carolina,Mecklenburg,Charlotte,35.213171,-80.874084,4,97,97.25,8528
"Charlotte-Concord-Gastonia, NC-SC",37-119-0045,PM2.5,Remount,North Carolina,Mecklenburg,Charlotte,35.213171,-80.874084,4,97,97.75,8491
"Charlotte-Concord-Gastonia, NC-SC",37-119-0046,O3,University Meadows,North Carolina,Mecklenburg,Charlotte,35.314158,-80.713469,4,100,100.0,5608
"Charlotte-Concord-Gastonia, NC-SC",37-119-0048,PM2.5,Friendship Park,North Carolina,Mecklenburg,Charlotte,35.281791,-80.851473,4,96,96.5,8366
"Charlotte-Concord-Gastonia, NC-SC",37-159-0021,NO2,Rockwell,North Carolina,Rowan,Rockwell,35.551868,-80.395039,4,89,92.5,7851
"Charlotte-Concord-Gastonia, NC-SC",37-159-0021,O3,Rockwell,North Carolina,Rowan,Rockwell,35.551868,-80.395039,4,98,99.5,8163
"Charlotte-Concord-Gastonia, NC-SC",37-159-0021,PM2.5,Rockwell,North Carolina,Rowan,Rockwell,35.551868,-80.395039,4,95,95.5,8314
"Charlotte-Concord-Gastonia, NC-SC",37-179-0003,O3,Monroe School,North Carolina,Union,Monroe,34.974039,-80.540622,4,99,99.75,5574
"Charlotte-Concord-Gastonia, NC-SC",45-091-0008,O3,YORK (LANDFILL),South Carolina,York,,34.977,-81.207,4,98,99.0,5959
"Charlotte-Concord-Gastonia, NC-SC",45-091-8801,O3,,South Carolina,York,Rock Hill,34.9127,-80.8745,4,96,97.0,5612
"Charlotte-Concord-Gastonia, NC-SC",45-091-8801,PM2.5,,South Carolina,York,Rock Hill,34.9127,-80.8745,4,96,97.25,8399
"Charlottesville, VA",51-003-0001,O3,Albemarle High School,Virginia,Albemarle,,38.07657,-78.50397,4,99,99.5,5672
"Charlottesville, VA",51-003-0001,PM2.5,Albemarle High School,Virginia,Albemarle,,38.07657,-78.50397,4,93,96.25,8104
"Chattanooga, TN-GA",13-295-0004,PM2.5,,Georgia,Walker,Rossville,34.9784,-85.2943,4,65,89.75,5727
"Chattanooga, TN-GA",47-065-1011,O3,Soddy Daisy,Tennessee,Hamilton,Soddy-Daisy,35.233476,-85.181581,4,98,99.0,5696
"Chattanooga, TN-GA",47-065-4003,O3,Eastside,Tennessee,Hamilton,Chattanooga,35.102638,-85.162194,4,97,98.75,5725
"Cheyenne, WY",56-021-0100,CO,Cheyenne NCore,Wyoming,Laramie,Cheyenne,41.182227,-104.778334,4,70,82.5,6136
"Cheyenne, WY",56-021-0100,NO2,Cheyenne NCore,Wyoming,Laramie,Cheyenne,41.182227,-104.778334,4,95,96.0,8327
"Cheyenne, WY",56-021-0100,O3,Cheyenne NCore,Wyoming,Laramie,Cheyenne,41.182227,-104.778334,4,96,96.5,8355
"Cheyenne, WY",56-021-0100,PM10,Cheyenne NCore,Wyoming,Laramie,Cheyenne,41.182227,-104.778334,4,73,90.75,6414
"Cheyenne, WY",56-021-0100,PM2.5,Cheyenne NCore,Wyoming,Laramie,Cheyenne,41.182227,-104.778334,4,94,96.0,8265
"Cheyenne, WY",56-021-0100,SO2,Cheyenne NCore,Wyoming,Laramie,Cheyenne,41.182227,-104.778334,4,94,95.25,8191
"Chicago-Naperville-Elgin, IL-IN-WI",17-031-0001,O3,VILLAGE GARAGE,Illinois,Cook,Alsip,41.670992,-87.732457,4,93,96.75,5501
"Chicago-Naperville-Elgin, IL-IN-WI",17-031-0022,PM10,WASHINGTON HS,Illinois,Cook,Chicago,41.687165,-87.539315,4,88,90.75,7684
"Chicago-Naperville-Elgin, IL-IN-WI",17-031-0032,O3,SOUTH WATER FILTRATION PLANT,Illinois,Cook,Chicago,41.755832,-87.54535,4,90,91.0,5284
"Chicago-Naperville-Elgin, IL-IN-WI",17-031-0076,NO2,COM ED MAINTENANCE BLDG,Illinois,Cook,Chicago,41.7514,-87.713488,4,78,87.0,6809
"Chicago-Naperville-Elgin, IL-IN-WI",17-031-0076,O3,COM ED MAINTENANCE BLDG,Illinois,Cook,Chicago,41.7514,-87.713488,4,93,96.0,5459
"Chicago-Naperville-Elgin, IL-IN-WI",17-031-0076,SO2,COM ED MAINTENANCE BLDG,Illinois,Cook,Chicago,41.7514,-87.713488,4,91,94.0,7929
"Chicago-Naperville-Elgin, IL-IN-WI",17-031-0119,CO,Kingery Near Road #1,Illinois,Cook,Lansing,41.57862,-87.557406,4,94,96.5,8274
"Chicago-Naperville-Elgin, IL-IN-WI",17-031-0119,NO2,Kingery Near Road #1,Illinois,Cook,Lansing,41.57862,-87.557406,4,99,99.5,8697
"Chicago-Naperville-Elgin, IL-IN-WI",17-031-0119,PM2.5,Kingery Near Road #1,Illinois,Cook,Lansing,41.57862,-87.557406,4,96,99.0,8380
"Chicago-Naperville-Elgin, IL-IN-WI",17-031-0219,NO2,Kennedy Near Road 2,Illinois,Cook,Chicago,41.920009,-87.672995,4,96,97.25,8399
"Chicago-Naperville-Elgin, IL-IN-WI",17-031-1003,O3,TAFT HS,Illinois,Cook,Chicago,41.984332,-87.792002,4,89,96.75,5192
"Chicago-Naperville-Elgin, IL-IN-WI",17-031-1016,PM10,VILLAGE HALL,Illinois,Cook,McCook,41.80118,-87.832349,4,92,95.25,8025
"Chicago-Naperville-Elgin, IL-IN-WI",17-031-1601,O3,COOK COUNTY TRAILER,Illinois,Cook,Lemont,41.66812,-87.99057,4,95,96.75,5549
"Chicago-Naperville-Elgin, IL-IN-WI",17-031-1601,SO2,COOK COUNTY TRAILER,Illinois,Cook,Lemont,41.66812,-87.99057,4,91,96.0,7963
"Chicago-Naperville-Elgin, IL-IN-WI",17-031-3103,NO2,IEPA TRAILER,Illinois,Cook,Schiller Park,41.965193,-87.876265,4,99,99.25,8698
"Chicago-Naperville-Elgin, IL-IN-WI",17-031-3103,O3,IEPA TRAILER,Illinois,Cook,Schiller Park,41.965193,-87.876265,4,94,97.75,5540
"Chicago-Naperville-Elgin, IL-IN-WI",17-031-4002,NO2,COOK COUNTY TRAILER,Illinois,Cook,Cicero,41.855243,-87.75247,4,75,89.0,6551
"Chicago-Naperville-Elgin, IL-IN-WI",17-031-4002,O3,COOK COUNTY TRAILER,Illinois,Cook,Cicero,41.855243,-87.75247,4,84,95.5,4878
"Chicago-Naperville-Elgin, IL-IN-WI",17-031-4007,O3,REGIONAL OFFICE BUILDING,Illinois,Cook,Des Plaines,42.060285,-87.863225,4,98,99.25,5723
"Chicago-Naperville-Elgin, IL-IN-WI",17-031-4007,PM2.5,REGIONAL OFFICE BUILDING,Illinois,Cook,Des Plaines,42.060285,-87.863225,4,97,98.0,8475
"Chicago-Naperville-Elgin, IL-IN-WI",17-031-4201,CO,NORTHBROOK WATER PLANT,Illinois,Cook,Northbrook,42.139996,-87.799227,4,87,92.0,7613
"Chicago-Naperville-Elgin, IL-IN-WI",17-031-4201,O3,NORTHBROOK WATER PLANT,Illinois,Cook,Northbrook,42.139996,-87.799227,4,95,97.5,8290
"Chicago-Naperville-Elgin, IL-IN-WI",17-031-4201,PM2.5,NORTHBROOK WATER PLANT,Illinois,Cook,Northbrook,42.139996,-87.799227,4,58,88.5,5073
"Chicago-Naperville-Elgin, IL-IN-WI",17-031-4201,SO2,NORTHBROOK WATER PLANT,Illinois,Cook,Northbrook,42.139996,-87.799227,4,91,95.5,7966
"Chicago-Naperville-Elgin, IL-IN-WI",17-031-7002,O3,WATER PLANT,Illinois,Cook,Evanston,42.062053,-87.675254,4,94,98.0,5554
"Chicago-Naperville-Elgin, IL-IN-WI",17-043-4002,PM2.5,CITY HALL,Illinois,DuPage,Naperville,41.771071,-88.152534,4,96,98.0,8373
"Chicago-Naperville-Elgin, IL-IN-WI",17-043-6001,O3,MORTON ARBORETUM,Illinois,DuPage,Lisle,41.813049,-88.072827,4,96,98.25,5674
"Chicago-Naperville-Elgin, IL-IN-WI",17-089-0005,O3,LARSEN JUNIOR HIGH,Illinois,Kane,Elgin,42.049148,-88.273029,4,94,98.25,5549
"Chicago-Naperville-Elgin, IL-IN-WI",17-097-1007,O3,CAMP LOGAN TRAILER,Illinois,Lake,Zion,42.465964,-87.809624,4,99,99.5,5809
"Chicago-Naperville-Elgin, IL-IN-WI",17-111-0001,O3,CARY GROVE HS,Illinois,McHenry,Cary,42.221442,-88.242207,4,98,99.0,5757
"Chicago-Naperville-Elgin, IL-IN-WI",17-111-0001,PM2.5,CARY GROVE HS,Illinois,McHenry,Cary,42.221442,-88.242207,4,56,87.75,4887
"Chicago-Naperville-Elgin, IL-IN-WI",17-197-1002,PM2.5,PERSHING SCHOOL,Illinois,Will,Joliet,41.526885,-88.116474,4,94,96.5,8235
"Chicago-Naperville-Elgin, IL-IN-WI",17-197-1011,O3,COM ED TRAINING CENTER,Illinois,Will,Braidwood,41.221537,-88.190967,4,97,98.75,5687
"Chicago-Naperville-Elgin, IL-IN-WI",17-197-1011,PM2.5,COM ED TRAINING CENTER,Illinois,Will,Braidwood,41.221537,-88.190967,4,99,99.75,8700
"Chicago-Naperville-Elgin, IL-IN-WI",18-089-0022,NO2,Gary-IITRI/ 1219.5 meters east of Tennessee St.- old ammuntion bunker,Indiana,Lake,Gary,41.606662,-87.304943,4,98,98.25,8549
"Chicago-Naperville-Elgin, IL-IN-WI",18-089-0022,O3,Gary-IITRI/ 1219.5 meters east of Tennessee St.- old ammuntion bunker,Indiana,Lake,Gary,41.606662,-87.304943,4,97,98.0,8383
"Chicago-Naperville-Elgin, IL-IN-WI",18-089-0022,PM10,Gary-IITRI/ 1219.5 meters east of Tennessee St.- old ammuntion bunker,Indiana,Lake,Gary,41.606662,-87.304943,4,80,93.5,7042
"Chicago-Naperville-Elgin, IL-IN-WI",18-089-0022,PM2.5,Gary-IITRI/ 1219.5 meters east of Tennessee St.- old ammuntion bunker,Indiana,Lake,Gary,41.606662,-87.304943,4,94,95.75,8195
"Chicago-Naperville-Elgin, IL-IN-WI",18-089-0022,SO2,Gary-IITRI/ 1219.5 meters east of Tennessee St.- old ammuntion bunker,Indiana,Lake,Gary,41.606662,-87.304943,4,97,97.75,8480
"Chicago-Naperville-Elgin, IL-IN-WI",18-089-0034,PM2.5,East Chicago-Marina,Indiana,Lake,East Chicago,41.653501,-87.435561,4,99,99.5,8634
"Chicago-Naperville-Elgin, IL-IN-WI",18-089-0034,SO2,East Chicago-Marina,Indiana,Lake,East Chicago,41.653501,-87.435561,4,94,97.0,8251
"Chicago-Naperville-Elgin, IL-IN-WI",18-089-0036,PM2.5,Hammond- 167th St,Indiana,Lake,Hammond,41.594427,-87.495044,4,99,99.25,8643
"Chicago-Naperville-Elgin, IL-IN-WI",18-089-2008,O3,HAMMOND CAAP- Hammond- 141st St.,Indiana,Lake,Hammond,41.639306,-87.493609,4,95,97.5,8369
"Chicago-Naperville-Elgin, IL-IN-WI",18-089-2008,SO2,HAMMOND CAAP- Hammond- 141st St.,Indiana,Lake,Hammond,41.639306,-87.493609,4,91,94.5,7983
"Chicago-Naperville-Elgin, IL-IN-WI",18-127-0023,PM10,Portage- Hwy 12,Indiana,Porter,Portage,41.616618,-87.146959,4,95,97.5,8371
"Chicago-Naperville-Elgin, IL-IN-WI",18-127-0024,O3,Ogden Dunes- Water Treatment Plant,Indiana,Porter,Ogden Dunes (Wickliffe),41.6175,-87.199167,4,97,99.25,8521
"Chicago-Naperville-Elgin, IL-IN-WI",18-127-0024,PM2.5,Ogden Dunes- Water Treatment Plant,Indiana,Porter,Ogden Dunes (Wickliffe),41.6175,-87.199167,4,94,95.75,8200
"Chicago-Naperville-Elgin, IL-IN-WI",18-127-0026,O3,VALPARAISO,Indiana,Porter,,41.512118,-87.036236,4,97,98.75,8493
"Chicago-Naperville-Elgin, IL-IN-WI",18-127-0028,SO2,ArcelorMittal-Burns Harbor Site 1,Indiana,Porter,Portage,41.635404,-87.150567,4,93,95.5,8198
"Chicago-Naperville-Elgin, IL-IN-WI",55-059-0019,O3,CHIWAUKEE PRAIRIE STATELINE,Wisconsin,Kenosha,Pleasant Prairie,42.50472,-87.8093,4,97,98.75,5784
"Chicago-Naperville-Elgin, IL-IN-WI",55-059-0019,PM2.5,CHIWAUKEE PRAIRIE STATELINE,Wisconsin,Kenosha,Pleasant Prairie,42.50472,-87.8093,4,89,96.0,7790
"Chicago-Naperville-Elgin, IL-IN-WI",55-059-0025,O3,KENOSHA - WATER TOWER,Wisconsin,Kenosha,Kenosha,42.5956,-87.88576,4,99,99.75,5789
"Chico, CA",06-007-0008,CO,Chico-East Avenue,California,Butte,Chico,39.76168,-121.84047,4,88,92.0,7673
"Chico, CA",06-007-0008,NO2,Chico-East Avenue,California,Butte,Chico,39.76168,-121.84047,4,93,93.25,8113
"Chico, CA",06-007-0008,O3,Chico-East Avenue,California,Butte,Chico,39.76168,-121.84047,4,94,95.75,7955
"Chico, CA",06-007-0008,PM10,Chico-East Avenue,California,Butte,Chico,39.76168,-121.84047,4,92,94.75,8061
"Chico, CA",06-007-0008,PM2.5,Chico-East Avenue,California,Butte,Chico,39.76168,-121.84047,4,95,96.0,8310
"Cincinnati, OH-KY-IN",21-037-3002,NO2,NORTHERN KENTUCKY UNIVERSITY (NKU),Kentucky,Campbell,Highland Heights,39.021881,-84.47445,4,90,91.5,7864
"Cincinnati, OH-KY-IN",21-037-3002,O3,NORTHERN KENTUCKY UNIVERSITY (NKU),Kentucky,Campbell,Highland Heights,39.021881,-84.47445,4,97,98.25,5437
"Cincinnati, OH-KY-IN",21-037-3002,PM2.5,NORTHERN KENTUCKY UNIVERSITY (NKU),Kentucky,Campbell,Highland Heights,39.021881,-84.47445,4,96,97.75,8448
"Cincinnati, OH-KY-IN",21-037-3002,SO2,NORTHERN KENTUCKY UNIVERSITY (NKU),Kentucky,Campbell,Highland Heights,39.021881,-84.47445,4,92,93.25,8100
"Cincinnati, OH-KY-IN",39-017-0018,O3,Middletown Airport,Ohio,Butler,Middletown,39.529112,-84.394003,4,99,99.5,5784
"Cincinnati, OH-KY-IN",39-017-0019,SO2,Amanda Elem,Ohio,Butler,Middletown,39.479822,-84.409617,4,97,98.25,8563
"Cincinnati, OH-KY-IN",39-017-0020,PM10,Yankee,Ohio,Butler,Middletown,39.472436,-84.394952,4,93,97.25,8163
"Cincinnati, OH-KY-IN",39-017-0020,PM2.5,Yankee,Ohio,Butler,Middletown,39.472436,-84.394952,4,93,97.25,8163
"Cincinnati, OH-KY-IN",39-017-0020,SO2,Yankee,Ohio,Butler,Middletown,39.472436,-84.394952,4,98,98.5,8582
"Cincinnati, OH-KY-IN",39-017-0021,SO2,Made,Ohio,Butler,Middletown,39.46619,-84.40256,4,96,98.0,8413
"Cincinnati, OH-KY-IN",39-017-0023,O3,Crawford Woods,Ohio,Butler,Hamilton,39.384671,-84.540537,4,96,98.75,5646
"Cincinnati, OH-KY-IN",39-017-9991,O3,Oxford,Ohio,Butler,,39.5327,-84.7286,4,90,96.75,7819
"Cincinnati, OH-KY-IN",39-025-0022,O3,Batavia,Ohio,Clermont,Batavia,39.0828,-84.1441,4,96,98.75,5682
"Cincinnati, OH-KY-IN",39-061-0006,O3,Sycamore,Ohio,Hamilton,Blue Ash,39.2787,-84.36625,4,99,99.5,5775
"Cincinnati, OH-KY-IN",39-061-0006,PM2.5,Sycamore,Ohio,Hamilton,Blue Ash,39.2787,-84.36625,4,94,95.5,8260
"Cincinnati, OH-KY-IN",39-061-0010,O3,Colerain,Ohio,Hamilton,Cleves,39.21487,-84.69086,4,99,99.75,5793
"Cincinnati, OH-KY-IN",39-061-0010,SO2,Colerain,Ohio,Hamilton,Cleves,39.21487,-84.69086,4,97,98.25,8514
"Cincinnati, OH-KY-IN",39-061-0014,PM2.5,Carthage,Ohio,Hamilton,Cincinnati,39.19433,-84.478974,4,99,99.5,8690
"Cincinnati, OH-KY-IN",39-061-0040,CO,Taft NCore PAMS,Ohio,Hamilton,Cincinnati,39.12886,-84.50404,4,89,92.25,7804
"Cincinnati, OH-KY-IN",39-061-0040,NO2,Taft NCore PAMS,Ohio,Hamilton,Cincinnati,39.12886,-84.50404,4,91,95.5,7996
"Cincinnati, OH-KY-IN",39-061-0040,O3,Taft NCore PAMS,Ohio,Hamilton,Cincinnati,39.12886,-84.50404,4,98,99.0,8564
"Cincinnati, OH-KY-IN",39-061-0040,PM10,Taft NCore PAMS,Ohio,Hamilton,Cincinnati,39.12886,-84.50404,4,96,98.5,8387
"Cincinnati, OH-KY-IN",39-061-0040,PM2.5,Taft NCore PAMS,Ohio,Hamilton,Cincinnati,39.12886,-84.50404,4,96,98.5,8387
"Cincinnati, OH-KY-IN",39-061-0040,SO2,Taft NCore PAMS,Ohio,Hamilton,Cincinnati,39.12886,-84.50404,4,98,98.5,8574
"Cincinnati, OH-KY-IN",39-061-0042,PM2.5,Lower Price Hill,Ohio,Hamilton,Cincinnati,39.10492,-84.55117,4,99,99.75,8655
"Cincinnati, OH-KY-IN",39-061-0048,CO,Cincinnati Near Road,Ohio,Hamilton,Cincinnati,39.146025,-84.538375,4,88,94.0,7738
"Cincinnati, OH-KY-IN",39-061-0048,NO2,Cincinnati Near Road,Ohio,Hamilton,Cincinnati,39.146025,-84.538375,4,91,95.5,7942
"Cincinnati, OH-KY-IN",39-061-0048,PM2.5,Cincinnati Near Road,Ohio,Hamilton,Cincinnati,39.146025,-84.538375,4,96,96.75,8412
"Cincinnati, OH-KY-IN",39-165-0007,O3,Lebanon,Ohio,Warren,Lebanon,39.42689,-84.20077,4,100,100.0,5769
"Claremont-Lebanon, NH-VT",33-009-0010,O3,LEBANON AIRPORT ROAD,New Hampshire,Grafton,Lebanon,43.629605,-72.309499,4,91,97.25,8143
"Claremont-Lebanon, NH-VT",33-009-0010,PM2.5,LEBANON AIRPORT ROAD,New Hampshire,Grafton,Lebanon,43.629605,-72.309499,4,98,99.0,8616
"Clarksville, TN-KY",21-047-0006,O3,HOPKINSVILLE,Kentucky,Christian,,36.91171,-87.323337,4,97,98.5,5447
"Clarksville, TN-KY",21-047-0006,PM2.5,HOPKINSVILLE,Kentucky,Christian,,36.91171,-87.323337,4,98,98.25,8553
"Clarksville, TN-KY",47-125-2001,PM2.5,Clarksville,Tennessee,Montgomery,Clarksville,36.611411,-87.384666,4,96,97.5,8431
"Clearlake, CA",06-033-3002,O3,Lakeport-S. Main Street,California,Lake,Lakeport,39.01893,-122.91333,4,97,98.5,8191
"Cleveland, MS",28-011-0002,O3,Cleveland Delta State,Mississippi,Bolivar,Cleveland,33.750838,-90.734175,4,97,97.75,5557
"Cleveland, MS",28-011-0002,PM2.5,Cleveland Delta State,Mississippi,Bolivar,Cleveland,33.750838,-90.734175,4,98,99.0,8551
"Cleveland-Elyria, OH",39-035-0034,O3,District 6,Ohio,Cuyahoga,Cleveland,41.55523,-81.575256,4,93,96.25,5421
"Cleveland-Elyria, OH",39-035-0038,PM10,St Theodosius,Ohio,Cuyahoga,Cleveland,41.477011,-81.682383,4,77,93.0,6709
"Cleveland-Elyria, OH",39-035-0038,PM2.5,St Theodosius,Ohio,Cuyahoga,Cleveland,41.477011,-81.682383,4,77,93.75,6713
"Cleveland-Elyria, OH",39-035-0038,SO2,St Theodosius,Ohio,Cuyahoga,Cleveland,41.477011,-81.682383,4,95,96.0,8354
"Cleveland-Elyria, OH",39-035-0051,CO,Galleria,Ohio,Cuyahoga,Cleveland,41.504605,-81.69045,4,81,90.5,7092
"Cleveland-Elyria, OH",39-035-0060,CO,GT Craig NCore PAMS,Ohio,Cuyahoga,Cleveland,41.492117,-81.678449,4,87,91.25,7580
"Cleveland-Elyria, OH",39-035-0060,NO2,GT Craig NCore PAMS,Ohio,Cuyahoga,Cleveland,41.492117,-81.678449,4,92,93.0,8052
"Cleveland-Elyria, OH",39-035-0060,O3,GT Craig NCore PAMS,Ohio,Cuyahoga,Cleveland,41.492117,-81.678449,4,97,98.0,8201
"Cleveland-Elyria, OH",39-035-0060,PM10,GT Craig NCore PAMS,Ohio,Cuyahoga,Cleveland,41.492117,-81.678449,4,98,98.75,8602
"Cleveland-Elyria, OH",39-035-0060,PM2.5,GT Craig NCore PAMS,Ohio,Cuyahoga,Cleveland,41.492117,-81.678449,4,97,98.25,8512
"Cleveland-Elyria, OH",39-035-0060,SO2,GT Craig NCore PAMS,Ohio,Cuyahoga,Cleveland,41.492117,-81.678449,4,92,93.5,8058
"Cleveland-Elyria, OH",39-035-0064,O3,Berea BOE,Ohio,Cuyahoga,Berea,41.361835,-81.86457,4,98,99.0,5736
"Cleveland-Elyria, OH",39-035-0065,SO2,Harvard Yards,Ohio,Cuyahoga,Newburgh Heights,41.446624,-81.662356,4,96,97.0,8404
"Cleveland-Elyria, OH",39-035-0073,CO,Cleveland Near Road,Ohio,Cuyahoga,Warrensville Heights,41.44013,-81.494833,4,84,90.0,7350
"Cleveland-Elyria, OH",39-035-0073,NO2,Cleveland Near Road,Ohio,Cuyahoga,Warrensville Heights,41.44013,-81.494833,4,87,92.75,7604
"Cleveland-Elyria, OH",39-035-0073,PM2.5,Cleveland Near Road,Ohio,Cuyahoga,Warrensville Heights,41.44013,-81.494833,4,98,99.0,8541
"Cleveland-Elyria, OH",39-035-5002,O3,Mayfield,Ohio,Cuyahoga,Mayfield,41.536942,-81.458871,4,89,96.25,5221
"Cleveland-Elyria, OH",39-055-0004,O3,Notre Dame,Ohio,Geauga,,41.515051,-81.249906,4,88,95.75,5143
"Cleveland-Elyria, OH",39-085-0003,O3,Eastlake,Ohio,Lake,Eastlake,41.673006,-81.422455,4,100,100.0,5504
"Cleveland-Elyria, OH",39-085-0007,O3,Painesville,Ohio,Lake,Painesville,41.726811,-81.242156,4,99,99.75,5550
"Cleveland-Elyria, OH",39-085-0007,SO2,Painesville,Ohio,Lake,Painesville,41.726811,-81.242156,4,99,99.0,8661
"Cleveland-Elyria, OH",39-093-0018,O3,Sheffield,Ohio,Lorain,Sheffield,41.420882,-82.095729,4,94,98.0,5283
"Cleveland-Elyria, OH",39-103-0004,O3,Chippewa,Ohio,Medina,,41.0604,-81.9239,4,98,99.0,5532
"Cleveland-Elyria, OH",39-103-0004,PM2.5,Chippewa,Ohio,Medina,,41.0604,-81.9239,4,94,97.25,8224
"Clinton, IA",19-045-0019,SO2,"CLINTON, CHANCY PARK",Iowa,Clinton,Clinton,41.823283,-90.211982,4,94,94.5,8241
"Clinton, IA",19-045-0021,O3,"CLINTON, RAINBOW PARK",Iowa,Clinton,Clinton,41.874999,-90.177574,4,98,99.25,5558
"College Station-Bryan, TX",48-041-1086,PM2.5,Bryan Finfeather Road,Texas,Brazos,College Station,30.628336,-96.362821,4,95,96.5,8335
"College Station-Bryan, TX",48-395-1076,SO2,Franklin Oak Grove,Texas,Robertson,Franklin,31.168954,-96.48198,4,91,95.0,7989
"Colorado Springs, CO",08-041-0013,O3,U.S. AIR FORCE ACADEMY,Colorado,El Paso,Air Force Academy,38.958341,-104.817215,4,95,97.0,8313
"Colorado Springs, CO",08-041-0016,O3,MANITOU SPRINGS,Colorado,El Paso,Manitou Springs (Manitou),38.853097,-104.901289,4,99,99.25,8592
"Colorado Springs, CO",08-041-0017,PM2.5,COLORADO SPRINGS - COLLEGE COLLEGE,Colorado,El Paso,Colorado Springs,38.848014,-104.828564,4,95,97.75,8287
"Columbia, MO",29-019-0011,O3,Finger Lakes,Missouri,Boone,,39.07803,-92.31632,4,100,100.0,5836
"Columbia, SC",45-079-0007,CO,PARKLANE,South Carolina,Richland,Dentsville (Dents),34.093959,-80.962304,4,88,93.5,7718
"Columbia, SC",45-079-0007,O3,PARKLANE,South Carolina,Richland,Dentsville (Dents),34.093959,-80.962304,4,93,96.5,8171
"Columbia, SC",45-079-0007,SO2,PARKLANE,South Carolina,Richland,Dentsville (Dents),34.093959,-80.962304,4,87,95.5,7623
"Columbia, SC",45-079-0021,O3,CONGAREE BLUFF,South Carolina,Richland,,33.81468,-80.781135,4,97,98.75,5859
"Columbia, SC",45-079-1001,NO2,SANDHILL EXPERIMENTAL STATION,South Carolina,Richland,,34.131262,-80.868318,4,68,90.5,5975
"Columbia, SC",45-079-1001,O3,SANDHILL EXPERIMENTAL STATION,South Carolina,Richland,,34.131262,-80.868318,4,99,99.5,6146
"Columbus, GA-AL",01-113-0003,O3,PHENIX CITY - SOUTH GIRARD SCHOOL,Alabama,Russell,Phenix City,32.437028,-84.999653,4,96,97.5,5438
"Columbus, GA-AL",13-215-0008,O3,Columbus-Airport,Georgia,Muscogee,Columbus,32.521272,-84.944635,4,98,99.5,5751
"Columbus, IN",18-005-0007,O3,Hope- Hauser Jr-Sr High School,Indiana,Bartholomew,Hope,39.294322,-85.766816,4,92,95.25,8090
"Columbus, IN",18-005-0008,PM2.5,Columbus- Rocky Ford Rd.,Indiana,Bartholomew,Columbus,39.237457,-85.891332,4,93,95.5,8179
"Columbus, OH",39-041-0002,O3,Delaware,Ohio,Delaware,Delaware,40.356694,-83.063971,4,98,99.0,5525
"Columbus, OH",39-049-0029,O3,New Albany,Ohio,Franklin,New Albany,40.084514,-82.815585,4,100,100.0,5605
"Columbus, OH",39-049-0034,NO2,Fairgrounds,Ohio,Franklin,Columbus,40.002707,-82.994424,4,90,93.25,7924
"Columbus, OH",39-049-0034,SO2,Fairgrounds,Ohio,Franklin,Columbus,40.002707,-82.994424,4,88,93.25,7730
"Columbus, OH",39-049-0038,CO,Smoky Row Near Road,Ohio,Franklin,Columbus,40.11107,-83.065415,4,74,91.5,6512
"Columbus, OH",39-049-0038,NO2,Smoky Row Near Road,Ohio,Franklin,Columbus,40.11107,-83.065415,4,95,97.0,8325
"Columbus, OH",39-049-0038,PM2.5,Smoky Row Near Road,Ohio,Franklin,Columbus,40.11107,-83.065415,4,82,95.0,7221
"Columbus, OH",39-049-0081,O3,Maple Canyon,Ohio,Franklin,Columbus,40.0877,-82.959773,4,98,99.5,5500
"Columbus, OH",39-089-0005,O3,Heath,Ohio,Licking,Heath (Fourmile Lock),40.026037,-82.432996,4,98,99.25,5536
"Columbus, OH",39-089-0008,O3,Reynoldsburg,Ohio,Licking,Reynoldsburg,39.954457,-82.75892,4,100,100.0,5592
"Columbus, OH",39-097-0007,O3,London,Ohio,Madison,,39.78819,-83.47606,4,93,98.25,5263
"Concord, NH",33-013-1006,SO2,PEMBROKE HIGHWAY DEPARTMENT,New Hampshire,Merrimack,Suncook,43.13246,-71.458246,4,95,96.5,8367
"Concord, NH",33-013-1007,O3,HAZEN DRIVE,New Hampshire,Merrimack,Concord,43.2185,-71.5145,4,99,99.5,5022
"Cookeville, TN",47-141-0005,PM2.5,Cookeville,Tennessee,Putnam,Cookeville,36.185702,-85.492107,4,95,96.75,8298
"Corning, NY",36-101-0003,CO,PINNACLE STATE PARK,New York,Steuben,,42.09142,-77.20978,4,84,91.25,7337
"Corning, NY",36-101-0003,O3,PINNACLE STATE PARK,New York,Steuben,,42.09142,-77.20978,4,95,97.0,8372
"Corning, NY",36-101-0003,PM2.5,PINNACLE STATE PARK,New York,Steuben,,42.09142,-77.20978,4,87,96.25,7636
"Corning, NY",36-101-0003,SO2,PINNACLE STATE PARK,New York,Steuben,,42.09142,-77.20978,4,94,96.75,8251
"Corpus Christi, TX",48-355-0025,O3,Corpus Christi West,Texas,Nueces,Corpus Christi,27.765335,-97.434274,4,95,97.25,8271
"Corpus Christi, TX",48-355-0025,SO2,Corpus Christi West,Texas,Nueces,Corpus Christi,27.765335,-97.434274,4,96,97.0,8453
"Corpus Christi, TX",48-355-0026,O3,Corpus Christi Tuloso,Texas,Nueces,Corpus Christi,27.832435,-97.55543,4,96,98.0,8430
"Corpus Christi, TX",48-355-0032,PM2.5,Corpus Christi Huisache,Texas,Nueces,Corpus Christi,27.804489,-97.431528,4,94,96.75,8245
"Corpus Christi, TX",48-355-0032,SO2,Corpus Christi Huisache,Texas,Nueces,Corpus Christi,27.804489,-97.431528,4,64,80.0,5571
"Corsicana, TX",48-349-1051,NO2,Corsicana Airport,Texas,Navarro,Corsicana,32.031946,-96.399147,4,78,87.75,6865
"Corsicana, TX",48-349-1051,O3,Corsicana Airport,Texas,Navarro,Corsicana,32.031946,-96.399147,4,94,97.25,8262
"Corsicana, TX",48-349-1051,SO2,Corsicana Airport,Texas,Navarro,Corsicana,32.031946,-96.399147,4,83,92.0,7254
"Corsicana, TX",48-349-1081,SO2,Richland Southeast 1220 Road,Texas,Navarro,Richland,31.904101,-96.351873,4,97,97.5,8497
"Dallas-Fort Worth-Arlington, TX",48-085-0005,O3,Frisco,Texas,Collin,Frisco,33.132423,-96.786404,4,97,98.5,8490
"Dallas-Fort Worth-Arlington, TX",48-113-0069,CO,Dallas Hinton,Texas,Dallas,Dallas,32.820061,-96.860117,4,92,96.75,8062
"Dallas-Fort Worth-Arlington, TX",48-113-0069,NO2,Dallas Hinton,Texas,Dallas,Dallas,32.820061,-96.860117,4,96,97.25,8438
"Dallas-Fort Worth-Arlington, TX",48-113-0069,O3,Dallas Hinton,Texas,Dallas,Dallas,32.820061,-96.860117,4,84,91.5,7400
"Dallas-Fort Worth-Arlington, TX",48-113-0069,PM2.5,Dallas Hinton,Texas,Dallas,Dallas,32.820061,-96.860117,4,85,90.5,7433
"Dallas-Fort Worth-Arlington, TX",48-113-0069,SO2,Dallas Hinton,Texas,Dallas,Dallas,32.820061,-96.860117,4,62,85.5,5445
"Dallas-Fort Worth-Arlington, TX",48-113-0075,NO2,Dallas North #2,Texas,Dallas,Dallas,32.919207,-96.808501,4,73,78.5,6437
"Dallas-Fort Worth-Arlington, TX",48-113-0075,O3,Dallas North #2,Texas,Dallas,Dallas,32.919207,-96.808501,4,87,93.75,7314
"Dallas-Fort Worth-Arlington, TX",48-113-0087,NO2,Dallas Redbird Airport Executive,Texas,Dallas,Dallas,32.676448,-96.87205,4,77,83.25,6755
"Dallas-Fort Worth-Arlington, TX",48-113-0087,O3,Dallas Redbird Airport Executive,Texas,Dallas,Dallas,32.676448,-96.87205,4,89,95.25,7429
"Dallas-Fort Worth-Arlington, TX",48-113-1067,NO2,Dallas LBJ Freeway,Texas,Dallas,Dallas,32.92115,-96.753522,4,71,78.75,6198
"Dallas-Fort Worth-Arlington, TX",48-121-0034,NO2,Denton Airport South,Texas,Denton,Denton,33.219074,-97.196296,4,77,87.5,6712
"Dallas-Fort Worth-Arlington, TX",48-121-0034,O3,Denton Airport South,Texas,Denton,Denton,33.219074,-97.196296,4,76,91.75,7168
"Dallas-Fort Worth-Arlington, TX",48-121-0034,PM2.5,Denton Airport South,Texas,Denton,Denton,33.219074,-97.196296,4,86,94.25,7515
"Dallas-Fort Worth-Arlington, TX",48-121-1032,O3,Pilot Point,Texas,Denton,Pilot Point,33.410657,-96.944599,4,98,99.0,8471
"Dallas-Fort Worth-Arlington, TX",48-139-1044,O3,Italy,Texas,Ellis,Italy,32.175432,-96.870194,4,91,96.25,7973
"Dallas-Fort Worth-Arlington, TX",48-221-0001,O3,Granbury,Texas,Hood,Granbury,32.442308,-97.803549,4,96,97.5,8364
"Dallas-Fort Worth-Arlington, TX",48-231-1006,NO2,Greenville,Texas,Hunt,Greenville,33.153086,-96.115569,4,93,95.25,8132
"Dallas-Fort Worth-Arlington, TX",48-231-1006,O3,Greenville,Texas,Hunt,Greenville,33.153086,-96.115569,4,92,96.25,8168
"Dallas-Fort Worth-Arlington, TX",48-251-0003,O3,Cleburne Airport,Texas,Johnson,Cleburne,32.353592,-97.43679,4,93,98.0,8345
"Dallas-Fort Worth-Arlington, TX",48-257-0005,NO2,Kaufman,Texas,Kaufman,Kaufman,32.564967,-96.317683,4,88,91.5,7685
"Dallas-Fort Worth-Arlington, TX",48-257-0005,O3,Kaufman,Texas,Kaufman,Kaufman,32.564967,-96.317683,4,92,96.5,8222
"Dallas-Fort Worth-Arlington, TX",48-257-0005,SO2,Kaufman,Texas,Kaufman,Kaufman,32.564967,-96.317683,4,93,96.25,8132
"Dallas-Fort Worth-Arlington, TX",48-367-0081,O3,Parker County,Texas,Parker,Weatherford,32.868761,-97.905937,4,93,96.75,8424
"Dallas-Fort Worth-Arlington, TX",48-397-0001,O3,Rockwall Heath,Texas,Rockwall,Rockwall,32.936527,-96.459244,4,92,95.5,8122
"Dallas-Fort Worth-Arlington, TX",48-439-0075,NO2,Eagle Mountain Lake,Texas,Tarrant,Eagle Mountain,32.987887,-97.477154,4,75,90.75,6577
"Dallas-Fort Worth-Arlington, TX",48-439-0075,O3,Eagle Mountain Lake,Texas,Tarrant,Eagle Mountain,32.987887,-97.477154,4,96,97.5,8215
"Dallas-Fort Worth-Arlington, TX",48-439-1002,NO2,Fort Worth Northwest,Texas,Tarrant,Fort Worth,32.805816,-97.356526,4,94,95.5,8299
"Dallas-Fort Worth-Arlington, TX",48-439-1002,O3,Fort Worth Northwest,Texas,Tarrant,Fort Worth,32.805816,-97.356526,4,95,97.5,8291
"Dallas-Fort Worth-Arlington, TX",48-439-1002,PM2.5,Fort Worth Northwest,Texas,Tarrant,Fort Worth,32.805816,-97.356526,4,94,95.25,8226
"Dallas-Fort Worth-Arlington, TX",48-439-1006,PM2.5,Haws Athletic Center,Texas,Tarrant,Fort Worth,32.759148,-97.342323,4,94,96.25,8191
"Dallas-Fort Worth-Arlington, TX",48-439-1053,CO,Fort Worth California Parkway North,Texas,Tarrant,Fort Worth,32.664758,-97.337905,4,63,87.75,5538
"Dallas-Fort Worth-Arlington, TX",48-439-1053,NO2,Fort Worth California Parkway North,Texas,Tarrant,Fort Worth,32.664758,-97.337905,4,63,85.25,5511
"Dallas-Fort Worth-Arlington, TX",48-439-1053,PM2.5,Fort Worth California Parkway North,Texas,Tarrant,Fort Worth,32.664758,-97.337905,4,93,95.0,8146
"Dallas-Fort Worth-Arlington, TX",48-439-2003,NO2,Keller,Texas,Tarrant,Fort Worth,32.922489,-97.282096,4,82,93.25,7156
"Dallas-Fort Worth-Arlington, TX",48-439-2003,O3,Keller,Texas,Tarrant,Fort Worth,32.922489,-97.282096,4,93,97.75,8433
"Dallas-Fort Worth-Arlington, TX",48-439-3009,NO2,Grapevine Fairway,Texas,Tarrant,Grapevine,32.984258,-97.063702,4,95,96.25,8340
"Dallas-Fort Worth-Arlington, TX",48-439-3009,O3,Grapevine Fairway,Texas,Tarrant,Grapevine,32.984258,-97.063702,4,98,98.75,8548
"Dallas-Fort Worth-Arlington, TX",48-439-3011,NO2,Arlington Municipal Airport,Texas,Tarrant,Arlington,32.656365,-97.088592,4,84,91.75,7325
"Dallas-Fort Worth-Arlington, TX",48-439-3011,O3,Arlington Municipal Airport,Texas,Tarrant,Arlington,32.656365,-97.088592,4,59,81.5,6185
"Dalton, GA",13-213-0003,O3,Fort Mountain,Georgia,Murray,Chatsworth,34.785219,-84.626423,4,98,98.5,5725
"Daphne-Fairhope-Foley, AL",01-003-0010,O3,"FAIRHOPE, Alabama",Alabama,Baldwin,Fairhope,30.497478,-87.880258,4,92,96.0,5148
"Davenport-Moline-Rock Island, IA-IL",17-161-3002,O3,ROCK ISLAND ARSENAL,Illinois,Rock Island,Rock Island Arsenal (U.S. Army),41.514727,-90.51735,4,91,96.75,5389
"Davenport-Moline-Rock Island, IA-IL",17-161-3002,PM2.5,ROCK ISLAND ARSENAL,Illinois,Rock Island,Rock Island Arsenal (U.S. Army),41.514727,-90.51735,4,98,99.25,8598
"Davenport-Moline-Rock Island, IA-IL",19-163-0014,O3,SCOTT COUNTY PARK,Iowa,Scott,Davenport,41.699174,-90.521944,4,98,99.5,5583
"Davenport-Moline-Rock Island, IA-IL",19-163-0015,CO,"DAVENPORT, JEFFERSON SCH.",Iowa,Scott,Davenport,41.530011,-90.587611,4,76,84.0,6685
"Davenport-Moline-Rock Island, IA-IL",19-163-0015,O3,"DAVENPORT, JEFFERSON SCH.",Iowa,Scott,Davenport,41.530011,-90.587611,4,96,97.25,8118
"Davenport-Moline-Rock Island, IA-IL",19-163-0015,PM2.5,"DAVENPORT, JEFFERSON SCH.",Iowa,Scott,Davenport,41.530011,-90.587611,4,95,97.75,8358
"Davenport-Moline-Rock Island, IA-IL",19-163-0015,SO2,"DAVENPORT, JEFFERSON SCH.",Iowa,Scott,Davenport,41.530011,-90.587611,4,89,91.75,7796
"Davenport-Moline-Rock Island, IA-IL",19-163-0017,PM10,"BUFFALO, LW MINING",Iowa,Scott,Buffalo,41.467236,-90.688451,4,92,93.75,8039
"Dayton, OH",39-057-0006,O3,Xenia,Ohio,Greene,Xenia,39.66575,-83.94268,4,96,98.5,5569
"Dayton, OH",39-109-0005,O3,Miami East HS,Ohio,Miami,Casstown,40.08502,-84.113808,4,100,100.0,5823
"Dayton, OH",39-113-0037,O3,Eastwood,Ohio,Montgomery,Dayton,39.785644,-84.134412,4,99,99.5,5767
"Dayton, OH",39-113-0038,PM10,Sinclair,Ohio,Montgomery,Dayton,39.755969,-84.198674,4,98,99.0,8558
"Dayton, OH",39-113-0038,PM2.5,Sinclair,Ohio,Montgomery,Dayton,39.755969,-84.198674,4,98,99.0,8558
"Dayton, OH",39-135-1001,CO,Preble NCore,Ohio,Preble,New Paris,39.83562,-84.720524,4,87,89.0,7658
"Dayton, OH",39-135-1001,O3,Preble NCore,Ohio,Preble,New Paris,39.83562,-84.720524,4,96,98.0,8361
"Dayton, OH",39-135-1001,PM10,Preble NCore,Ohio,Preble,New Paris,39.83562,-84.720524,4,94,96.25,8196
"Dayton, OH",39-135-1001,PM2.5,Preble NCore,Ohio,Preble,New Paris,39.83562,-84.720524,4,95,97.25,8317
"Dayton, OH",39-135-1001,SO2,Preble NCore,Ohio,Preble,New Paris,39.83562,-84.720524,4,85,89.5,7438
"Decatur, AL",01-103-0011,O3,"DECATUR, Alabama",Alabama,Morgan,Decatur,34.530717,-86.967536,4,98,99.5,5473
"Decatur, AL",01-103-0011,PM2.5,"DECATUR, Alabama",Alabama,Morgan,Decatur,34.530717,-86.967536,4,93,97.25,8113
"Decatur, IL",17-115-0013,O3,IEPA TRAILER,Illinois,Macon,Decatur,39.866834,-88.925594,4,98,99.25,5762
"Decatur, IL",17-115-0013,PM2.5,IEPA TRAILER,Illinois,Macon,Decatur,39.866834,-88.925594,4,97,99.25,8490
"Decatur, IL",17-115-0013,SO2,IEPA TRAILER,Illinois,Macon,Decatur,39.866834,-88.925594,4,92,96.25,8101
"Decatur, IL",17-115-0217,SO2,T&L North,Illinois,Macon,Decatur,39.850712,-88.933635,4,99,99.0,8667
"Decatur, IL",17-115-0317,SO2,T&L South,Illinois,Macon,Decatur,39.846856,-88.923323,4,97,98.75,8503
"Deltona-Daytona Beach-Ormond Beach, FL",12-035-0004,O3,Flagler,Florida,Flagler,Bunnell,29.489083,-81.276833,4,97,98.25,8387
"Deltona-Daytona Beach-Ormond Beach, FL",12-127-5002,O3,DAYTONA BLIND SERVICES,Florida,Volusia,Daytona Beach,29.206667,-81.0525,4,98,99.25,8577
"Deltona-Daytona Beach-Ormond Beach, FL",12-127-5002,PM10,DAYTONA BLIND SERVICES,Florida,Volusia,Daytona Beach,29.206667,-81.0525,4,94,96.5,8242
"Deltona-Daytona Beach-Ormond Beach, FL",12-127-5002,PM2.5,DAYTONA BLIND SERVICES,Florida,Volusia,Daytona Beach,29.206667,-81.0525,4,94,96.5,8242
"Deming, NM",35-029-0003,PM10,7E Deming Airport,New Mexico,Luna,Deming,32.2558,-107.7227,4,97,98.25,8464
"Denver-Aurora-Lakewood, CO",08-001-0010,PM2.5,Birch Street,Colorado,Adams,Commerce City,39.8281,-104.93647,4,79,93.25,6924
"Denver-Aurora-Lakewood, CO",08-001-3001,NO2,Welby,Colorado,Adams,Welby,39.838119,-104.94984,4,83,88.75,7264
"Denver-Aurora-Lakewood, CO",08-001-3001,O3,Welby,Colorado,Adams,Welby,39.838119,-104.94984,4,84,86.25,7454
"Denver-Aurora-Lakewood, CO",08-001-3001,PM10,Welby,Colorado,Adams,Welby,39.838119,-104.94984,4,77,90.25,6763
"Denver-Aurora-Lakewood, CO",08-001-3001,SO2,Welby,Colorado,Adams,Welby,39.838119,-104.94984,4,80,90.5,7010
"Denver-Aurora-Lakewood, CO",08-005-0002,O3,HIGHLAND RESERVOIR,Colorado,Arapahoe,Southglenn,39.567887,-104.957193,4,97,98.75,8541
"Denver-Aurora-Lakewood, CO",08-005-0006,O3,Aurora East,Colorado,Arapahoe,,39.638522,-104.569335,4,92,97.75,8097
"Denver-Aurora-Lakewood, CO",08-019-0006,O3,Mines Peak,Colorado,Clear Creek,,39.794391,-105.76398,4,95,97.5,8351
"Denver-Aurora-Lakewood, CO",08-031-0002,NO2,DENVER - CAMP,Colorado,Denver,Denver,39.751184,-104.987625,4,74,83.5,6443
"Denver-Aurora-Lakewood, CO",08-031-0002,O3,DENVER - CAMP,Colorado,Denver,Denver,39.751184,-104.987625,4,70,86.25,6149
"Denver-Aurora-Lakewood, CO",08-031-0002,PM2.5,DENVER - CAMP,Colorado,Denver,Denver,39.751184,-104.987625,4,77,89.75,6739
"Denver-Aurora-Lakewood, CO",08-031-0002,SO2,DENVER - CAMP,Colorado,Denver,Denver,39.751184,-104.987625,4,77,88.75,6768
"Denver-Aurora-Lakewood, CO",08-031-0013,PM2.5,DENVER - NJH-E,Colorado,Denver,Denver,39.738578,-104.939925,4,97,98.25,8488
"Denver-Aurora-Lakewood, CO",08-031-0026,CO,La Casa,Colorado,Denver,Denver,39.77949,-105.00518,4,94,96.75,8251
"Denver-Aurora-Lakewood, CO",08-031-0026,NO2,La Casa,Colorado,Denver,Denver,39.77949,-105.00518,4,86,89.5,7496
"Denver-Aurora-Lakewood, CO",08-031-0026,O3,La Casa,Colorado,Denver,Denver,39.77949,-105.00518,4,91,93.25,8033
"Denver-Aurora-Lakewood, CO",08-031-0026,PM2.5,La Casa,Colorado,Denver,Denver,39.77949,-105.00518,4,96,98.25,8392
"Denver-Aurora-Lakewood, CO",08-031-0026,SO2,La Casa,Colorado,Denver,Denver,39.77949,-105.00518,4,89,91.5,7839
"Denver-Aurora-Lakewood, CO",08-031-0027,CO,I-25,Colorado,Denver,Denver,39.73217,-105.0153,4,95,97.25,8342
"Denver-Aurora-Lakewood, CO",08-031-0027,NO2,I-25,Colorado,Denver,Denver,39.73217,-105.0153,4,87,91.75,7630
"Denver-Aurora-Lakewood, CO",08-031-0027,PM2.5,I-25,Colorado,Denver,Denver,39.73217,-105.0153,4,98,98.75,8612
"Denver-Aurora-Lakewood, CO",08-031-0028,NO2,Globeville,Colorado,Denver,Denver,39.7861,-104.9886,4,93,93.25,8172
"Denver-Aurora-Lakewood, CO",08-031-0028,PM2.5,Globeville,Colorado,Denver,Denver,39.7861,-104.9886,4,95,98.0,8286
"Denver-Aurora-Lakewood, CO",08-035-0004,O3,Chatfield State Park,Colorado,Douglas,Roxborough Park,39.534488,-105.070358,4,97,97.75,8383
"Denver-Aurora-Lakewood, CO",08-035-0004,PM2.5,Chatfield State Park,Colorado,Douglas,Roxborough Park,39.534488,-105.070358,4,93,96.75,8180
"Denver-Aurora-Lakewood, CO",08-047-0003,O3,Black Hawk,Colorado,Gilpin,Black Hawk,39.792519,-105.49127,4,99,99.25,8665
"Denver-Aurora-Lakewood, CO",08-059-0006,NO2,ROCKY FLATS-N,Colorado,Jefferson,,39.912799,-105.188587,4,88,92.25,7712
"Denver-Aurora-Lakewood, CO",08-059-0006,O3,ROCKY FLATS-N,Colorado,Jefferson,,39.912799,-105.188587,4,93,97.5,8096
"Denver-Aurora-Lakewood, CO",08-059-0011,O3,NATIONAL RENEWABLE ENERGY LABS - NREL,Colorado,Jefferson,Applewood,39.743724,-105.177989,4,98,98.75,8581
"Denver-Aurora-Lakewood, CO",08-059-0014,O3,Evergreen,Colorado,Jefferson,Evergreen,39.620408,-105.33872,4,88,94.25,7746
"Denver-Aurora-Lakewood, CO",08-093-0001,O3,Kenosha Pass,Colorado,Park,,39.417,-105.755,4,74,84.5,6297
"Des Moines-West Des Moines, IA",19-153-0030,O3,CARPENTER,Iowa,Polk,Des Moines,41.603159,-93.643118,4,100,100.0,5580
"Des Moines-West Des Moines, IA",19-153-0030,PM2.5,CARPENTER,Iowa,Polk,Des Moines,41.603159,-93.643118,4,98,98.0,8552
"Des Moines-West Des Moines, IA",19-153-1579,O3,"Sheldahl, Southern Crossroads",Iowa,Polk,Polk City,41.849433,-93.697617,4,97,99.25,5444
"Detroit-Warren-Dearborn, MI",26-099-0009,O3,New Haven,Michigan,Macomb,New Haven,42.731394,-82.793463,4,98,99.5,5513
"Detroit-Warren-Dearborn, MI",26-099-0009,PM2.5,New Haven,Michigan,Macomb,New Haven,42.731394,-82.793463,4,97,98.75,8535
"Detroit-Warren-Dearborn, MI",26-099-1003,O3,WARREN - FIRE STATION 29900 HOOVER AT COMMON,Michigan,Macomb,Warren,42.51334,-83.005971,4,96,99.0,5392
"Detroit-Warren-Dearborn, MI",26-125-0001,O3,Oak Park,Michigan,Oakland,Oak Park,42.463063,-83.183199,4,96,98.5,5372
"Detroit-Warren-Dearborn, MI",26-147-0005,O3,Port Huron,Michigan,St. Clair,Port Huron,42.953336,-82.456229,4,97,98.75,5464
"Detroit-Warren-Dearborn, MI",26-147-0005,PM2.5,Port Huron,Michigan,St. Clair,Port Huron,42.953336,-82.456229,4,92,97.25,8091
"Detroit-Warren-Dearborn, MI",26-147-0005,SO2,Port Huron,Michigan,St. Clair,Port Huron,42.953336,-82.456229,4,94,94.75,8247
"Detroit-Warren-Dearborn, MI",26-163-0001,CO,Allen Park,Michigan,Wayne,Allen Park,42.228611,-83.208333,4,73,84.25,6363
"Detroit-Warren-Dearborn, MI",26-163-0001,O3,Allen Park,Michigan,Wayne,Allen Park,42.228611,-83.208333,4,84,91.0,7125
"Detroit-Warren-Dearborn, MI",26-163-0001,PM10,Allen Park,Michigan,Wayne,Allen Park,42.228611,-83.208333,4,85,95.5,7431
"Detroit-Warren-Dearborn, MI",26-163-0001,PM2.5,Allen Park,Michigan,Wayne,Allen Park,42.228611,-83.208333,4,88,96.25,7665
"Detroit-Warren-Dearborn, MI",26-163-0001,SO2,Allen Park,Michigan,Wayne,Allen Park,42.228611,-83.208333,4,91,93.25,7970
"Detroit-Warren-Dearborn, MI",26-163-0015,NO2,Detroit-Southwest,Michigan,Wayne,Detroit,42.302778,-83.106667,4,90,93.0,7909
"Detroit-Warren-Dearborn, MI",26-163-0015,PM2.5,Detroit-Southwest,Michigan,Wayne,Detroit,42.302778,-83.106667,4,80,93.0,7030
"Detroit-Warren-Dearborn, MI",26-163-0015,SO2,Detroit-Southwest,Michigan,Wayne,Detroit,42.302778,-83.106667,4,95,95.0,8344
"Detroit-Warren-Dearborn, MI",26-163-0019,NO2,East 7 Mile,Michigan,Wayne,Detroit,42.43084,-83.000138,4,87,94.5,7596
"Detroit-Warren-Dearborn, MI",26-163-0019,O3,East 7 Mile,Michigan,Wayne,Detroit,42.43084,-83.000138,4,96,98.75,5402
"Detroit-Warren-Dearborn, MI",26-163-0033,PM10,PROPERTY OWNED BY DEARBORN PUBLIC SCHOOLS,Michigan,Wayne,Dearborn,42.306666,-83.148889,4,87,90.5,7595
"Detroit-Warren-Dearborn, MI",26-163-0093,CO,Eliza Howell-NR,Michigan,Wayne,Detroit,42.385998,-83.266189,4,88,92.75,7699
"Detroit-Warren-Dearborn, MI",26-163-0093,NO2,Eliza Howell-NR,Michigan,Wayne,Detroit,42.385998,-83.266189,4,87,93.0,7664
"Detroit-Warren-Dearborn, MI",26-163-0093,PM2.5,Eliza Howell-NR,Michigan,Wayne,Detroit,42.385998,-83.266189,4,90,93.0,7856
"Detroit-Warren-Dearborn, MI",26-163-0097,SO2,NMH48217 NEW MT HERMAN CHURCH,Michigan,Wayne,Detroit,42.261669,-83.157893,4,92,94.25,8023
"Detroit-Warren-Dearborn, MI",26-163-0098,CO,DP4th - Detroit Police 4th Precinct (near GHIB),Michigan,Wayne,Detroit,42.312158,-83.091943,4,70,86.75,6189
"Detroit-Warren-Dearborn, MI",26-163-0098,NO2,DP4th - Detroit Police 4th Precinct (near GHIB),Michigan,Wayne,Detroit,42.312158,-83.091943,4,86,90.75,7562
"Detroit-Warren-Dearborn, MI",26-163-0098,PM2.5,DP4th - Detroit Police 4th Precinct (near GHIB),Michigan,Wayne,Detroit,42.312158,-83.091943,4,98,99.25,8611
"Detroit-Warren-Dearborn, MI",26-163-0098,SO2,DP4th - Detroit Police 4th Precinct (near GHIB),Michigan,Wayne,Detroit,42.312158,-83.091943,4,92,93.25,8077
"Detroit-Warren-Dearborn, MI",26-163-0099,CO,TRINITY ST MARKS - Gordy Howe International Bridge (GHIB),Michigan,Wayne,Detroit,42.295824,-83.129431,4,92,93.75,8073
"Detroit-Warren-Dearborn, MI",26-163-0099,NO2,TRINITY ST MARKS - Gordy Howe International Bridge (GHIB),Michigan,Wayne,Detroit,42.295824,-83.129431,4,80,88.5,7023
"Detroit-Warren-Dearborn, MI",26-163-0099,PM2.5,TRINITY ST MARKS - Gordy Howe International Bridge (GHIB),Michigan,Wayne,Detroit,42.295824,-83.129431,4,92,97.0,8123
"Detroit-Warren-Dearborn, MI",26-163-0099,SO2,TRINITY ST MARKS - Gordy Howe International Bridge (GHIB),Michigan,Wayne,Detroit,42.295824,-83.129431,4,94,94.25,8250
"Detroit-Warren-Dearborn, MI",26-163-0100,PM2.5,Military Park (GHIB),Michigan,Wayne,Detroit,42.312078,-83.103469,4,76,90.5,6631
"Detroit-Warren-Dearborn, MI",26-163-0100,SO2,Military Park (GHIB),Michigan,Wayne,Detroit,42.312078,-83.103469,4,86,92.5,7518
"Dickinson, ND",38-007-0002,O3,PAINTED CANYON,North Dakota,Billings,,46.8943,-103.37853,4,92,97.25,8353
"Dickinson, ND",38-007-0002,PM2.5,PAINTED CANYON,North Dakota,Billings,,46.8943,-103.37853,4,97,97.75,8489
"Dickinson, ND",38-007-0002,SO2,PAINTED CANYON,North Dakota,Billings,,46.8943,-103.37853,4,98,98.75,8551
"Dodge City, KS",20-057-0002,PM10,,Kansas,Ford,Dodge City,37.775303,-100.03544,4,85,95.75,7412
"Dover, DE",10-001-0002,O3,PROPERTY OF KILLENS POND STATE PARK; BEHIND FARM BUILDINGS,Delaware,Kent,,38.986681,-75.556818,4,90,94.0,7414
"Dover, DE",10-001-0002,PM2.5,PROPERTY OF KILLENS POND STATE PARK; BEHIND FARM BUILDINGS,Delaware,Kent,,38.986681,-75.556818,4,77,87.75,6783
"Duluth, MN-WI",27-017-7417,O3,Fond du Lac Band,Minnesota,Carlton,Cloquet,46.713694,-92.511722,4,78,91.5,4542
"Duluth, MN-WI",27-017-7417,PM2.5,Fond du Lac Band,Minnesota,Carlton,Cloquet,46.713694,-92.511722,4,96,98.25,8366
"Duluth, MN-WI",27-137-0034,O3,Voyageurs NP #2,Minnesota,Saint Louis,,48.41252,-92.829225,4,96,98.0,7272
"Duluth, MN-WI",27-137-7001,NO2,Virginia City Hall,Minnesota,Saint Louis,Virginia,47.523355,-92.536305,4,86,91.75,7561
"Duluth, MN-WI",27-137-7001,PM2.5,Virginia City Hall,Minnesota,Saint Louis,Virginia,47.523355,-92.536305,4,92,97.25,8017
"Duluth, MN-WI",27-137-7001,SO2,Virginia City Hall,Minnesota,Saint Louis,Virginia,47.523355,-92.536305,4,98,98.75,8573
"Duluth, MN-WI",27-137-7550,PM2.5,U of M - Duluth,Minnesota,Saint Louis,Duluth,46.81826,-92.08936,4,91,95.5,7980
"Duluth, MN-WI",27-137-7554,PM2.5,Laura MacArthur School,Minnesota,Saint Louis,Duluth,46.743657,-92.165998,4,83,94.0,7294
"Durango, CO",08-067-1004,NO2,Shamrock Mine,Colorado,La Plata,,37.30389,-107.484167,4,68,84.5,5941
"Durango, CO",08-067-1004,O3,Shamrock Mine,Colorado,La Plata,,37.30389,-107.484167,4,83,92.0,7164
"Durango, CO",08-067-7001,NO2,UTE 1,Colorado,La Plata,,37.13678,-107.62863,4,69,88.5,6059
"Durango, CO",08-067-7001,O3,UTE 1,Colorado,La Plata,,37.13678,-107.62863,4,86,92.75,7491
"Durango, CO",08-067-7003,NO2,UTE 3,Colorado,La Plata,,37.10258,-107.870219,4,72,84.5,6344
"Durango, CO",08-067-7003,O3,UTE 3,Colorado,La Plata,,37.10258,-107.870219,4,60,86.25,5277
"Durham-Chapel Hill, NC",37-063-0015,O3,Durham Armory,North Carolina,Durham,Durham,36.032955,-78.904037,4,97,99.25,5470
"Durham-Chapel Hill, NC",37-063-0015,PM10,Durham Armory,North Carolina,Durham,Durham,36.032955,-78.904037,4,95,96.5,8295
"Durham-Chapel Hill, NC",37-063-0015,PM2.5,Durham Armory,North Carolina,Durham,Durham,36.032955,-78.904037,4,95,96.5,8299
"Durham-Chapel Hill, NC",37-063-0015,SO2,Durham Armory,North Carolina,Durham,Durham,36.032955,-78.904037,4,94,94.75,8238
"Durham-Chapel Hill, NC",37-145-0003,O3,Bushy Fork,North Carolina,Person,,36.306965,-79.09197,4,100,100.0,5574
"Dyersburg, TN",47-045-0004,PM2.5,Dyersburg,Tennessee,Dyer,Dyersburg,36.05266,-89.382157,4,95,96.5,8306
"Eagle Pass, TX",48-323-0004,PM2.5,Eagle Pass,Texas,Maverick,Eagle Pass,28.704629,-100.451154,4,92,95.0,8031
"East Stroudsburg, PA",42-089-0002,O3,SWIFTWATER,Pennsylvania,Monroe,,41.08306,-75.32328,4,72,86.75,4697
"Eau Claire, WI",55-035-0014,O3,EAU CLAIRE - DOT SIGN SHOP,Wisconsin,Eau Claire,Eau Claire,44.76249,-91.41445,4,98,99.0,4819
"Eau Claire, WI",55-035-0014,PM10,EAU CLAIRE - DOT SIGN SHOP,Wisconsin,Eau Claire,Eau Claire,44.76249,-91.41445,4,97,99.0,8504
"Eau Claire, WI",55-035-0014,PM2.5,EAU CLAIRE - DOT SIGN SHOP,Wisconsin,Eau Claire,Eau Claire,44.76249,-91.41445,4,90,97.25,7914
"Effingham, IL",17-049-1001,O3,CENTRAL JR HIGH,Illinois,Effingham,Effingham,39.067159,-88.548934,4,97,98.0,5682
"El Centro, CA",06-025-0005,NO2,Calexico-Ethel Street,California,Imperial,Calexico,32.67618,-115.48307,4,94,95.0,8288
"El Centro, CA",06-025-0005,O3,Calexico-Ethel Street,California,Imperial,Calexico,32.67618,-115.48307,4,98,99.0,8293
"El Centro, CA",06-025-0005,PM10,Calexico-Ethel Street,California,Imperial,Calexico,32.67618,-115.48307,4,98,98.75,8649
"El Centro, CA",06-025-0005,PM2.5,Calexico-Ethel Street,California,Imperial,Calexico,32.67618,-115.48307,4,95,97.25,8311
"El Centro, CA",06-025-0005,SO2,Calexico-Ethel Street,California,Imperial,Calexico,32.67618,-115.48307,4,95,95.5,8353
"El Centro, CA",06-025-0007,PM10,Brawley-220 Main Street,California,Imperial,Brawley,32.97833,-115.53917,4,72,92.0,6323
"El Centro, CA",06-025-0007,PM2.5,Brawley-220 Main Street,California,Imperial,Brawley,32.97833,-115.53917,4,50,85.5,4360
"El Centro, CA",06-025-1003,NO2,El Centro-9th Street,California,Imperial,El Centro,32.79222,-115.56306,4,87,89.5,7604
"El Centro, CA",06-025-1003,O3,El Centro-9th Street,California,Imperial,El Centro,32.79222,-115.56306,4,67,89.0,5393
"El Centro, CA",06-025-1003,PM10,El Centro-9th Street,California,Imperial,El Centro,32.79222,-115.56306,4,98,98.5,8624
"El Centro, CA",06-025-4003,O3,Westmorland,California,Imperial,Westmorland,33.0325,-115.62361,4,90,92.5,7334
"El Centro, CA",06-025-4003,PM10,Westmorland,California,Imperial,Westmorland,33.0325,-115.62361,4,98,98.5,8557
"El Centro, CA",06-025-4004,PM10,Niland-English Road,California,Imperial,,33.213611,-115.54528,4,97,98.25,8485
"El Paso, TX",48-141-0029,O3,Ivanhoe,Texas,El Paso,El Paso,31.785763,-106.323602,4,75,93.0,6623
"El Paso, TX",48-141-0044,CO,El Paso Chamizal,Texas,El Paso,El Paso,31.765684,-106.455227,4,88,93.5,7750
"El Paso, TX",48-141-0044,NO2,El Paso Chamizal,Texas,El Paso,El Paso,31.765684,-106.455227,4,55,72.0,4818
"El Paso, TX",48-141-0044,O3,El Paso Chamizal,Texas,El Paso,El Paso,31.765684,-106.455227,4,96,98.0,8367
"El Paso, TX",48-141-0044,PM2.5,El Paso Chamizal,Texas,El Paso,El Paso,31.765684,-106.455227,4,81,91.0,7111
"El Paso, TX",48-141-0044,SO2,El Paso Chamizal,Texas,El Paso,El Paso,31.765684,-106.455227,4,89,93.5,7780
"El Paso, TX",48-141-0055,NO2,Ascarate Park SE,Texas,El Paso,El Paso,31.746748,-106.402788,4,82,90.0,7241
"El Paso, TX",48-141-0055,O3,Ascarate Park SE,Texas,El Paso,El Paso,31.746748,-106.402788,4,80,90.5,6924
"El Paso, TX",48-141-0057,O3,Socorro Hueco,Texas,El Paso,Socorro,31.667549,-106.287972,4,86,96.0,7546
"El Paso, TX",48-141-0058,O3,Skyline Park,Texas,El Paso,El Paso,31.893941,-106.425837,4,89,93.75,7688
"El Paso, TX",48-141-1021,CO,Ojo De Agua,Texas,El Paso,El Paso,31.862497,-106.547327,4,79,86.5,6944
"El Paso, TX",48-141-1021,O3,Ojo De Agua,Texas,El Paso,El Paso,31.862497,-106.547327,4,65,87.5,5651
"Elkhart-Goshen, IN",18-039-0007,O3,Bristol- Bristol Elem. Sch.,Indiana,Elkhart,Bristol,41.716959,-85.824696,4,95,98.5,8362
"Elkhart-Goshen, IN",18-039-0008,PM2.5,Elkhart- Prairie St.,Indiana,Elkhart,Elkhart,41.657155,-85.968446,4,95,95.5,8297
"Elko, NV",32-007-0005,PM10,Elko Grammar School No. 2,Nevada,Elko,Elko,40.83835,-115.766029,4,97,99.0,8464
"Ellensburg, WA",53-037-0002,PM2.5,ELLENSBURG - RUBY ST,Washington,Kittitas,Ellensburg,46.99364,-120.545,4,96,97.5,8423
"Enid, OK",40-047-0555,SO2,Kremlin,Oklahoma,Garfield,Enid,36.512363,-97.845959,4,96,98.0,8414
"Erie, PA",42-049-0003,CO,Erie,Pennsylvania,Erie,Erie,42.14175,-80.038611,4,69,83.5,6039
"Erie, PA",42-049-0003,NO2,Erie,Pennsylvania,Erie,Erie,42.14175,-80.038611,4,85,89.75,7473
"Erie, PA",42-049-0003,O3,Erie,Pennsylvania,Erie,Erie,42.14175,-80.038611,4,85,92.25,5170
"Erie, PA",42-049-0003,PM10,Erie,Pennsylvania,Erie,Erie,42.14175,-80.038611,4,68,83.75,5950
"Erie, PA",42-049-0003,PM2.5,Erie,Pennsylvania,Erie,Erie,42.14175,-80.038611,4,73,91.75,6431
"Espa¤ola, NM",35-039-0026,O3,3CRD Coyote Ranger District,New Mexico,Rio Arriba,,36.187742,-106.698369,4,87,93.75,7705
"Eugene, OR",41-039-0059,PM2.5,Eugene - Highway 99 (E99),Oregon,Lane,Eugene,44.067224,-123.141352,4,98,98.75,8572
"Eugene, OR",41-039-0060,O3,Eugene - Amazon Park (AMZ),Oregon,Lane,Eugene,44.026312,-123.083737,4,100,100.0,3643
"Eugene, OR",41-039-1007,O3,Saginaw - Delight Valley School Rd (SAG),Oregon,Lane,Cottage Grove,43.8345,-123.0353,4,99,99.5,3594
"Eugene, OR",41-039-2013,PM10,Oakridge - Willamette Activity Center (WAC),Oregon,Lane,Oakridge,43.744352,-122.480487,4,96,96.75,8408
"Eugene, OR",41-039-2013,PM2.5,Oakridge - Willamette Activity Center (WAC),Oregon,Lane,Oakridge,43.744352,-122.480487,4,97,97.75,8515
"Eugene, OR",41-039-9004,PM2.5,Cottage Grove - City Shops (CGC),Oregon,Lane,Cottage Grove,43.799501,-123.053487,4,96,97.75,8417
"Eureka-Arcata-Fortuna, CA",06-023-1004,NO2,Jacobs,California,Humboldt,Eureka,40.77678,-124.17949,4,88,90.25,7706
"Eureka-Arcata-Fortuna, CA",06-023-1004,O3,Jacobs,California,Humboldt,Eureka,40.77678,-124.17949,4,93,96.0,7961
"Eureka-Arcata-Fortuna, CA",06-023-1004,PM10,Jacobs,California,Humboldt,Eureka,40.77678,-124.17949,4,90,93.75,7856
"Eureka-Arcata-Fortuna, CA",06-023-1004,SO2,Jacobs,California,Humboldt,Eureka,40.77678,-124.17949,4,88,90.5,7708
"Evansville, IN-KY",18-051-0002,SO2,PSI/ Duke Energy- Gibson Network/ E. Mt. Carmel,Indiana,Gibson,,38.392991,-87.748323,4,93,94.25,8159
"Evansville, IN-KY",18-129-0003,O3,ST. PHILLIPS- St. Phillips road CAAP trailer,Indiana,Posey,,38.00641,-87.718354,4,98,98.75,8422
"Evansville, IN-KY",18-163-0013,O3,Inglefield/ Scott School,Indiana,Vanderburgh,,38.113889,-87.536667,4,98,99.25,8521
"Evansville, IN-KY",18-163-0021,NO2,Evansville- Buena Vista,Indiana,Vanderburgh,Evansville,38.013333,-87.577222,4,91,96.75,7987
"Evansville, IN-KY",18-163-0021,O3,Evansville- Buena Vista,Indiana,Vanderburgh,Evansville,38.013333,-87.577222,4,92,97.75,8064
"Evansville, IN-KY",18-163-0021,PM10,Evansville- Buena Vista,Indiana,Vanderburgh,Evansville,38.013333,-87.577222,4,97,97.75,8500
"Evansville, IN-KY",18-163-0021,PM2.5,Evansville- Buena Vista,Indiana,Vanderburgh,Evansville,38.013333,-87.577222,4,97,97.75,8500
"Evansville, IN-KY",18-163-0021,SO2,Evansville- Buena Vista,Indiana,Vanderburgh,Evansville,38.013333,-87.577222,4,95,97.25,8302
"Evansville, IN-KY",18-163-0022,CO,Evansville- Lloyd,Indiana,Vanderburgh,Evansville,37.97768,-87.596836,4,97,98.5,8533
"Evansville, IN-KY",18-173-0008,O3,Boonville-  Boonville HS,Indiana,Warrick,Boonville,38.051667,-87.278056,4,95,98.75,8419
"Evansville, IN-KY",18-173-0011,O3,Dayville,Indiana,Warrick,,37.954444,-87.321667,4,89,97.0,7880
"Evansville, IN-KY",18-173-0011,SO2,Dayville,Indiana,Warrick,,37.954444,-87.321667,4,69,90.5,6093
"Evansville, IN-KY",21-101-1011,SO2,Sebree SO2 DRR Site,Kentucky,Henderson,,37.654381,-87.511427,4,94,94.25,8206
"Fairbanks, AK",02-090-0034,CO,NCORE,Alaska,Fairbanks North Star ,Fairbanks,64.84569,-147.727413,4,76,88.5,6656
"Fairbanks, AK",02-090-0034,O3,NCORE,Alaska,Fairbanks North Star ,Fairbanks,64.84569,-147.727413,4,77,92.75,6647
"Fairbanks, AK",02-090-0034,PM10,NCORE,Alaska,Fairbanks North Star ,Fairbanks,64.84569,-147.727413,4,88,93.5,7741
"Fairbanks, AK",02-090-0034,SO2,NCORE,Alaska,Fairbanks North Star ,Fairbanks,64.84569,-147.727413,4,95,97.25,8333
"Fallon, NV",32-001-0002,O3,Fallon,Nevada,Churchill,Fallon,39.472471,-118.783624,4,95,97.25,8356
"Fargo, ND-MN",38-017-1004,NO2,FARGO NW,North Dakota,Cass,,46.933754,-96.85535,4,87,94.75,7616
"Fargo, ND-MN",38-017-1004,O3,FARGO NW,North Dakota,Cass,,46.933754,-96.85535,4,88,96.5,7664
"Fargo, ND-MN",38-017-1004,PM2.5,FARGO NW,North Dakota,Cass,,46.933754,-96.85535,4,96,98.0,8428
"Fargo, ND-MN",38-017-1004,SO2,FARGO NW,North Dakota,Cass,,46.933754,-96.85535,4,87,95.25,7629
"Farmington, NM",35-045-0009,NO2,1ZB Bloomfield,New Mexico,San Juan,Bloomfield,36.742227,-107.977567,4,95,96.75,8333
"Farmington, NM",35-045-0009,O3,1ZB Bloomfield,New Mexico,San Juan,Bloomfield,36.742227,-107.977567,4,96,97.0,8238
"Farmington, NM",35-045-0018,NO2,1NL Navajo Lake,New Mexico,San Juan,,36.809735,-107.652192,4,95,97.25,8308
"Farmington, NM",35-045-0018,O3,1NL Navajo Lake,New Mexico,San Juan,,36.809735,-107.652192,4,98,98.75,8569
"Farmington, NM",35-045-0020,NO2,Chaco Culture NHP - Radio Repeater,New Mexico,San Juan,,36.035,-107.904167,4,83,93.5,7287
"Farmington, NM",35-045-0020,O3,Chaco Culture NHP - Radio Repeater,New Mexico,San Juan,,36.035,-107.904167,4,95,96.75,8180
"Farmington, NM",35-045-1005,NO2,1H Substation,New Mexico,San Juan,,36.796667,-108.473138,4,97,97.75,8525
"Farmington, NM",35-045-1005,O3,1H Substation,New Mexico,San Juan,,36.796667,-108.473138,4,95,96.75,8353
"Farmington, NM",35-045-1005,PM10,1H Substation,New Mexico,San Juan,,36.796667,-108.473138,4,93,97.5,8187
"Farmington, NM",35-045-1233,O3,Dine College GIS Lab,New Mexico,San Juan,Shiprock,36.8071,-108.69523,4,66,85.0,5844
"Fayetteville, NC",37-051-0009,PM10,William Owen School,North Carolina,Cumberland,Fayetteville,35.041416,-78.953112,4,92,95.25,8054
"Fayetteville, NC",37-051-0009,PM2.5,William Owen School,North Carolina,Cumberland,Fayetteville,35.041416,-78.953112,4,93,96.25,8143
"Fayetteville, NC",37-051-0010,O3,Honeycutt School,North Carolina,Cumberland,Fayetteville,35.002304,-78.991692,4,96,98.75,5393
"Fayetteville-Springdale-Rogers, AR-MO",05-143-0005,O3,SPRINGDALE,Arkansas,Washington,Springdale,36.1797,-94.116827,4,100,100.0,8266
"Fayetteville-Springdale-Rogers, AR-MO",05-143-0006,O3,Fayetteville Airport,Arkansas,Washington,Fayetteville,36.011703,-94.167436,4,100,100.0,8387
"Fernley, NV",32-019-0006,O3,Fernley,Nevada,Lyon,Fernley,39.602787,-119.247741,4,77,91.0,6933
"Findlay, OH",39-063-0005,SO2,Sunny Farms West,Ohio,Hancock,Fostoria,41.093169,-83.423448,4,93,94.5,8181
"Flagstaff, AZ",04-005-8001,O3,Grand Canyon NP - The Abyss,Arizona,Coconino,Grand Canyon Village,36.05864,-112.1836,4,91,95.75,8237
"Flint, MI",26-049-0021,O3,WHALEY PK 3610 IOWA (FLINT),Michigan,Genesee,Flint,43.047224,-83.670159,4,93,97.75,5239
"Flint, MI",26-049-0021,PM2.5,WHALEY PK 3610 IOWA (FLINT),Michigan,Genesee,Flint,43.047224,-83.670159,4,94,97.5,8222
"Flint, MI",26-049-2001,O3,OtisvilleLAKEVILLE MIDDLE SCHOOL,Michigan,Genesee,Otisville,43.168336,-83.461541,4,100,100.0,5573
"Florence, SC",45-031-0003,O3,Pee Dee Experimental Station,South Carolina,Darlington,,34.285696,-79.744859,4,99,99.5,5805
"Fond du Lac, WI",55-039-0006,O3,FOND DU LAC,Wisconsin,Fond du Lac,,43.6874,-88.42205,4,99,99.75,4803
"Fort Collins, CO",08-069-0007,O3,Rocky Mountain NP,Colorado,Larimer,,40.27813,-105.54564,4,95,98.0,8031
"Fort Collins, CO",08-069-0009,PM2.5,FORT COLLINS - CSU - Edison,Colorado,Larimer,Fort Collins,40.571288,-105.079693,4,88,94.5,7718
"Fort Collins, CO",08-069-0011,O3,FORT COLLINS - WEST,Colorado,Larimer,Fort Collins,40.592543,-105.141122,4,96,98.25,8444
"Fort Collins, CO",08-069-1004,CO,Fort Collins - CSU - S. Mason,Colorado,Larimer,Fort Collins,40.57747,-105.07892,4,96,97.0,8425
"Fort Collins, CO",08-069-1004,O3,Fort Collins - CSU - S. Mason,Colorado,Larimer,Fort Collins,40.57747,-105.07892,4,94,95.5,8224
"Fort Payne, AL",01-049-9991,O3,Sand Mountain,Alabama,DeKalb,Crossville,34.289001,-85.970065,4,98,99.5,8238
"Fort Smith, AR-OK",40-135-9021,NO2,,Oklahoma,Sequoyah,Roland,35.40814,-94.524413,4,54,79.0,4762
"Fort Smith, AR-OK",40-135-9021,O3,,Oklahoma,Sequoyah,Roland,35.40814,-94.524413,4,89,93.5,6036
"Fort Wayne, IN",18-003-0002,O3,Leo High School,Indiana,Allen,Leo-Cedarville,41.221418,-85.016821,4,96,98.75,8085
"Fort Wayne, IN",18-183-0003,PM2.5,Larwill- Whitko Career Academy,Indiana,Whitley,,41.169646,-85.629292,4,57,88.5,4960
"Fresno, CA",06-019-0007,NO2,Fresno-Drummond,California,Fresno,,36.705474,-119.741332,4,92,93.5,8100
"Fresno, CA",06-019-0007,O3,Fresno-Drummond,California,Fresno,,36.705474,-119.741332,4,95,96.75,8137
"Fresno, CA",06-019-0011,NO2,Fresno - Garland,California,Fresno,Fresno,36.78538,-119.77321,4,86,92.5,7556
"Fresno, CA",06-019-0011,O3,Fresno - Garland,California,Fresno,Fresno,36.78538,-119.77321,4,95,97.25,8036
"Fresno, CA",06-019-0011,PM10,Fresno - Garland,California,Fresno,Fresno,36.78538,-119.77321,4,92,96.25,8061
"Fresno, CA",06-019-0011,PM2.5,Fresno - Garland,California,Fresno,Fresno,36.78538,-119.77321,4,91,96.5,8004
"Fresno, CA",06-019-0242,NO2,Fresno-Sky Park,California,Fresno,Fresno,36.841592,-119.874739,4,88,92.0,7705
"Fresno, CA",06-019-0242,O3,Fresno-Sky Park,California,Fresno,Fresno,36.841592,-119.874739,4,92,96.0,7706
"Fresno, CA",06-019-0500,O3,Table Mountain Air Monitoring Site,California,Fresno,,36.985119,-119.658339,4,98,99.0,8235
"Fresno, CA",06-019-0500,PM10,Table Mountain Air Monitoring Site,California,Fresno,,36.985119,-119.658339,4,95,98.0,8313
"Fresno, CA",06-019-0500,PM2.5,Table Mountain Air Monitoring Site,California,Fresno,,36.985119,-119.658339,4,94,97.25,8241
"Fresno, CA",06-019-2009,O3,Tranquillity,California,Fresno,,36.634225,-120.382331,4,95,97.5,8011
"Fresno, CA",06-019-2009,PM2.5,Tranquillity,California,Fresno,,36.634225,-120.382331,4,96,97.75,8440
"Fresno, CA",06-019-2016,CO,Fresno-Foundry,California,Fresno,Fresno,36.710833,-119.7775,4,85,89.25,7467
"Fresno, CA",06-019-2016,NO2,Fresno-Foundry,California,Fresno,Fresno,36.710833,-119.7775,4,86,91.0,7556
"Fresno, CA",06-019-2016,PM2.5,Fresno-Foundry,California,Fresno,Fresno,36.710833,-119.7775,4,95,96.5,8290
"Fresno, CA",06-019-4001,NO2,Parlier,California,Fresno,Parlier,36.597442,-119.503659,4,90,92.75,7893
"Fresno, CA",06-019-4001,O3,Parlier,California,Fresno,Parlier,36.597442,-119.503659,4,93,96.5,7893
"Fresno, CA",06-019-5001,CO,Clovis-Villa,California,Fresno,Clovis,36.819449,-119.716433,4,84,90.0,7401
"Fresno, CA",06-019-5001,NO2,Clovis-Villa,California,Fresno,Clovis,36.819449,-119.716433,4,93,93.5,8131
"Fresno, CA",06-019-5001,O3,Clovis-Villa,California,Fresno,Clovis,36.819449,-119.716433,4,96,97.25,8131
"Fresno, CA",06-019-5001,PM10,Clovis-Villa,California,Fresno,Clovis,36.819449,-119.716433,4,98,98.5,8606
"Fresno, CA",06-019-5001,PM2.5,Clovis-Villa,California,Fresno,Clovis,36.819449,-119.716433,4,97,98.0,8526
"Fresno, CA",06-019-5025,PM2.5,Fresno-Pacific,California,Fresno,Fresno,36.72639,-119.733,4,96,97.75,8447
"Gainesville, FL",12-001-3012,O3,Paynes Prairie Farm,Florida,Alachua,Micanopy,29.566112,-82.26608,4,90,96.75,8145
"Gainesville, FL",12-001-3012,PM2.5,Paynes Prairie Farm,Florida,Alachua,Micanopy,29.566112,-82.26608,4,95,97.25,8388
"Gainesville, GA",13-139-0003,PM2.5,Gainesville,Georgia,Hall,Gainesville,34.2993,-83.8134,4,99,99.25,8701
"Gardnerville Ranchos, NV",32-005-0007,PM2.5,Ranchos Aspen Park,Nevada,Douglas,Gardnerville Ranchos,38.897557,-119.732507,4,93,97.25,8204
"Gettysburg, PA",42-001-0001,CO,Arendtsville,Pennsylvania,Adams,,39.92002,-77.30968,4,58,86.25,5051
"Gettysburg, PA",42-001-0001,NO2,Arendtsville,Pennsylvania,Adams,,39.92002,-77.30968,4,81,90.0,7128
"Gettysburg, PA",42-001-0001,O3,Arendtsville,Pennsylvania,Adams,,39.92002,-77.30968,4,92,95.5,5622
"Gettysburg, PA",42-001-0001,PM2.5,Arendtsville,Pennsylvania,Adams,,39.92002,-77.30968,4,96,98.25,8402
"Gettysburg, PA",42-001-0001,SO2,Arendtsville,Pennsylvania,Adams,,39.92002,-77.30968,4,73,85.0,6437
"Gettysburg, PA",42-001-9991,O3,Arendtsville,Pennsylvania,Adams,,39.9231,-77.3078,4,96,98.25,8172
"Gillette, WY",56-005-0123,NO2,Thunder Basin,Wyoming,Campbell,,44.6522,-105.2903,4,88,91.5,7770
"Gillette, WY",56-005-0123,O3,Thunder Basin,Wyoming,Campbell,,44.6522,-105.2903,4,93,95.75,8054
"Glenwood Springs, CO",08-045-0012,O3,Rifle-Health Dept,Colorado,Garfield,Rifle,39.54182,-107.784125,4,97,99.0,8508
"Glenwood Springs, CO",08-045-0016,O3,Sunlight Mountain,Colorado,Garfield,,39.426,-107.38,4,97,98.75,8518
"Grand Island, NE",31-079-0005,PM2.5,Grand Island NDOT,Nebraska,Hall,Grand Island,40.915555,-98.378888,4,91,95.0,7995
"Grand Junction, CO",08-077-0017,PM2.5,GRAND JUNCTION - POWELL BLDG,Colorado,Mesa,Grand Junction,39.063798,-108.561173,4,99,99.0,8689
"Grand Junction, CO",08-077-0020,O3,Palisade-Water Treatment,Colorado,Mesa,Palisade,39.130575,-108.313835,4,96,98.25,8428
"Grand Rapids-Wyoming, MI",26-081-0020,CO,GR-MONROE,Michigan,Kent,Grand Rapids,42.984173,-85.671339,4,76,87.0,6714
"Grand Rapids-Wyoming, MI",26-081-0020,NO2,GR-MONROE,Michigan,Kent,Grand Rapids,42.984173,-85.671339,4,79,92.25,6960
"Grand Rapids-Wyoming, MI",26-081-0020,O3,GR-MONROE,Michigan,Kent,Grand Rapids,42.984173,-85.671339,4,89,95.0,7476
"Grand Rapids-Wyoming, MI",26-081-0020,PM10,GR-MONROE,Michigan,Kent,Grand Rapids,42.984173,-85.671339,4,80,91.0,7002
"Grand Rapids-Wyoming, MI",26-081-0020,PM2.5,GR-MONROE,Michigan,Kent,Grand Rapids,42.984173,-85.671339,4,80,91.25,7002
"Grand Rapids-Wyoming, MI",26-081-0020,SO2,GR-MONROE,Michigan,Kent,Grand Rapids,42.984173,-85.671339,4,94,94.5,8221
"Grand Rapids-Wyoming, MI",26-081-0022,O3,APPROXIMATELY 1/4 MILE SOUTH OF 14 MILE RD - EVANS,Michigan,Kent,,43.176672,-85.416608,4,96,98.0,5430
"Grand Rapids-Wyoming, MI",26-139-0005,O3,Jenison,Michigan,Ottawa,Jenison,42.894444,-85.852778,4,85,95.25,4764
"Grand Rapids-Wyoming, MI",26-139-0005,PM10,Jenison,Michigan,Ottawa,Jenison,42.894444,-85.852778,4,89,95.5,7827
"Grand Rapids-Wyoming, MI",26-139-0005,PM2.5,Jenison,Michigan,Ottawa,Jenison,42.894444,-85.852778,4,89,95.5,7819
"Greeley, CO",08-123-0006,PM2.5,Greeley - Hospital,Colorado,Weld,Greeley,40.414877,-104.70693,4,99,99.0,8688
"Greeley, CO",08-123-0009,CO,Greeley - Weld County Tower,Colorado,Weld,Greeley,40.386368,-104.73744,4,99,99.0,8633
"Greeley, CO",08-123-0009,O3,Greeley - Weld County Tower,Colorado,Weld,Greeley,40.386368,-104.73744,4,95,96.5,8236
"Greeley, CO",08-123-0011,O3,Briggsdale,Colorado,Weld,,40.65,-104.33,4,82,93.5,6859
"Greeley, CO",08-123-0012,O3,Pawnee Buttes,Colorado,Weld,,40.813,-104.036,4,76,86.25,6574
"Green Bay, WI",55-009-0005,PM2.5,GREEN BAY EAST HIGH,Wisconsin,Brown,Green Bay,44.50729,-87.99344,4,98,99.5,8616
"Green Bay, WI",55-009-0026,O3,GREEN BAY - UW,Wisconsin,Brown,Green Bay,44.53098,-87.90799,4,99,99.5,4820
"Green Bay, WI",55-061-0002,O3,KEWAUNEE,Wisconsin,Kewaunee,Kewaunee,44.44312,-87.50525,4,99,99.5,4687
"Greenfield Town, MA",25-011-2005,O3,Greenfield 16 Barr Ave,Massachusetts,Franklin,Greenfield,42.605816,-72.596689,4,97,98.5,8418
"Greenfield Town, MA",25-011-2005,PM2.5,Greenfield 16 Barr Ave,Massachusetts,Franklin,Greenfield,42.605816,-72.596689,4,74,92.5,6492
"Greensboro-High Point, NC",37-081-0013,O3,Mendenhall School,North Carolina,Guilford,Greensboro,36.109006,-79.802314,4,99,99.75,5611
"Greensboro-High Point, NC",37-081-0013,PM10,Mendenhall School,North Carolina,Guilford,Greensboro,36.109006,-79.802314,4,97,98.0,8518
"Greensboro-High Point, NC",37-081-0013,PM2.5,Mendenhall School,North Carolina,Guilford,Greensboro,36.109006,-79.802314,4,96,96.75,8404
"Greensboro-High Point, NC",37-157-0099,O3,Bethany sch.,North Carolina,Rockingham,,36.308889,-79.859167,4,98,99.0,5490
"Greenville, NC",37-147-0006,O3,Pitt Agri. Center,North Carolina,Pitt,,35.641276,-77.360126,4,100,100.0,5618
"Greenville, NC",37-147-0006,PM2.5,Pitt Agri. Center,North Carolina,Pitt,,35.641276,-77.360126,4,95,96.75,8307
"Greenville-Anderson-Mauldin, SC",45-007-0006,O3,Garrison Arena,South Carolina,Anderson,Pendleton,34.635958,-82.810667,4,94,97.25,5574
"Greenville-Anderson-Mauldin, SC",45-045-0015,NO2,Greenville ESC,South Carolina,Greenville,Greenville,34.843895,-82.414585,4,79,90.25,6901
"Greenville-Anderson-Mauldin, SC",45-045-0015,PM10,Greenville ESC,South Carolina,Greenville,Greenville,34.843895,-82.414585,4,91,95.75,8004
"Greenville-Anderson-Mauldin, SC",45-045-0015,PM2.5,Greenville ESC,South Carolina,Greenville,Greenville,34.843895,-82.414585,4,91,96.0,8004
"Greenville-Anderson-Mauldin, SC",45-045-0015,SO2,Greenville ESC,South Carolina,Greenville,Greenville,34.843895,-82.414585,4,98,98.75,8640
"Greenville-Anderson-Mauldin, SC",45-045-0016,O3,Hillcrest Middle School,South Carolina,Greenville,Simpsonville,34.751848,-82.256701,4,96,98.25,8351
"Gulfport-Biloxi-Pascagoula, MS",28-045-0003,O3,Waveland,Mississippi,Hancock,Waveland,30.300833,-89.395916,4,93,97.0,5368
"Gulfport-Biloxi-Pascagoula, MS",28-045-0003,PM2.5,Waveland,Mississippi,Hancock,Waveland,30.300833,-89.395916,4,96,97.5,8456
"Gulfport-Biloxi-Pascagoula, MS",28-047-0008,O3,Gulfport Youth Court,Mississippi,Harrison,Gulfport,30.390369,-89.049778,4,96,98.0,5470
"Gulfport-Biloxi-Pascagoula, MS",28-047-0008,PM2.5,Gulfport Youth Court,Mississippi,Harrison,Gulfport,30.390369,-89.049778,4,98,98.75,8580
"Gulfport-Biloxi-Pascagoula, MS",28-059-0006,NO2,Pascagoula,Mississippi,Jackson,Pascagoula,30.378287,-88.53393,4,91,92.5,7943
"Gulfport-Biloxi-Pascagoula, MS",28-059-0006,O3,Pascagoula,Mississippi,Jackson,Pascagoula,30.378287,-88.53393,4,96,98.25,5468
"Gulfport-Biloxi-Pascagoula, MS",28-059-0006,PM2.5,Pascagoula,Mississippi,Jackson,Pascagoula,30.378287,-88.53393,4,98,99.0,8588
"Gulfport-Biloxi-Pascagoula, MS",28-059-0006,SO2,Pascagoula,Mississippi,Jackson,Pascagoula,30.378287,-88.53393,4,92,93.25,8121
"Hagerstown-Martinsburg, MD-WV",24-043-0009,O3,Hagerstown,Maryland,Washington,,39.564178,-77.720244,4,97,97.75,5722
"Hagerstown-Martinsburg, MD-WV",24-043-0009,PM2.5,Hagerstown,Maryland,Washington,,39.564178,-77.720244,4,90,94.0,7845
"Hagerstown-Martinsburg, MD-WV",54-003-0003,O3,MARTINSBURG BALL FIELD,West Virginia,Berkeley,Martinsburg,39.448105,-77.963845,4,93,96.25,5381
"Hanford-Corcoran, CA",06-031-0004,PM10,Corcoran-Patterson,California,Kings,Corcoran,36.102244,-119.56565,4,98,98.0,8544
"Hanford-Corcoran, CA",06-031-0004,PM2.5,Corcoran-Patterson,California,Kings,Corcoran,36.102244,-119.56565,4,97,97.75,8520
"Hanford-Corcoran, CA",06-031-1004,NO2,Hanford-Irwin,California,Kings,Hanford,36.31567,-119.643447,4,90,92.25,7907
"Hanford-Corcoran, CA",06-031-1004,O3,Hanford-Irwin,California,Kings,Hanford,36.31567,-119.643447,4,65,88.25,5627
"Hanford-Corcoran, CA",06-031-1004,PM10,Hanford-Irwin,California,Kings,Hanford,36.31567,-119.643447,4,98,98.5,8544
"Hanford-Corcoran, CA",06-031-1004,PM2.5,Hanford-Irwin,California,Kings,Hanford,36.31567,-119.643447,4,97,97.75,8500
"Harrisburg-Carlisle, PA",42-041-0101,PM2.5,Carlisle,Pennsylvania,Cumberland,Carlisle,40.246528,-77.18675,4,95,97.25,8348
"Harrisburg-Carlisle, PA",42-043-0401,O3,Harrisburg,Pennsylvania,Dauphin,,40.246992,-76.846988,4,95,97.25,5586
"Harrisburg-Carlisle, PA",42-043-0401,PM2.5,Harrisburg,Pennsylvania,Dauphin,,40.246992,-76.846988,4,95,97.75,8356
"Harrisburg-Carlisle, PA",42-043-1100,O3,Hershey,Pennsylvania,Dauphin,Hershey,40.272222,-76.681389,4,89,93.25,4991
"Harrisburg-Carlisle, PA",42-043-1100,PM10,Hershey,Pennsylvania,Dauphin,Hershey,40.272222,-76.681389,4,55,85.25,4828
"Harrison, AR",05-101-0002,O3,DEER,Arkansas,Newton,,35.832726,-93.20826,4,99,99.75,8374
"Harrisonburg, VA",51-165-0003,NO2,ROCKINGHAM CO. VDOT,Virginia,Rockingham,,38.47753,-78.81952,4,97,97.75,8467
"Harrisonburg, VA",51-165-0003,O3,ROCKINGHAM CO. VDOT,Virginia,Rockingham,,38.47753,-78.81952,4,98,99.5,5690
"Harrisonburg, VA",51-165-0003,SO2,ROCKINGHAM CO. VDOT,Virginia,Rockingham,,38.47753,-78.81952,4,95,97.25,8334
"Hartford-West Hartford-East Hartford, CT",09-003-0025,NO2,Huntley Place-Hartford,Connecticut,Hartford,Hartford,41.771444,-72.679923,4,85,92.5,7453
"Hartford-West Hartford-East Hartford, CT",09-003-0025,PM10,Huntley Place-Hartford,Connecticut,Hartford,Hartford,41.771444,-72.679923,4,99,99.5,8665
"Hartford-West Hartford-East Hartford, CT",09-003-0025,PM2.5,Huntley Place-Hartford,Connecticut,Hartford,Hartford,41.771444,-72.679923,4,99,99.5,8665
"Hartford-West Hartford-East Hartford, CT",09-003-1003,NO2,McAuliffe Park,Connecticut,Hartford,East Hartford,41.784722,-72.631667,4,93,94.0,8126
"Hartford-West Hartford-East Hartford, CT",09-003-1003,O3,McAuliffe Park,Connecticut,Hartford,East Hartford,41.784722,-72.631667,4,94,96.75,8114
"Hartford-West Hartford-East Hartford, CT",09-003-1003,PM10,McAuliffe Park,Connecticut,Hartford,East Hartford,41.784722,-72.631667,4,98,98.75,8610
"Hartford-West Hartford-East Hartford, CT",09-003-1003,PM2.5,McAuliffe Park,Connecticut,Hartford,East Hartford,41.784722,-72.631667,4,98,98.75,8610
"Hartford-West Hartford-East Hartford, CT",09-007-9007,O3,CVH,Connecticut,Middlesex,Middletown,41.55,-72.626,4,97,97.5,4775
"Hartford-West Hartford-East Hartford, CT",09-013-1001,O3,Shenipsit State Forest,Connecticut,Tolland,Stafford (Stafford Hollow),41.976389,-72.388056,4,93,95.75,4657
"Hattiesburg, MS",28-035-0004,PM2.5,Hattiesburg,Mississippi,Forrest,Hattiesburg,31.32389,-89.2922,4,99,99.5,8663
"Helena, MT",30-049-0004,CO,NCORE - Sieben Flats,Montana,Lewis and Clark,,46.8505,-111.987164,4,81,87.75,7102
"Helena, MT",30-049-0004,O3,NCORE - Sieben Flats,Montana,Lewis and Clark,,46.8505,-111.987164,4,88,93.75,8014
"Helena, MT",30-049-0004,PM2.5,NCORE - Sieben Flats,Montana,Lewis and Clark,,46.8505,-111.987164,4,85,93.0,7471
"Helena, MT",30-049-0004,SO2,NCORE - Sieben Flats,Montana,Lewis and Clark,,46.8505,-111.987164,4,84,91.25,7418
"Helena, MT",30-049-0026,PM2.5,ROSSITER PUMP HOUSE,Montana,Lewis and Clark,Helena Valley West Central,46.658762,-112.013089,4,96,98.25,8402
"Hermiston-Pendleton, OR",41-059-1003,O3,Hermiston - Municipal Airport (HMA),Oregon,Umatilla,Hermiston,45.828968,-119.262991,4,98,99.5,3603
"Hickory-Lenoir-Morganton, NC",37-003-0005,O3,Taylorsville Liledoun,North Carolina,Alexander,Taylorsville,35.9138,-81.191,4,100,100.0,5596
"Hickory-Lenoir-Morganton, NC",37-027-0003,O3,Lenoir (city),North Carolina,Caldwell,Lenoir,35.9359,-81.5306,4,96,98.75,5449
"Hickory-Lenoir-Morganton, NC",37-035-0004,PM2.5,Hickory Water Tower,North Carolina,Catawba,Hickory,35.728889,-81.365556,4,94,94.5,8226
"Hilo, HI",15-001-0005,PM2.5,Hawaii Volcanoes NP - Kilauea Visitors Center,Hawaii,Hawaii,Hawaii Volcanoes National Park,19.4308,-155.2578,4,60,80.0,5289
"Hilo, HI",15-001-0005,SO2,Hawaii Volcanoes NP - Kilauea Visitors Center,Hawaii,Hawaii,Hawaii Volcanoes National Park,19.4308,-155.2578,4,85,92.0,7413
"Hilo, HI",15-001-1006,PM2.5,Hilo,Hawaii,Hawaii,Hilo,19.717562,-155.11053,4,66,86.75,5783
"Hilo, HI",15-001-1006,SO2,Hilo,Hawaii,Hawaii,Hilo,19.717562,-155.11053,4,82,93.25,7144
"Hilo, HI",15-001-1012,PM2.5,Kona,Hawaii,Hawaii,Kealakekua,19.509778,-155.913417,4,94,97.25,8253
"Hilo, HI",15-001-1012,SO2,Kona,Hawaii,Hawaii,Kealakekua,19.509778,-155.913417,4,92,96.25,8048
"Hilo, HI",15-001-2016,PM2.5,Pahala,Hawaii,Hawaii,Pahala,19.2039,-155.480183,4,96,97.5,8369
"Hilo, HI",15-001-2016,SO2,Pahala,Hawaii,Hawaii,Pahala,19.2039,-155.480183,4,91,94.5,7956
"Hilo, HI",15-001-2020,PM2.5,HOVE,Hawaii,Hawaii,Hawaiian Ocean View,19.117561,-155.778136,4,92,94.0,8069
"Hilo, HI",15-001-2020,SO2,HOVE,Hawaii,Hawaii,Hawaiian Ocean View,19.117561,-155.778136,4,86,93.25,7540
"Hilo, HI",15-001-2023,PM2.5,Mountain View 23,Hawaii,Hawaii,Mountain View,19.555444,-155.102028,4,92,95.75,8058
"Hilo, HI",15-001-2023,SO2,Mountain View 23,Hawaii,Hawaii,Mountain View,19.555444,-155.102028,4,93,96.75,8162
"Hilo, HI",15-001-2035,SO2,Leilani Estates,Hawaii,Hawaii,,19.465,-154.914,4,52,83.5,4560
"Hilo, HI",15-001-3027,PM2.5,KS Hawaii,Hawaii,Hawaii,,19.611914,-155.055037,4,91,95.25,7963
"Hilo, HI",15-001-3033,SO2,Naalehu-TS,Hawaii,Hawaii,Naalehu,19.060655,-155.579159,4,92,96.25,8054
"Hilo, HI",15-001-3034,PM2.5,Kailua-Kona,Hawaii,Hawaii,Kailua,19.618158,-155.971242,4,93,95.75,8185
"Hobbs, NM",35-025-0008,NO2,5ZS Hobbs Jefferson,New Mexico,Lea,Hobbs,32.726656,-103.122917,4,87,90.75,7625
"Hobbs, NM",35-025-0008,O3,5ZS Hobbs Jefferson,New Mexico,Lea,Hobbs,32.726656,-103.122917,4,97,98.25,8480
"Hobbs, NM",35-025-0008,PM2.5,5ZS Hobbs Jefferson,New Mexico,Lea,Hobbs,32.726656,-103.122917,4,96,96.75,8410
"Holland, MI",26-005-0003,O3,1016 W. 32nd St (Holland),Michigan,Allegan,Holland,42.768233,-86.150636,4,96,98.0,5382
"Holland, MI",26-005-0003,PM2.5,1016 W. 32nd St (Holland),Michigan,Allegan,Holland,42.768233,-86.150636,4,68,88.25,5969
"Homosassa Springs, FL",12-017-0006,SO2,Crystal River Preserve,Florida,Citrus,,28.958652,-82.642209,4,88,94.75,7751
"Houma-Thibodaux, LA",22-057-0004,O3,Thibodaux,Louisiana,Lafourche,Thibodaux,29.764098,-90.765275,4,94,95.5,8119
"Houston-The Woodlands-Sugar Land, TX",48-039-1004,NO2,Manvel Croix Park,Texas,Brazoria,Manvel,29.520452,-95.392503,4,72,89.25,6293
"Houston-The Woodlands-Sugar Land, TX",48-039-1004,O3,Manvel Croix Park,Texas,Brazoria,Manvel,29.520452,-95.392503,4,96,96.25,8463
"Houston-The Woodlands-Sugar Land, TX",48-039-1016,NO2,Lake Jackson,Texas,Brazoria,Lake Jackson,29.043761,-95.472953,4,84,90.25,7376
"Houston-The Woodlands-Sugar Land, TX",48-039-1016,O3,Lake Jackson,Texas,Brazoria,Lake Jackson,29.043761,-95.472953,4,91,93.0,8152
"Houston-The Woodlands-Sugar Land, TX",48-167-0005,SO2,Texas City Ball Park,Texas,Galveston,Texas City,29.385254,-94.931543,4,69,87.25,6050
"Houston-The Woodlands-Sugar Land, TX",48-167-1034,NO2,Galveston 99th Street,Texas,Galveston,Galveston,29.25447,-94.861278,4,80,85.5,6968
"Houston-The Woodlands-Sugar Land, TX",48-167-1034,O3,Galveston 99th Street,Texas,Galveston,Galveston,29.25447,-94.861278,4,84,92.25,7452
"Houston-The Woodlands-Sugar Land, TX",48-167-1034,PM2.5,Galveston 99th Street,Texas,Galveston,Galveston,29.25447,-94.861278,4,88,92.0,7665
"Houston-The Woodlands-Sugar Land, TX",48-201-0024,NO2,Houston Aldine,Texas,Harris,Houston,29.90103,-95.326147,4,79,83.75,6921
"Houston-The Woodlands-Sugar Land, TX",48-201-0024,O3,Houston Aldine,Texas,Harris,Houston,29.90103,-95.326147,4,88,90.75,7784
"Houston-The Woodlands-Sugar Land, TX",48-201-0024,PM2.5,Houston Aldine,Texas,Harris,Houston,29.90103,-95.326147,4,95,97.0,8338
"Houston-The Woodlands-Sugar Land, TX",48-201-0026,NO2,Channelview,Texas,Harris,Channelview,29.802716,-95.125516,4,68,89.25,5944
"Houston-The Woodlands-Sugar Land, TX",48-201-0026,O3,Channelview,Texas,Harris,Channelview,29.802716,-95.125516,4,97,97.75,8420
"Houston-The Woodlands-Sugar Land, TX",48-201-0029,NO2,Northwest Harris County,Texas,Harris,Tomball,30.039522,-95.673918,4,79,85.75,6884
"Houston-The Woodlands-Sugar Land, TX",48-201-0029,O3,Northwest Harris County,Texas,Harris,Tomball,30.039522,-95.673918,4,92,96.5,8052
"Houston-The Woodlands-Sugar Land, TX",48-201-0046,O3,Houston North Wayside,Texas,Harris,Houston,29.828516,-95.283956,4,94,95.25,8234
"Houston-The Woodlands-Sugar Land, TX",48-201-0046,PM2.5,Houston North Wayside,Texas,Harris,Houston,29.828516,-95.283956,4,63,87.0,5538
"Houston-The Woodlands-Sugar Land, TX",48-201-0047,NO2,Lang,Texas,Harris,Houston,29.834167,-95.489129,4,59,76.75,5164
"Houston-The Woodlands-Sugar Land, TX",48-201-0047,O3,Lang,Texas,Harris,Houston,29.834167,-95.489129,4,91,96.75,7999
"Houston-The Woodlands-Sugar Land, TX",48-201-0051,O3,Houston Croquet,Texas,Harris,Houston,29.623961,-95.474333,4,96,97.75,8449
"Houston-The Woodlands-Sugar Land, TX",48-201-0051,SO2,Houston Croquet,Texas,Harris,Houston,29.623961,-95.474333,4,96,97.25,8454
"Houston-The Woodlands-Sugar Land, TX",48-201-0055,NO2,Houston Bayland Park,Texas,Harris,Houston,29.69566,-95.49924,4,84,89.5,7322
"Houston-The Woodlands-Sugar Land, TX",48-201-0055,O3,Houston Bayland Park,Texas,Harris,Houston,29.69566,-95.49924,4,75,89.25,6602
"Houston-The Woodlands-Sugar Land, TX",48-201-0058,PM2.5,Baytown,Texas,Harris,Baytown,29.770692,-95.031237,4,89,95.25,7794
"Houston-The Woodlands-Sugar Land, TX",48-201-0062,O3,Houston Monroe,Texas,Harris,Houston,29.625667,-95.267058,4,88,95.25,7754
"Houston-The Woodlands-Sugar Land, TX",48-201-0066,O3,Houston Westhollow,Texas,Harris,Houston,29.723333,-95.635941,4,93,95.5,8253
"Houston-The Woodlands-Sugar Land, TX",48-201-0066,PM2.5,Houston Westhollow,Texas,Harris,Houston,29.723333,-95.635941,4,72,88.5,6321
"Houston-The Woodlands-Sugar Land, TX",48-201-0416,NO2,Park Place,Texas,Harris,Houston,29.686289,-95.294723,4,90,93.5,7921
"Houston-The Woodlands-Sugar Land, TX",48-201-0416,O3,Park Place,Texas,Harris,Houston,29.686289,-95.294723,4,95,97.0,8262
"Houston-The Woodlands-Sugar Land, TX",48-201-0416,SO2,Park Place,Texas,Harris,Houston,29.686289,-95.294723,4,94,95.75,8236
"Houston-The Woodlands-Sugar Land, TX",48-201-0417,NO2,Houston Harvard Street,Texas,Harris,Houston,29.772857,-95.395937,4,90,93.0,7876
"Houston-The Woodlands-Sugar Land, TX",48-201-0417,O3,Houston Harvard Street,Texas,Harris,Houston,29.772857,-95.395937,4,89,96.0,7860
"Houston-The Woodlands-Sugar Land, TX",48-201-1015,NO2,Lynchburg Ferry,Texas,Harris,Houston,29.758914,-95.079325,4,76,87.75,6687
"Houston-The Woodlands-Sugar Land, TX",48-201-1015,O3,Lynchburg Ferry,Texas,Harris,Houston,29.758914,-95.079325,4,94,96.5,8303
"Houston-The Woodlands-Sugar Land, TX",48-201-1017,O3,Baytown Garth,Texas,Harris,Baytown,29.827169,-94.988311,4,95,97.5,8331
"Houston-The Woodlands-Sugar Land, TX",48-201-1034,NO2,Houston East,Texas,Harris,Houston,29.768033,-95.220574,4,92,95.75,8096
"Houston-The Woodlands-Sugar Land, TX",48-201-1034,O3,Houston East,Texas,Harris,Houston,29.768033,-95.220574,4,92,96.0,8069
"Houston-The Woodlands-Sugar Land, TX",48-201-1034,PM2.5,Houston East,Texas,Harris,Houston,29.768033,-95.220574,4,92,94.75,8113
"Houston-The Woodlands-Sugar Land, TX",48-201-1035,CO,Clinton,Texas,Harris,Houston,29.733737,-95.257605,4,69,81.0,6040
"Houston-The Woodlands-Sugar Land, TX",48-201-1035,NO2,Clinton,Texas,Harris,Houston,29.733737,-95.257605,4,51,77.75,4428
"Houston-The Woodlands-Sugar Land, TX",48-201-1035,O3,Clinton,Texas,Harris,Houston,29.733737,-95.257605,4,92,94.25,7922
"Houston-The Woodlands-Sugar Land, TX",48-201-1035,SO2,Clinton,Texas,Harris,Houston,29.733737,-95.257605,4,93,94.25,8159
"Houston-The Woodlands-Sugar Land, TX",48-201-1039,CO,Houston Deer Park #2,Texas,Harris,Deer Park,29.670552,-95.129933,4,84,93.25,7342
"Houston-The Woodlands-Sugar Land, TX",48-201-1039,NO2,Houston Deer Park #2,Texas,Harris,Deer Park,29.670552,-95.129933,4,96,97.5,8467
"Houston-The Woodlands-Sugar Land, TX",48-201-1039,O3,Houston Deer Park #2,Texas,Harris,Deer Park,29.670552,-95.129933,4,96,98.0,8469
"Houston-The Woodlands-Sugar Land, TX",48-201-1039,PM2.5,Houston Deer Park #2,Texas,Harris,Deer Park,29.670552,-95.129933,4,79,90.5,6933
"Houston-The Woodlands-Sugar Land, TX",48-201-1039,SO2,Houston Deer Park #2,Texas,Harris,Deer Park,29.670552,-95.129933,4,81,92.75,7078
"Houston-The Woodlands-Sugar Land, TX",48-201-1050,NO2,Seabrook Friendship Park,Texas,Harris,Seabrook,29.583068,-95.015554,4,78,87.25,6842
"Houston-The Woodlands-Sugar Land, TX",48-201-1050,O3,Seabrook Friendship Park,Texas,Harris,Seabrook,29.583068,-95.015554,4,89,94.25,7977
"Houston-The Woodlands-Sugar Land, TX",48-201-1052,CO,Houston North Loop,Texas,Harris,Houston,29.814387,-95.387817,4,91,95.0,7992
"Houston-The Woodlands-Sugar Land, TX",48-201-1052,PM2.5,Houston North Loop,Texas,Harris,Houston,29.814387,-95.387817,4,63,86.75,5532
"Houston-The Woodlands-Sugar Land, TX",48-201-1066,NO2,Houston Southwest Freeway,Texas,Harris,Houston,29.721621,-95.492667,4,65,81.0,5734
"Houston-The Woodlands-Sugar Land, TX",48-339-0078,NO2,Conroe Relocated,Texas,Montgomery,Conroe,30.350325,-95.425137,4,92,94.75,8099
"Houston-The Woodlands-Sugar Land, TX",48-339-0078,O3,Conroe Relocated,Texas,Montgomery,Conroe,30.350325,-95.425137,4,93,96.5,8205
"Huntington-Ashland, WV-KY-OH",21-019-0017,NO2,ASHLAND PRIMARY (FIVCO),Kentucky,Boyd,Ashland,38.45934,-82.64041,4,92,93.5,8054
"Huntington-Ashland, WV-KY-OH",21-019-0017,O3,ASHLAND PRIMARY (FIVCO),Kentucky,Boyd,Ashland,38.45934,-82.64041,4,97,98.25,5463
"Huntington-Ashland, WV-KY-OH",21-019-0017,PM2.5,ASHLAND PRIMARY (FIVCO),Kentucky,Boyd,Ashland,38.45934,-82.64041,4,96,97.25,8403
"Huntington-Ashland, WV-KY-OH",21-019-0017,SO2,ASHLAND PRIMARY (FIVCO),Kentucky,Boyd,Ashland,38.45934,-82.64041,4,93,94.0,8163
"Huntington-Ashland, WV-KY-OH",21-089-0007,O3,WORTHINGTON,Kentucky,Greenup,Worthington,38.548136,-82.731163,4,94,97.25,5297
"Huntington-Ashland, WV-KY-OH",21-089-0007,SO2,WORTHINGTON,Kentucky,Greenup,Worthington,38.548136,-82.731163,4,93,93.5,8156
"Huntington-Ashland, WV-KY-OH",39-087-0011,O3,Wilgus,Ohio,Lawrence,,38.62901,-82.45886,4,98,99.25,5554
"Huntington-Ashland, WV-KY-OH",39-087-0012,O3,ODOT Ironton,Ohio,Lawrence,Ironton,38.508075,-82.659241,4,93,98.25,5229
"Huntington-Ashland, WV-KY-OH",39-087-0012,PM2.5,ODOT Ironton,Ohio,Lawrence,Ironton,38.508075,-82.659241,4,98,99.0,8617
"Huntington-Ashland, WV-KY-OH",39-087-0012,SO2,ODOT Ironton,Ohio,Lawrence,Ironton,38.508075,-82.659241,4,92,94.25,8078
"Huntington-Ashland, WV-KY-OH",54-011-0007,O3,,West Virginia,Cabell,Huntington,38.410242,-82.432436,4,95,98.75,5649
"Huntsville, AL",01-089-0014,O3,HUNTSVILLE OLD AIRPORT,Alabama,Madison,Huntsville,34.68547,-86.58816,4,89,96.5,5236
"Huntsville, AL",01-089-0022,O3,HUNTSVILLE CAPSHAW ROAD,Alabama,Madison,Huntsville,34.772727,-86.756174,4,96,98.5,5629
"Idaho Falls, ID",16-023-0101,O3,Craters of the Moon NM,Idaho,Butte,,43.460556,-113.562222,4,93,97.5,8352
"Indiana, PA",42-063-0004,O3,Strongstown,Pennsylvania,Indiana,,40.56333,-78.919972,4,72,83.75,4999
"Indiana, PA",42-063-0004,PM2.5,Strongstown,Pennsylvania,Indiana,,40.56333,-78.919972,4,89,95.5,7812
"Indiana, PA",42-063-0004,SO2,Strongstown,Pennsylvania,Indiana,,40.56333,-78.919972,4,89,89.5,7778
"Indianapolis-Carmel-Anderson, IN",18-011-0001,O3,"Perry Worth ELEMENTRY SCHOOL, WEST OF WHITESTOWN",Indiana,Boone,,39.997732,-86.395394,4,97,98.75,8521
"Indianapolis-Carmel-Anderson, IN",18-013-0001,O3,Helmsburg,Indiana,Brown,,39.263914,-86.292269,4,94,97.5,8346
"Indianapolis-Carmel-Anderson, IN",18-057-0006,O3,Our Lady of Grace- Noblesville,Indiana,Hamilton,Noblesville,40.068297,-85.992451,4,96,98.75,8303
"Indianapolis-Carmel-Anderson, IN",18-057-0007,PM2.5,11775 Brooks School Rd.,Indiana,Hamilton,Fishers (corporate name for Fishers Station),39.960884,-85.939546,4,93,94.5,8207
"Indianapolis-Carmel-Anderson, IN",18-063-0004,O3,"AVON- 255 S. SR 267 (also 255 S. Avon Ave.) Avon, IN",Indiana,Hendricks,Avon,39.758707,-86.3985,4,95,97.0,8366
"Indianapolis-Carmel-Anderson, IN",18-095-0011,O3,Anderson- Eastside Elem. School,Indiana,Madison,Anderson,40.125703,-85.652184,4,95,98.25,8148
"Indianapolis-Carmel-Anderson, IN",18-095-0011,PM2.5,Anderson- Eastside Elem. School,Indiana,Madison,Anderson,40.125703,-85.652184,4,97,98.75,8517
"Indianapolis-Carmel-Anderson, IN",18-097-0050,O3,Indpls.- Ft. Harrison,Indiana,Marion,Lawrence,39.858889,-86.021389,4,99,99.25,8615
"Indianapolis-Carmel-Anderson, IN",18-097-0057,O3,Indpls- Harding St.,Indiana,Marion,Indianapolis (Remainder),39.749027,-86.186269,4,88,96.75,7978
"Indianapolis-Carmel-Anderson, IN",18-097-0078,CO,Indpls- Washington Park/  in parking lot next to police station,Indiana,Marion,Indianapolis (Remainder),39.810833,-86.114444,4,55,75.25,4808
"Indianapolis-Carmel-Anderson, IN",18-097-0078,NO2,Indpls- Washington Park/  in parking lot next to police station,Indiana,Marion,Indianapolis (Remainder),39.810833,-86.114444,4,96,97.25,8421
"Indianapolis-Carmel-Anderson, IN",18-097-0078,O3,Indpls- Washington Park/  in parking lot next to police station,Indiana,Marion,Indianapolis (Remainder),39.810833,-86.114444,4,95,96.75,8401
"Indianapolis-Carmel-Anderson, IN",18-097-0078,PM10,Indpls- Washington Park/  in parking lot next to police station,Indiana,Marion,Indianapolis (Remainder),39.810833,-86.114444,4,98,99.0,8564
"Indianapolis-Carmel-Anderson, IN",18-097-0078,PM2.5,Indpls- Washington Park/  in parking lot next to police station,Indiana,Marion,Indianapolis (Remainder),39.810833,-86.114444,4,98,99.0,8563
"Indianapolis-Carmel-Anderson, IN",18-097-0078,SO2,Indpls- Washington Park/  in parking lot next to police station,Indiana,Marion,Indianapolis (Remainder),39.810833,-86.114444,4,90,94.5,7910
"Indianapolis-Carmel-Anderson, IN",18-097-0081,PM2.5,Indpls- W. 18th St./ Ernie Pyle School 90,Indiana,Marion,Indianapolis (Remainder),39.788903,-86.214628,4,98,98.75,8592
"Indianapolis-Carmel-Anderson, IN",18-097-0087,CO,Indpls.- I 70,Indiana,Marion,Indianapolis (Remainder),39.787933,-86.13088,4,100,100.0,8197
"Indianapolis-Carmel-Anderson, IN",18-097-0087,NO2,Indpls.- I 70,Indiana,Marion,Indianapolis (Remainder),39.787933,-86.13088,4,92,95.75,8029
"Indianapolis-Carmel-Anderson, IN",18-097-0087,O3,Indpls.- I 70,Indiana,Marion,Indianapolis (Remainder),39.787933,-86.13088,4,91,96.25,8174
"Indianapolis-Carmel-Anderson, IN",18-097-0087,PM2.5,Indpls.- I 70,Indiana,Marion,Indianapolis (Remainder),39.787933,-86.13088,4,97,98.0,8515
"Indianapolis-Carmel-Anderson, IN",18-145-0001,O3,"TRITON Middle SCHOOL, NORTH OF FAIRLAND",Indiana,Shelby,,39.613367,-85.870669,4,99,99.75,8603
"Ithaca, NY",36-109-9991,O3,Connecticut Hill,New York,Tompkins,,42.4006,-76.6538,4,96,98.5,8138
"Jackson, MS",28-049-0020,CO,Jackson NCORE,Mississippi,Hinds,Jackson,32.329111,-90.182722,4,88,92.5,7742
"Jackson, MS",28-049-0020,O3,Jackson NCORE,Mississippi,Hinds,Jackson,32.329111,-90.182722,4,97,98.0,8295
"Jackson, MS",28-049-0020,PM10,Jackson NCORE,Mississippi,Hinds,Jackson,32.329111,-90.182722,4,93,97.5,8124
"Jackson, MS",28-049-0020,PM2.5,Jackson NCORE,Mississippi,Hinds,Jackson,32.329111,-90.182722,4,93,97.75,8121
"Jackson, MS",28-049-0020,SO2,Jackson NCORE,Mississippi,Hinds,Jackson,32.329111,-90.182722,4,91,94.25,8005
"Jackson, MS",28-049-0021,O3,Hinds CC,Mississippi,Hinds,Jackson,32.346722,-90.225667,4,95,98.25,5366
"Jackson, MS",28-049-0021,PM2.5,Hinds CC,Mississippi,Hinds,Jackson,32.346722,-90.225667,4,98,99.25,8597
"Jackson, TN",47-113-0010,PM2.5,Jackson,Tennessee,Madison,Jackson,35.705319,-88.81964,4,97,97.5,8511
"Jackson, WY-ID",56-039-0008,O3,Grand Teton NP - Science School,Wyoming,Teton,,43.670833,-110.599472,4,97,98.75,8480
"Jackson, WY-ID",56-039-1006,PM10,Jackson SLAM site,Wyoming,Teton,Jackson,43.45776,-110.79799,4,83,92.75,7306
"Jackson, WY-ID",56-039-1006,PM2.5,Jackson SLAM site,Wyoming,Teton,Jackson,43.45776,-110.79799,4,81,92.0,7096
"Jackson, WY-ID",56-039-1011,O3,Yellowstone NP - Water Tank,Wyoming,Teton,,44.56536,-110.40034,4,98,98.75,8620
"Jackson, WY-ID",56-039-1013,CO,Yellowstone National Park - Old Faithful Snow Lodge,Wyoming,Teton,,44.373056,-110.830833,4,79,87.5,6929
"Jackson, WY-ID",56-039-1013,NO2,Yellowstone National Park - Old Faithful Snow Lodge,Wyoming,Teton,,44.373056,-110.830833,4,71,86.25,6263
"Jackson, WY-ID",56-039-1013,PM2.5,Yellowstone National Park - Old Faithful Snow Lodge,Wyoming,Teton,,44.373056,-110.830833,4,90,93.25,7894
"Jacksonville, FL",12-003-0002,O3,OLUSTEE,Florida,Baker,,30.201111,-82.441111,4,94,97.75,8354
"Jacksonville, FL",12-031-0032,NO2,Kooker Park,Florida,Duval,Jacksonville,30.356339,-81.635396,4,94,95.25,8265
"Jacksonville, FL",12-031-0032,PM10,Kooker Park,Florida,Duval,Jacksonville,30.356339,-81.635396,4,97,98.0,8487
"Jacksonville, FL",12-031-0032,SO2,Kooker Park,Florida,Duval,Jacksonville,30.356339,-81.635396,4,97,98.0,8539
"Jacksonville, FL",12-031-0077,O3,Sheffield,Florida,Duval,Jacksonville,30.477725,-81.587339,4,98,98.75,8639
"Jacksonville, FL",12-031-0098,PM10,Mandarin,Florida,Duval,Jacksonville,30.135797,-81.633981,4,87,96.0,7608
"Jacksonville, FL",12-031-0098,PM2.5,Mandarin,Florida,Duval,Jacksonville,30.135797,-81.633981,4,87,96.0,7608
"Jacksonville, FL",12-031-0100,O3,Mayo Clinic,Florida,Duval,Jacksonville,30.260278,-81.453611,4,98,98.25,8591
"Jacksonville, FL",12-031-0106,O3,Cisco Drive,Florida,Duval,Jacksonville,30.378217,-81.8409,4,98,98.25,8659
"Jacksonville, FL",12-031-0108,CO,Pepsi Place,Florida,Duval,Jacksonville,30.262778,-81.606833,4,80,94.25,6991
"Jacksonville, FL",12-031-0108,NO2,Pepsi Place,Florida,Duval,Jacksonville,30.262778,-81.606833,4,93,93.75,8132
"Jacksonville, FL",12-031-0108,PM2.5,Pepsi Place,Florida,Duval,Jacksonville,30.262778,-81.606833,4,95,98.0,8310
"Jacksonville, FL",12-089-0005,SO2,Fernandina Beach Waste Water treatment plant,Florida,Nassau,Fernandina Beach,30.657343,-81.463927,4,92,96.0,8034
"Jamestown-Dunkirk-Fredonia, NY",36-013-0006,O3,DUNKIRK,New York,Chautauqua,Dunkirk,42.49963,-79.31881,4,98,99.25,8343
"Janesville-Beloit, WI",55-105-0030,O3,BELOIT - CONVERSE,Wisconsin,Rock,Beloit,42.51831,-89.06347,4,99,99.75,4760
"Jefferson City, MO",29-027-0002,O3,New Bloomfield,Missouri,Callaway,,38.70608,-92.09308,4,99,99.5,5818
"Johnstown, PA",42-021-0011,CO,Johnstown,Pennsylvania,Cambria,Johnstown,40.309722,-78.915,4,81,90.25,7129
"Johnstown, PA",42-021-0011,NO2,Johnstown,Pennsylvania,Cambria,Johnstown,40.309722,-78.915,4,89,91.0,7782
"Johnstown, PA",42-021-0011,O3,Johnstown,Pennsylvania,Cambria,Johnstown,40.309722,-78.915,4,84,91.5,5569
"Johnstown, PA",42-021-0011,PM2.5,Johnstown,Pennsylvania,Cambria,Johnstown,40.309722,-78.915,4,96,98.0,8410
"Johnstown, PA",42-021-0011,SO2,Johnstown,Pennsylvania,Cambria,Johnstown,40.309722,-78.915,4,91,92.75,8027
"Joplin, MO",29-097-0003,PM10,Carthage,Missouri,Jasper,,37.198286,-94.317246,4,98,98.75,8588
"Joplin, MO",29-097-0004,O3,Alba,Missouri,Jasper,,37.2385,-94.42468,4,96,99.0,5649
"Juneau, AK",02-110-0004,PM10,Floyd Dryden Middle School,Alaska,Juneau ,Juneau,58.388497,-134.567237,4,92,95.75,8072
"Kahului-Wailuku-Lahaina, HI",15-009-0025,PM2.5,Kahului,Hawaii,Maui,Kahului,20.869627,-156.493626,4,93,95.25,8122
"Kalamazoo-Portage, MI",26-077-0008,O3,Kalamazoo Fairgrounds,Michigan,Kalamazoo,Kalamazoo,42.278067,-85.54189,4,94,97.0,5378
"Kalamazoo-Portage, MI",26-077-0008,PM2.5,Kalamazoo Fairgrounds,Michigan,Kalamazoo,Kalamazoo,42.278067,-85.54189,4,87,93.75,7644
"Kalispell, MT",30-029-0009,PM10,White Fish Dead End,Montana,Flathead,Whitefish,48.400407,-114.336962,4,88,94.25,7713
"Kalispell, MT",30-029-0047,PM10,Kalispell Flathead Electric,Montana,Flathead,Kalispell,48.20054,-114.305334,4,75,92.75,6555
"Kalispell, MT",30-029-0049,PM10,Flathead Valley,Montana,Flathead,Columbia Falls,48.363694,-114.189272,4,91,95.75,7989
"Kalispell, MT",30-029-0049,PM2.5,Flathead Valley,Montana,Flathead,Columbia Falls,48.363694,-114.189272,4,97,98.5,8517
"Kalispell, MT",30-029-8001,O3,Glacier NP,Montana,Flathead,,48.5103,-113.99681,4,96,97.0,8243
"Kansas City, MO-KS",20-091-0010,O3,HERITAGE PARK,Kansas,Johnson,,38.838575,-94.746424,4,88,96.5,8044
"Kansas City, MO-KS",20-091-0010,PM10,HERITAGE PARK,Kansas,Johnson,,38.838575,-94.746424,4,92,97.5,8089
"Kansas City, MO-KS",20-091-0010,PM2.5,HERITAGE PARK,Kansas,Johnson,,38.838575,-94.746424,4,92,97.5,8089
"Kansas City, MO-KS",20-103-0003,O3,Leavenworth,Kansas,Leavenworth,Leavenworth,39.327391,-94.95102,4,93,96.75,8331
"Kansas City, MO-KS",20-209-0021,O3,JFK,Kansas,Wyandotte,Kansas City,39.117219,-94.635605,4,87,92.5,7647
"Kansas City, MO-KS",20-209-0021,PM10,JFK,Kansas,Wyandotte,Kansas City,39.117219,-94.635605,4,85,89.75,7438
"Kansas City, MO-KS",20-209-0021,PM2.5,JFK,Kansas,Wyandotte,Kansas City,39.117219,-94.635605,4,85,89.75,7438
"Kansas City, MO-KS",20-209-0021,SO2,JFK,Kansas,Wyandotte,Kansas City,39.117219,-94.635605,4,68,87.25,5988
"Kansas City, MO-KS",29-037-0003,O3,Richard Gebaur-South,Missouri,Cass,,38.75961,-94.57983,4,97,99.0,5702
"Kansas City, MO-KS",29-037-0003,PM2.5,Richard Gebaur-South,Missouri,Cass,,38.75961,-94.57983,4,79,93.0,6935
"Kansas City, MO-KS",29-047-0003,O3,Watkins Mill State Park,Missouri,Clay,,39.407452,-94.265373,4,99,99.75,5800
"Kansas City, MO-KS",29-047-0005,O3,Liberty,Missouri,Clay,,39.303174,-94.377014,4,98,99.5,5660
"Kansas City, MO-KS",29-047-0005,PM2.5,Liberty,Missouri,Clay,,39.303174,-94.377014,4,87,93.75,7596
"Kansas City, MO-KS",29-047-0006,O3,Rocky Creek,Missouri,Clay,Kansas City,39.331913,-94.580931,4,98,99.25,5686
"Kansas City, MO-KS",29-049-0001,O3,Trimble,Missouri,Clinton,Trimble,39.53063,-94.55594,4,97,98.5,5694
"Kansas City, MO-KS",29-095-0018,PM10,,Missouri,Jackson,Kansas City,39.132016,-94.531518,4,99,99.0,8664
"Kansas City, MO-KS",29-095-0034,NO2,Troost,Missouri,Jackson,Kansas City,39.104686,-94.57079,4,97,98.0,8490
"Kansas City, MO-KS",29-095-0034,PM10,Troost,Missouri,Jackson,Kansas City,39.104686,-94.57079,4,97,98.5,8477
"Kansas City, MO-KS",29-095-0034,PM2.5,Troost,Missouri,Jackson,Kansas City,39.104686,-94.57079,4,97,98.5,8477
"Kansas City, MO-KS",29-095-0034,SO2,Troost,Missouri,Jackson,Kansas City,39.104686,-94.57079,4,96,98.0,8442
"Kapaa, HI",15-007-0007,SO2,Niumalu,Hawaii,Kauai,,21.949599,-159.36624,4,63,82.0,5510
"Keene, NH",33-005-0007,O3,WATER STREET,New Hampshire,Cheshire,Keene,42.930521,-72.272332,4,98,99.5,8541
"Keene, NH",33-005-0007,PM2.5,WATER STREET,New Hampshire,Cheshire,Keene,42.930521,-72.272332,4,98,99.0,8620
"Kennewick-Richland, WA",53-005-0002,PM10,KENNEWICK - METALINE,Washington,Benton,Kennewick,46.21835,-119.204153,4,95,97.25,8322
"Kennewick-Richland, WA",53-005-0003,O3,Kennewick_S Clodfelter Rd,Washington,Benton,Kennewick,46.204582,-119.243743,4,92,97.5,3304
"Killeen-Temple, TX",48-027-1045,O3,Temple Georgia,Texas,Bell,Temple,31.122413,-97.431055,4,96,97.5,8254
"Killeen-Temple, TX",48-027-1045,PM2.5,Temple Georgia,Texas,Bell,Temple,31.122413,-97.431055,4,91,95.75,7995
"Killeen-Temple, TX",48-027-1047,NO2,Killeen Skylark Field,Texas,Bell,Killeen,31.087999,-97.679743,4,70,86.25,6107
"Killeen-Temple, TX",48-027-1047,O3,Killeen Skylark Field,Texas,Bell,Killeen,31.087999,-97.679743,4,91,94.5,8042
"Kingsport-Bristol-Bristol, TN-VA",47-163-1007,PM2.5,Kingsport PM,Tennessee,Sullivan,Kingsport,36.538761,-82.521599,4,97,97.25,8515
"Kingsport-Bristol-Bristol, TN-VA",47-163-2002,O3,Blountville,Tennessee,Sullivan,,36.541365,-82.424555,4,96,98.25,5379
"Kingsport-Bristol-Bristol, TN-VA",47-163-2003,O3,Kingsport,Tennessee,Sullivan,Bloomingdale,36.58211,-82.485742,4,93,97.0,5248
"Kingsport-Bristol-Bristol, TN-VA",47-163-6001,SO2,Eastman Ross N. Robinson,Tennessee,Sullivan,Kingsport,36.532616,-82.516306,4,93,93.75,8142
"Kingsport-Bristol-Bristol, TN-VA",47-163-6002,SO2,Eastman Skyland,Tennessee,Sullivan,Kingsport,36.521066,-82.502454,4,91,93.0,7967
"Kingsport-Bristol-Bristol, TN-VA",47-163-6003,SO2,Andrew Johnson School,Tennessee,Sullivan,Kingsport,36.526359,-82.528677,4,94,94.5,8262
"Kingsport-Bristol-Bristol, TN-VA",47-163-6004,SO2,Happy Hill,Tennessee,Sullivan,Kingsport,36.513026,-82.550498,4,92,93.25,8081
"Kingsville, TX",48-273-0314,PM2.5,National Seashore,Texas,Kleberg,Corpus Christi,27.422439,-97.300866,4,91,95.0,7956
"Kinston, NC",37-107-0004,O3,Lenoir Co. Comm. Coll.,North Carolina,Lenoir,Kinston,35.2318,-77.5669,4,98,99.5,5537
"Klamath Falls, OR",41-035-0004,PM2.5,Klamath Falls - Peterson Elementary School (KFP),Oregon,Klamath,Klamath Falls,42.190296,-121.731369,4,95,97.5,8294
"Knoxville, TN",47-001-0101,O3,Freels/Oak Ridge,Tennessee,Anderson,Oak Ridge,35.96504,-84.22319,4,96,98.0,5406
"Knoxville, TN",47-009-0011,PM2.5,Maryville,Tennessee,Blount,Maryville,35.768847,-83.942152,4,97,97.5,8460
"Knoxville, TN",47-009-0101,CO,Great Smoky Mountains NP,Tennessee,Blount,,35.63348,-83.941606,4,74,84.5,6543
"Knoxville, TN",47-009-0101,NO2,Great Smoky Mountains NP,Tennessee,Blount,,35.63348,-83.941606,4,85,89.75,7446
"Knoxville, TN",47-009-0101,O3,Great Smoky Mountains NP,Tennessee,Blount,,35.63348,-83.941606,4,96,98.25,8275
"Knoxville, TN",47-009-0101,SO2,Great Smoky Mountains NP,Tennessee,Blount,,35.63348,-83.941606,4,57,81.0,4962
"Knoxville, TN",47-009-0102,O3,Great Smoky Mountains NP - Cade's Cove,Tennessee,Blount,,35.603056,-83.783611,4,97,98.0,5601
"Knoxville, TN",47-093-0021,O3,East Knox Elementary School,Tennessee,Knox,Mascot,36.085508,-83.764806,4,98,99.0,5689
"Knoxville, TN",47-093-1013,PM10,AIR LAB,Tennessee,Knox,Knoxville,35.980675,-83.925773,4,97,98.25,8522
"Knoxville, TN",47-093-1013,PM2.5,AIR LAB,Tennessee,Knox,Knoxville,35.980675,-83.925773,4,97,98.5,8521
"Knoxville, TN",47-093-1017,PM2.5,Rule High School (relo),Tennessee,Knox,Knoxville,35.978074,-83.950666,4,87,94.25,7662
"Knoxville, TN",47-093-1020,O3,Spring Hill Elementary School,Tennessee,Knox,Knoxville,36.019186,-83.87381,4,98,99.0,5716
"Knoxville, TN",47-093-1020,PM2.5,Spring Hill Elementary School,Tennessee,Knox,Knoxville,36.019186,-83.87381,4,96,97.25,8441
"Knoxville, TN",47-105-0109,O3,Loudon School,Tennessee,Loudon,Loudon,35.721095,-84.343035,4,98,99.5,5440
"Knoxville, TN",47-105-0109,PM2.5,Loudon School,Tennessee,Loudon,Loudon,35.721095,-84.343035,4,97,97.75,8480
"Knoxville, TN",47-145-0004,PM2.5,Harriman,Tennessee,Roane,Harriman,35.939078,-84.542802,4,93,96.25,8136
"Kokomo, IN",18-067-0004,O3,Kokomo- E. Vaile Rd.,Indiana,Howard,Kokomo,40.481347,-86.109688,4,95,98.5,8540
"Kokomo, IN",18-067-0004,PM2.5,Kokomo- E. Vaile Rd.,Indiana,Howard,Kokomo,40.481347,-86.109688,4,96,96.5,8411
"La Crosse-Onalaska, WI-MN",55-063-0012,O3,LACROSSE - DOT BUILDING,Wisconsin,La Crosse,La Crosse,43.7775,-91.2269,4,100,100.0,4781
"Lafayette, LA",22-055-0007,O3,Lafayette / USGS,Louisiana,Lafayette,Lafayette,30.22611,-92.042908,4,92,93.75,8021
"Lafayette, LA",22-055-0007,PM10,Lafayette / USGS,Louisiana,Lafayette,Lafayette,30.22611,-92.042908,4,85,89.75,7478
"Lafayette, LA",22-099-0001,O3,St.Martinville,Louisiana,St. Martin,St. Martinville,30.088872,-91.869595,4,92,95.5,7906
"Lafayette-West Lafayette, IN",18-015-0002,O3,Flora-Flora Airport,Indiana,Carroll,,40.540455,-86.553035,4,97,98.75,8402
"Lafayette-West Lafayette, IN",18-157-0008,PM2.5,Lafayette- Greenbush St./ Cinergy Substation,Indiana,Tippecanoe,Lafayette,40.431667,-86.8525,4,95,95.75,8342
"Lake Charles, LA",22-019-0002,O3,Carlyss,Louisiana,Calcasieu,Carlyss,30.140265,-93.368448,4,98,98.75,8506
"Lake Charles, LA",22-019-0008,NO2,Westlake,Louisiana,Calcasieu,Westlake (RR name West Lake),30.262347,-93.284906,4,91,93.75,7950
"Lake Charles, LA",22-019-0008,SO2,Westlake,Louisiana,Calcasieu,Westlake (RR name West Lake),30.262347,-93.284906,4,96,97.25,8468
"Lake Charles, LA",22-019-0009,O3,Vinton,Louisiana,Calcasieu,Vinton,30.227798,-93.579965,4,96,97.5,8353
"Lake City, FL",12-023-0002,O3,Lake City - Veteran's Domicile,Florida,Columbia,Lake City,30.178056,-82.619167,4,92,96.75,8235
"Lake Havasu City-Kingman, AZ",04-015-1003,PM10,BULLHEAD CITY ADEQ,Arizona,Mohave,Bullhead City,35.153888,-114.566111,4,97,97.75,8477
"Lakeland-Winter Haven, FL",12-105-6005,O3,Sikes Elementary School,Florida,Polk,Lakeland,27.939504,-82.001594,4,95,98.0,8606
"Lakeland-Winter Haven, FL",12-105-6005,SO2,Sikes Elementary School,Florida,Polk,Lakeland,27.939504,-82.001594,4,92,95.5,8040
"Lakeland-Winter Haven, FL",12-105-6006,O3,Baptist Childrens' Home,Florida,Polk,Lakeland,28.028889,-81.972222,4,64,89.5,5686
"Lakeland-Winter Haven, FL",12-105-6006,PM10,Baptist Childrens' Home,Florida,Polk,Lakeland,28.028889,-81.972222,4,64,84.25,5646
"Lakeland-Winter Haven, FL",12-105-6006,PM2.5,Baptist Childrens' Home,Florida,Polk,Lakeland,28.028889,-81.972222,4,64,85.25,5621
"Lancaster, PA",42-071-0007,O3,Lancaster,Pennsylvania,Lancaster,Lancaster,40.046667,-76.283333,4,86,91.5,5612
"Lancaster, PA",42-071-0007,PM2.5,Lancaster,Pennsylvania,Lancaster,Lancaster,40.046667,-76.283333,4,98,98.5,8576
"Lancaster, PA",42-071-0012,O3,Lancaster Downwind,Pennsylvania,Lancaster,,40.043833,-76.1124,4,95,97.0,5353
"Lancaster, PA",42-071-0012,PM2.5,Lancaster Downwind,Pennsylvania,Lancaster,,40.043833,-76.1124,4,88,95.0,7708
"Lansing-East Lansing, MI",26-037-0002,O3,ROSELAKE2 9870 STOLL RD,Michigan,Clinton,Lansing,42.798339,-84.393795,4,91,96.25,5470
"Lansing-East Lansing, MI",26-065-0018,NO2,Lansing - Filley,Michigan,Ingham,Lansing,42.76138,-84.562867,4,91,92.5,7970
"Lansing-East Lansing, MI",26-065-0018,O3,Lansing - Filley,Michigan,Ingham,Lansing,42.76138,-84.562867,4,92,96.5,7759
"Lansing-East Lansing, MI",26-065-0018,PM2.5,Lansing - Filley,Michigan,Ingham,Lansing,42.76138,-84.562867,4,75,91.5,6600
"Lansing-East Lansing, MI",26-065-0018,SO2,Lansing - Filley,Michigan,Ingham,Lansing,42.76138,-84.562867,4,93,94.5,8167
"Laramie, WY",56-001-0008,PM10,Pete Lien Downwind PM10,Wyoming,Albany,,41.4945,-105.561944,4,95,97.25,8341
"Laramie, WY",56-001-0009,PM10,Pete Lien Upwind PM10 Monitoring Station,Wyoming,Albany,,41.454278,-105.597028,4,97,98.25,8494
"Laramie, WY",56-001-0800,PM10,MT. CEMENT CO. EAST SITE...EAST OF PLANT.,Wyoming,Albany,,41.26917,-105.59444,4,96,97.75,8383
"Laramie, WY",56-001-0801,PM10,NORTH SITE...NORTH OF MT. CEMENT PLANT,Wyoming,Albany,,41.27444,-105.60167,4,94,96.25,8266
"Laramie, WY",56-001-9991,O3,Centennial,Wyoming,Albany,,41.3642,-106.2399,4,96,97.5,7982
"Laredo, TX",48-479-0313,PM2.5,World Trade Bridge,Texas,Webb,Laredo,27.599587,-99.53341,4,94,96.5,8262
"Las Cruces, NM",35-013-0008,O3,6O La Union,New Mexico,Dona Ana,,31.930659,-106.631103,4,97,98.25,8504
"Las Cruces, NM",35-013-0016,PM10,6CM Anthony,New Mexico,Dona Ana,Anthony,32.003712,-106.599715,4,63,89.5,5517
"Las Cruces, NM",35-013-0016,PM2.5,6CM Anthony,New Mexico,Dona Ana,Anthony,32.003712,-106.599715,4,63,88.0,5478
"Las Cruces, NM",35-013-0019,PM10,6ZL Holman Road,New Mexico,Dona Ana,,32.424813,-106.674724,4,96,98.0,8425
"Las Cruces, NM",35-013-0020,O3,6ZK Chaparral,New Mexico,Dona Ana,,32.041212,-106.40971,4,96,97.75,8473
"Las Cruces, NM",35-013-0020,PM10,6ZK Chaparral,New Mexico,Dona Ana,,32.041212,-106.40971,4,97,98.25,8475
"Las Cruces, NM",35-013-0021,NO2,6ZM Desert View,New Mexico,Dona Ana,,31.796218,-106.584434,4,92,95.5,8053
"Las Cruces, NM",35-013-0021,O3,6ZM Desert View,New Mexico,Dona Ana,,31.796218,-106.584434,4,96,97.75,8408
"Las Cruces, NM",35-013-0021,PM10,6ZM Desert View,New Mexico,Dona Ana,,31.796218,-106.584434,4,95,97.5,8314
"Las Cruces, NM",35-013-0022,NO2,6ZN Santa Teresa,New Mexico,Dona Ana,,31.787885,-106.683324,4,95,96.5,8322
"Las Cruces, NM",35-013-0022,O3,6ZN Santa Teresa,New Mexico,Dona Ana,,31.787885,-106.683324,4,69,87.25,6059
"Las Cruces, NM",35-013-0022,PM2.5,6ZN Santa Teresa,New Mexico,Dona Ana,,31.787885,-106.683324,4,97,98.25,8525
"Las Cruces, NM",35-013-0023,O3,6ZQ Solano,New Mexico,Dona Ana,Las Cruces,32.317593,-106.768337,4,82,92.5,7231
"Las Cruces, NM",35-013-0024,PM10,6WM West Mesa,New Mexico,Dona Ana,Las Cruces,32.27815,-106.865006,4,89,96.5,7830
"Las Cruces, NM",35-013-0025,PM2.5,6Q Las Cruces,New Mexico,Dona Ana,Las Cruces,32.322037,-106.768337,4,96,97.75,8437
"Las Vegas-Henderson-Paradise, NV",32-003-0024,O3,Virgin Valley High School,Nevada,Clark,Mesquite,36.815897,-114.050347,4,95,97.5,8413
"Las Vegas-Henderson-Paradise, NV",32-003-0024,PM10,Virgin Valley High School,Nevada,Clark,Mesquite,36.815897,-114.050347,4,98,99.0,8583
"Las Vegas-Henderson-Paradise, NV",32-003-0024,PM2.5,Virgin Valley High School,Nevada,Clark,Mesquite,36.815897,-114.050347,4,98,99.0,8580
"Las Vegas-Henderson-Paradise, NV",32-003-0043,O3,Paul Meyer,Nevada,Clark,Spring Valley,36.106389,-115.253333,4,96,97.0,8371
"Las Vegas-Henderson-Paradise, NV",32-003-0043,PM10,Paul Meyer,Nevada,Clark,Spring Valley,36.106389,-115.253333,4,99,99.5,8697
"Las Vegas-Henderson-Paradise, NV",32-003-0043,PM2.5,Paul Meyer,Nevada,Clark,Spring Valley,36.106389,-115.253333,4,99,99.5,8697
"Las Vegas-Henderson-Paradise, NV",32-003-0044,O3,Mountains Edge Park,Nevada,Clark,Enterprise,36.004733,-115.268517,4,96,98.25,8402
"Las Vegas-Henderson-Paradise, NV",32-003-0044,PM10,Mountains Edge Park,Nevada,Clark,Enterprise,36.004733,-115.268517,4,99,99.75,8681
"Las Vegas-Henderson-Paradise, NV",32-003-0044,PM2.5,Mountains Edge Park,Nevada,Clark,Enterprise,36.004733,-115.268517,4,99,99.75,8681
"Las Vegas-Henderson-Paradise, NV",32-003-0071,O3,Walter Johnson,Nevada,Clark,Las Vegas,36.16976,-115.263038,4,98,98.25,8562
"Las Vegas-Henderson-Paradise, NV",32-003-0071,PM10,Walter Johnson,Nevada,Clark,Las Vegas,36.16976,-115.263038,4,99,99.75,8735
"Las Vegas-Henderson-Paradise, NV",32-003-0071,PM2.5,Walter Johnson,Nevada,Clark,Las Vegas,36.16976,-115.263038,4,99,99.75,8735
"Las Vegas-Henderson-Paradise, NV",32-003-0073,O3,Palo Verde,Nevada,Clark,Las Vegas,36.173415,-115.332728,4,93,97.0,8243
"Las Vegas-Henderson-Paradise, NV",32-003-0073,PM10,Palo Verde,Nevada,Clark,Las Vegas,36.173415,-115.332728,4,95,98.5,8362
"Las Vegas-Henderson-Paradise, NV",32-003-0073,PM2.5,Palo Verde,Nevada,Clark,Las Vegas,36.173415,-115.332728,4,99,99.75,8655
"Las Vegas-Henderson-Paradise, NV",32-003-0075,NO2,Joe Neal,Nevada,Clark,Las Vegas,36.270592,-115.238282,4,94,96.75,8240
"Las Vegas-Henderson-Paradise, NV",32-003-0075,O3,Joe Neal,Nevada,Clark,Las Vegas,36.270592,-115.238282,4,99,99.0,8600
"Las Vegas-Henderson-Paradise, NV",32-003-0075,PM10,Joe Neal,Nevada,Clark,Las Vegas,36.270592,-115.238282,4,99,99.75,8657
"Las Vegas-Henderson-Paradise, NV",32-003-0075,PM2.5,Joe Neal,Nevada,Clark,Las Vegas,36.270592,-115.238282,4,99,99.75,8657
"Las Vegas-Henderson-Paradise, NV",32-003-0298,O3,Green Valley,Nevada,Clark,Henderson,36.048705,-115.052942,4,95,97.25,8316
"Las Vegas-Henderson-Paradise, NV",32-003-0298,PM10,Green Valley,Nevada,Clark,Henderson,36.048705,-115.052942,4,100,100.0,8736
"Las Vegas-Henderson-Paradise, NV",32-003-0298,PM2.5,Green Valley,Nevada,Clark,Henderson,36.048705,-115.052942,4,100,100.0,8736
"Las Vegas-Henderson-Paradise, NV",32-003-0299,O3,Liberty High School,Nevada,Clark,Henderson,35.987908,-115.148885,4,67,90.0,5799
"Las Vegas-Henderson-Paradise, NV",32-003-0299,PM10,Liberty High School,Nevada,Clark,Henderson,35.987908,-115.148885,4,67,91.5,5870
"Las Vegas-Henderson-Paradise, NV",32-003-0299,PM2.5,Liberty High School,Nevada,Clark,Henderson,35.987908,-115.148885,4,67,91.5,5870
"Las Vegas-Henderson-Paradise, NV",32-003-0540,CO,Jerome Mack-NCore,Nevada,Clark,Sunrise Manor,36.141875,-115.078742,4,81,88.25,7081
"Las Vegas-Henderson-Paradise, NV",32-003-0540,NO2,Jerome Mack-NCore,Nevada,Clark,Sunrise Manor,36.141875,-115.078742,4,93,95.75,8190
"Las Vegas-Henderson-Paradise, NV",32-003-0540,O3,Jerome Mack-NCore,Nevada,Clark,Sunrise Manor,36.141875,-115.078742,4,97,98.0,8309
"Las Vegas-Henderson-Paradise, NV",32-003-0540,PM10,Jerome Mack-NCore,Nevada,Clark,Sunrise Manor,36.141875,-115.078742,4,97,98.5,8540
"Las Vegas-Henderson-Paradise, NV",32-003-0540,PM2.5,Jerome Mack-NCore,Nevada,Clark,Sunrise Manor,36.141875,-115.078742,4,97,98.5,8540
"Las Vegas-Henderson-Paradise, NV",32-003-0540,SO2,Jerome Mack-NCore,Nevada,Clark,Sunrise Manor,36.141875,-115.078742,4,96,96.25,8386
"Las Vegas-Henderson-Paradise, NV",32-003-0561,CO,Sunrise Acres,Nevada,Clark,Las Vegas,36.163962,-115.11393,4,95,96.75,8351
"Las Vegas-Henderson-Paradise, NV",32-003-0561,NO2,Sunrise Acres,Nevada,Clark,Las Vegas,36.163962,-115.11393,4,90,95.5,7949
"Las Vegas-Henderson-Paradise, NV",32-003-0561,PM10,Sunrise Acres,Nevada,Clark,Las Vegas,36.163962,-115.11393,4,99,99.75,8685
"Las Vegas-Henderson-Paradise, NV",32-003-0561,PM2.5,Sunrise Acres,Nevada,Clark,Las Vegas,36.163962,-115.11393,4,98,99.5,8614
"Las Vegas-Henderson-Paradise, NV",32-003-0602,O3,Garrett Jr. High,Nevada,Clark,Boulder City,35.969848,-114.835007,4,75,92.0,6493
"Las Vegas-Henderson-Paradise, NV",32-003-0602,PM10,Garrett Jr. High,Nevada,Clark,Boulder City,35.969848,-114.835007,4,75,93.5,6546
"Las Vegas-Henderson-Paradise, NV",32-003-0602,PM2.5,Garrett Jr. High,Nevada,Clark,Boulder City,35.969848,-114.835007,4,75,93.5,6546
"Las Vegas-Henderson-Paradise, NV",32-003-1019,O3,Jean,Nevada,Clark,Jean,35.785665,-115.357087,4,93,95.25,8173
"Las Vegas-Henderson-Paradise, NV",32-003-1019,PM10,Jean,Nevada,Clark,Jean,35.785665,-115.357087,4,98,99.0,8573
"Las Vegas-Henderson-Paradise, NV",32-003-1019,PM2.5,Jean,Nevada,Clark,Jean,35.785665,-115.357087,4,98,99.0,8573
"Las Vegas-Henderson-Paradise, NV",32-003-1501,CO,Rancho & Teddy,Nevada,Clark,Las Vegas,36.139707,-115.175654,4,92,96.0,8100
"Las Vegas-Henderson-Paradise, NV",32-003-1501,NO2,Rancho & Teddy,Nevada,Clark,Las Vegas,36.139707,-115.175654,4,94,96.75,8293
"Las Vegas-Henderson-Paradise, NV",32-003-1501,PM2.5,Rancho & Teddy,Nevada,Clark,Las Vegas,36.139707,-115.175654,4,98,99.25,8567
"Las Vegas-Henderson-Paradise, NV",32-003-1502,NO2,Casino Center,Nevada,Clark,Las Vegas,36.174365,-115.13977,4,92,96.0,8102
"Las Vegas-Henderson-Paradise, NV",32-003-2003,CO,Walnut Community Center,Nevada,Clark,North Las Vegas,36.214465,-115.091437,4,57,84.0,5026
"Las Vegas-Henderson-Paradise, NV",32-003-2003,NO2,Walnut Community Center,Nevada,Clark,North Las Vegas,36.214465,-115.091437,4,58,86.5,5086
"Las Vegas-Henderson-Paradise, NV",32-003-2003,O3,Walnut Community Center,Nevada,Clark,North Las Vegas,36.214465,-115.091437,4,58,87.0,5038
"Las Vegas-Henderson-Paradise, NV",32-003-2003,PM10,Walnut Community Center,Nevada,Clark,North Las Vegas,36.214465,-115.091437,4,59,89.5,5129
"Las Vegas-Henderson-Paradise, NV",32-003-2003,PM2.5,Walnut Community Center,Nevada,Clark,North Las Vegas,36.214465,-115.091437,4,59,89.5,5130
"Las Vegas-Henderson-Paradise, NV",32-003-7772,O3,Indian Springs,Nevada,Clark,Indian Springs,36.569333,-115.676651,4,98,99.0,4272
"Lawrenceburg, TN",47-099-0003,PM2.5,Loretto,Tennessee,Lawrence,Loretto,35.116878,-87.419725,4,96,97.5,8434
"Lawton, OK",40-031-0651,O3,LAWTON,Oklahoma,Comanche,Lawton,34.63298,-98.42879,4,84,92.25,5514
"Lawton, OK",40-031-0651,PM2.5,LAWTON,Oklahoma,Comanche,Lawton,34.63298,-98.42879,4,87,95.0,7607
"Lebanon, PA",42-075-0101,O3,Lebanon,Pennsylvania,Lebanon,,40.338516,-76.394788,4,96,96.5,5425
"Lebanon, PA",42-075-0101,PM2.5,Lebanon,Pennsylvania,Lebanon,,40.338516,-76.394788,4,87,93.75,7578
"Lewiston-Auburn, ME",23-001-0011,PM2.5,COUNTRY KITCHEN BAKERY PARKING LOT,Maine,Androscoggin,Lewiston,44.089406,-70.214219,4,94,96.25,8267
"Lewiston-Auburn, ME",23-001-0014,O3,DURHAM FIRE STATION,Maine,Androscoggin,,43.974622,-70.124608,4,98,98.5,5081
"Lexington-Fayette, KY",21-067-0012,NO2,LEXINGTON PRIMARY,Kentucky,Fayette,Lexington-Fayette (corporate name for Lexington),38.06503,-84.49761,4,80,88.75,7033
"Lexington-Fayette, KY",21-067-0012,O3,LEXINGTON PRIMARY,Kentucky,Fayette,Lexington-Fayette (corporate name for Lexington),38.06503,-84.49761,4,78,94.0,4362
"Lexington-Fayette, KY",21-067-0012,PM2.5,LEXINGTON PRIMARY,Kentucky,Fayette,Lexington-Fayette (corporate name for Lexington),38.06503,-84.49761,4,85,94.5,7443
"Lexington-Fayette, KY",21-067-0012,SO2,LEXINGTON PRIMARY,Kentucky,Fayette,Lexington-Fayette (corporate name for Lexington),38.06503,-84.49761,4,83,90.75,7247
"Lexington-Fayette, KY",21-113-0001,O3,NICHOLASVILLE,Kentucky,Jessamine,Nicholasville,37.89147,-84.58825,4,93,98.0,5253
"Lexington-Fayette, KY",21-113-0001,SO2,NICHOLASVILLE,Kentucky,Jessamine,Nicholasville,37.89147,-84.58825,4,91,93.75,8003
"Lima, OH",39-003-0009,O3,Lima,Ohio,Allen,Lima,40.770944,-84.0539,4,100,100.0,5570
"Lima, OH",39-003-0009,PM2.5,Lima,Ohio,Allen,Lima,40.770944,-84.0539,4,93,96.75,8142
"Lima, OH",39-003-0009,SO2,Lima,Ohio,Allen,Lima,40.770944,-84.0539,4,89,93.0,7774
"Lincoln, NE",31-109-0016,O3,,Nebraska,Lancaster,,40.98498,-96.671373,4,96,98.5,5630
"Little Rock-North Little Rock-Conway, AR",05-119-0007,CO,PARR,Arkansas,Pulaski,North Little Rock,34.756189,-92.281296,4,95,98.0,8304
"Little Rock-North Little Rock-Conway, AR",05-119-0007,NO2,PARR,Arkansas,Pulaski,North Little Rock,34.756189,-92.281296,4,56,87.75,4892
"Little Rock-North Little Rock-Conway, AR",05-119-0007,O3,PARR,Arkansas,Pulaski,North Little Rock,34.756189,-92.281296,4,95,98.75,8004
"Little Rock-North Little Rock-Conway, AR",05-119-0007,PM2.5,PARR,Arkansas,Pulaski,North Little Rock,34.756189,-92.281296,4,87,95.75,7623
"Little Rock-North Little Rock-Conway, AR",05-119-0007,SO2,PARR,Arkansas,Pulaski,North Little Rock,34.756189,-92.281296,4,99,99.0,8638
"Little Rock-North Little Rock-Conway, AR",05-119-1002,O3,NLR AIRPORT,Arkansas,Pulaski,North Little Rock,34.835721,-92.260581,4,99,99.5,8312
"Logan, UT-ID",49-005-0007,NO2,Smithfield,Utah,Cache,Smithfield,41.842649,-111.852199,4,96,96.25,8368
"Logan, UT-ID",49-005-0007,O3,Smithfield,Utah,Cache,Smithfield,41.842649,-111.852199,4,96,97.0,8369
"Logan, UT-ID",49-005-0007,PM2.5,Smithfield,Utah,Cache,Smithfield,41.842649,-111.852199,4,98,99.25,8573
"Longview, TX",48-183-0001,NO2,Longview,Texas,Gregg,Longview,32.378681,-94.711803,4,92,95.25,8092
"Longview, TX",48-183-0001,O3,Longview,Texas,Gregg,Longview,32.378681,-94.711803,4,96,98.25,8297
"Longview, TX",48-183-0001,SO2,Longview,Texas,Gregg,Longview,32.378681,-94.711803,4,93,95.5,8150
"Longview, TX",48-401-1082,SO2,Tatum CR 2181d Martin Creek Lake,Texas,Rusk,Tatum,32.277922,-94.570851,4,91,95.5,8010
"Los Angeles-Long Beach-Anaheim, CA",06-037-0016,CO,Glendora,California,Los Angeles,Glendora,34.14435,-117.85036,4,91,96.5,8035
"Los Angeles-Long Beach-Anaheim, CA",06-037-0016,NO2,Glendora,California,Los Angeles,Glendora,34.14435,-117.85036,4,92,96.75,8084
"Los Angeles-Long Beach-Anaheim, CA",06-037-0016,O3,Glendora,California,Los Angeles,Glendora,34.14435,-117.85036,4,90,96.25,8035
"Los Angeles-Long Beach-Anaheim, CA",06-037-0016,PM10,Glendora,California,Los Angeles,Glendora,34.14435,-117.85036,4,91,95.75,8005
"Los Angeles-Long Beach-Anaheim, CA",06-037-0113,NO2,West Los Angeles,California,Los Angeles,West Los Angeles,34.05111,-118.45636,4,98,98.75,8620
"Los Angeles-Long Beach-Anaheim, CA",06-037-0113,O3,West Los Angeles,California,Los Angeles,West Los Angeles,34.05111,-118.45636,4,92,96.0,8180
"Los Angeles-Long Beach-Anaheim, CA",06-037-1103,CO,Los Angeles-North Main Street,California,Los Angeles,Los Angeles,34.06659,-118.22688,4,97,98.5,8509
"Los Angeles-Long Beach-Anaheim, CA",06-037-1103,NO2,Los Angeles-North Main Street,California,Los Angeles,Los Angeles,34.06659,-118.22688,4,97,98.5,8484
"Los Angeles-Long Beach-Anaheim, CA",06-037-1103,O3,Los Angeles-North Main Street,California,Los Angeles,Los Angeles,34.06659,-118.22688,4,96,97.75,8529
"Los Angeles-Long Beach-Anaheim, CA",06-037-1103,SO2,Los Angeles-North Main Street,California,Los Angeles,Los Angeles,34.06659,-118.22688,4,97,98.5,8536
"Los Angeles-Long Beach-Anaheim, CA",06-037-1201,CO,Reseda,California,Los Angeles,Reseda,34.19925,-118.53276,4,94,97.5,8191
"Los Angeles-Long Beach-Anaheim, CA",06-037-1201,NO2,Reseda,California,Los Angeles,Reseda,34.19925,-118.53276,4,92,97.0,8113
"Los Angeles-Long Beach-Anaheim, CA",06-037-1201,O3,Reseda,California,Los Angeles,Reseda,34.19925,-118.53276,4,94,96.75,8309
"Los Angeles-Long Beach-Anaheim, CA",06-037-1302,CO,Compton,California,Los Angeles,Compton,33.901389,-118.205,4,95,97.5,8321
"Los Angeles-Long Beach-Anaheim, CA",06-037-1302,NO2,Compton,California,Los Angeles,Compton,33.901389,-118.205,4,95,97.75,8355
"Los Angeles-Long Beach-Anaheim, CA",06-037-1302,O3,Compton,California,Los Angeles,Compton,33.901389,-118.205,4,93,95.75,8306
"Los Angeles-Long Beach-Anaheim, CA",06-037-1602,CO,Pico Rivera #2,California,Los Angeles,Pico Rivera,34.01029,-118.0685,4,96,97.0,8380
"Los Angeles-Long Beach-Anaheim, CA",06-037-1602,NO2,Pico Rivera #2,California,Los Angeles,Pico Rivera,34.01029,-118.0685,4,98,98.5,8600
"Los Angeles-Long Beach-Anaheim, CA",06-037-1602,O3,Pico Rivera #2,California,Los Angeles,Pico Rivera,34.01029,-118.0685,4,92,94.75,8399
"Los Angeles-Long Beach-Anaheim, CA",06-037-1701,CO,Pomona,California,Los Angeles,Pomona,34.06703,-117.7514,4,96,97.75,8447
"Los Angeles-Long Beach-Anaheim, CA",06-037-1701,NO2,Pomona,California,Los Angeles,Pomona,34.06703,-117.7514,4,97,98.5,8550
"Los Angeles-Long Beach-Anaheim, CA",06-037-1701,O3,Pomona,California,Los Angeles,Pomona,34.06703,-117.7514,4,94,96.0,8497
"Los Angeles-Long Beach-Anaheim, CA",06-037-2005,CO,Pasadena,California,Los Angeles,Pasadena,34.1326,-118.1272,4,98,98.75,8619
"Los Angeles-Long Beach-Anaheim, CA",06-037-2005,NO2,Pasadena,California,Los Angeles,Pasadena,34.1326,-118.1272,4,99,99.0,8697
"Los Angeles-Long Beach-Anaheim, CA",06-037-2005,O3,Pasadena,California,Los Angeles,Pasadena,34.1326,-118.1272,4,98,98.75,8684
"Los Angeles-Long Beach-Anaheim, CA",06-037-4008,NO2,Long Beach-Route 710 Near Road,California,Los Angeles,Long Beach,33.859662,-118.200707,4,96,98.25,8407
"Los Angeles-Long Beach-Anaheim, CA",06-037-4009,NO2,Signal Hill (LBSH),California,Los Angeles,Signal Hill,33.793713,-118.171019,4,97,98.25,8537
"Los Angeles-Long Beach-Anaheim, CA",06-037-4009,O3,Signal Hill (LBSH),California,Los Angeles,Signal Hill,33.793713,-118.171019,4,94,96.25,8323
"Los Angeles-Long Beach-Anaheim, CA",06-037-4009,SO2,Signal Hill (LBSH),California,Los Angeles,Signal Hill,33.793713,-118.171019,4,97,97.5,8499
"Los Angeles-Long Beach-Anaheim, CA",06-037-4010,NO2,North Hollywood (NOHO),California,Los Angeles,Los Angeles,34.181977,-118.363036,4,98,98.5,8610
"Los Angeles-Long Beach-Anaheim, CA",06-037-4010,O3,North Hollywood (NOHO),California,Los Angeles,Los Angeles,34.181977,-118.363036,4,96,97.75,8532
"Los Angeles-Long Beach-Anaheim, CA",06-037-6012,CO,Santa Clarita,California,Los Angeles,Santa Clarita,34.38344,-118.5284,4,99,99.0,8694
"Los Angeles-Long Beach-Anaheim, CA",06-037-6012,NO2,Santa Clarita,California,Los Angeles,Santa Clarita,34.38344,-118.5284,4,99,99.0,8695
"Los Angeles-Long Beach-Anaheim, CA",06-037-6012,O3,Santa Clarita,California,Los Angeles,Santa Clarita,34.38344,-118.5284,4,98,98.25,8538
"Los Angeles-Long Beach-Anaheim, CA",06-059-0007,CO,Anaheim,California,Orange,Anaheim,33.83062,-117.93845,4,96,97.75,8434
"Los Angeles-Long Beach-Anaheim, CA",06-059-0007,NO2,Anaheim,California,Orange,Anaheim,33.83062,-117.93845,4,96,97.75,8435
"Los Angeles-Long Beach-Anaheim, CA",06-059-0007,O3,Anaheim,California,Orange,Anaheim,33.83062,-117.93845,4,94,97.25,8296
"Los Angeles-Long Beach-Anaheim, CA",06-059-0007,PM10,Anaheim,California,Orange,Anaheim,33.83062,-117.93845,4,89,95.0,7765
"Los Angeles-Long Beach-Anaheim, CA",06-059-0007,PM2.5,Anaheim,California,Orange,Anaheim,33.83062,-117.93845,4,95,96.75,8306
"Los Angeles-Long Beach-Anaheim, CA",06-059-0008,CO,Anaheim Near-Road,California,Orange,Anaheim,33.819305,-117.918759,4,91,94.75,7938
"Los Angeles-Long Beach-Anaheim, CA",06-059-0008,NO2,Anaheim Near-Road,California,Orange,Anaheim,33.819305,-117.918759,4,93,96.75,8152
"Los Angeles-Long Beach-Anaheim, CA",06-059-5001,CO,La Habra,California,Orange,La Habra,33.92513,-117.95264,4,98,98.75,8642
"Los Angeles-Long Beach-Anaheim, CA",06-059-5001,NO2,La Habra,California,Orange,La Habra,33.92513,-117.95264,4,94,97.5,8266
"Los Angeles-Long Beach-Anaheim, CA",06-059-5001,O3,La Habra,California,Orange,La Habra,33.92513,-117.95264,4,97,97.25,8577
"Louisville/Jefferson County, KY-IN",18-019-0008,O3,Charlestown State Park- 1051.8 meters East of SR 62/ Indiana armory,Indiana,Clark,,38.393822,-85.664118,4,92,97.0,8251
"Louisville/Jefferson County, KY-IN",18-019-0010,PM2.5,Jeffersonville- Bates-Bowyer Ave.,Indiana,Clark,Jeffersonville,38.288191,-85.741337,4,98,99.5,8588
"Louisville/Jefferson County, KY-IN",21-029-0006,O3,SHEPHERDSVILLE,Kentucky,Bullitt,Shepherdsville,37.98629,-85.71192,4,97,97.75,5438
"Louisville/Jefferson County, KY-IN",21-111-0051,O3,Watson Lane,Kentucky,Jefferson,Louisville,38.06091,-85.89804,4,95,98.25,5534
"Louisville/Jefferson County, KY-IN",21-111-0051,PM2.5,Watson Lane,Kentucky,Jefferson,Louisville,38.06091,-85.89804,4,94,97.5,8255
"Louisville/Jefferson County, KY-IN",21-111-0051,SO2,Watson Lane,Kentucky,Jefferson,Louisville,38.06091,-85.89804,4,89,91.75,7812
"Louisville/Jefferson County, KY-IN",21-111-0067,CO,CANNONS LANE,Kentucky,Jefferson,Louisville,38.22876,-85.65452,4,94,97.5,8223
"Louisville/Jefferson County, KY-IN",21-111-0067,NO2,CANNONS LANE,Kentucky,Jefferson,Louisville,38.22876,-85.65452,4,94,94.0,8218
"Louisville/Jefferson County, KY-IN",21-111-0067,O3,CANNONS LANE,Kentucky,Jefferson,Louisville,38.22876,-85.65452,4,99,99.0,8636
"Louisville/Jefferson County, KY-IN",21-111-0067,PM10,CANNONS LANE,Kentucky,Jefferson,Louisville,38.22876,-85.65452,4,95,97.75,8363
"Louisville/Jefferson County, KY-IN",21-111-0067,PM2.5,CANNONS LANE,Kentucky,Jefferson,Louisville,38.22876,-85.65452,4,95,97.75,8363
"Louisville/Jefferson County, KY-IN",21-111-0067,SO2,CANNONS LANE,Kentucky,Jefferson,Louisville,38.22876,-85.65452,4,93,93.25,8152
"Louisville/Jefferson County, KY-IN",21-111-0075,CO,Durrett Lane (Near Road),Kentucky,Jefferson,Louisville,38.1936,-85.7119,4,53,87.0,4697
"Louisville/Jefferson County, KY-IN",21-111-0075,NO2,Durrett Lane (Near Road),Kentucky,Jefferson,Louisville,38.1936,-85.7119,4,91,93.0,7960
"Louisville/Jefferson County, KY-IN",21-111-0075,PM2.5,Durrett Lane (Near Road),Kentucky,Jefferson,Louisville,38.1936,-85.7119,4,86,95.0,7539
"Louisville/Jefferson County, KY-IN",21-111-0080,O3,Carrithers Middle School,Kentucky,Jefferson,Jeffersontown,38.182435,-85.574361,4,92,98.0,5393
"Louisville/Jefferson County, KY-IN",21-111-0080,PM2.5,Carrithers Middle School,Kentucky,Jefferson,Jeffersontown,38.182435,-85.574361,4,99,99.25,8668
"Louisville/Jefferson County, KY-IN",21-111-1041,PM10,Algonquin Parkway,Kentucky,Jefferson,Louisville,38.23158,-85.82678,4,96,97.25,8380
"Louisville/Jefferson County, KY-IN",21-111-1041,PM2.5,Algonquin Parkway,Kentucky,Jefferson,Louisville,38.23158,-85.82678,4,96,97.25,8380
"Louisville/Jefferson County, KY-IN",21-111-1041,SO2,Algonquin Parkway,Kentucky,Jefferson,Louisville,38.23158,-85.82678,4,76,88.5,6700
"Louisville/Jefferson County, KY-IN",21-185-0004,O3,BUCKNER,Kentucky,Oldham,Buckner,38.4002,-85.44428,4,99,99.25,5548
"Lubbock, TX",48-303-1028,PM2.5,Lubbock 12th Street,Texas,Lubbock,Lubbock,33.585565,-101.786968,4,95,97.25,8356
"Ludington, MI",26-105-0007,O3,SCOTTVILLE - LOCATED 550 FT NORTH OF US10,Michigan,Mason,Scottville,43.953334,-86.294415,4,90,95.75,5103
"Macon, GA",13-021-0012,O3,Macon-Forestry,Georgia,Bibb,Macon,32.805264,-83.543493,4,97,99.25,5698
"Macon, GA",13-021-0012,PM2.5,Macon-Forestry,Georgia,Bibb,Macon,32.805264,-83.543493,4,68,89.75,5944
"Macon, GA",13-021-0012,SO2,Macon-Forestry,Georgia,Bibb,Macon,32.805264,-83.543493,4,89,95.75,7832
"Madera, CA",06-039-0004,NO2,Madera-Pump Yard,California,Madera,Madera,36.867125,-120.010158,4,93,93.5,8150
"Madera, CA",06-039-0004,O3,Madera-Pump Yard,California,Madera,Madera,36.867125,-120.010158,4,89,95.25,7492
"Madera, CA",06-039-2010,O3,Madera-City,California,Madera,Madera,36.953256,-120.034203,4,93,97.25,7963
"Madera, CA",06-039-2010,PM10,Madera-City,California,Madera,Madera,36.953256,-120.034203,4,98,98.25,8587
"Madera, CA",06-039-2010,PM2.5,Madera-City,California,Madera,Madera,36.953256,-120.034203,4,98,98.5,8612
"Madison, WI",55-021-0015,O3,COLUMBUS,Wisconsin,Columbia,,43.31551,-89.10889,4,98,99.25,4784
"Madison, WI",55-025-0041,O3,MADISON EAST,Wisconsin,Dane,Madison,43.10101,-89.35768,4,100,100.0,4815
"Madison, WI",55-025-0041,PM2.5,MADISON EAST,Wisconsin,Dane,Madison,43.10101,-89.35768,4,100,100.0,8723
"Madison, WI",55-025-0047,PM10,MADISON - UNIVERSITY AVE WELL #6,Wisconsin,Dane,Madison,43.0733,-89.4358,4,99,99.5,8651
"Madison, WI",55-025-0047,PM2.5,MADISON - UNIVERSITY AVE WELL #6,Wisconsin,Dane,Madison,43.0733,-89.4358,4,99,99.5,8651
"Manchester-Nashua, NH",33-011-1011,O3,GILSON ROAD,New Hampshire,Hillsborough,Nashua,42.718653,-71.522416,4,98,99.25,4995
"Manchester-Nashua, NH",33-011-5001,CO,MILLER STATE PARK,New Hampshire,Hillsborough,Peterborough (Peterboro),42.86183,-71.878626,4,71,85.25,6226
"Manchester-Nashua, NH",33-011-5001,O3,MILLER STATE PARK,New Hampshire,Hillsborough,Peterborough (Peterboro),42.86183,-71.878626,4,89,95.25,7892
"Manchester-Nashua, NH",33-011-5001,PM2.5,MILLER STATE PARK,New Hampshire,Hillsborough,Peterborough (Peterboro),42.86183,-71.878626,4,98,98.5,8574
"Manchester-Nashua, NH",33-011-5001,SO2,MILLER STATE PARK,New Hampshire,Hillsborough,Peterborough (Peterboro),42.86183,-71.878626,4,85,91.75,7408
"Manitowoc, WI",55-071-0007,O3,MANITOWOC - WDLND DUNES,Wisconsin,Manitowoc,Manitowoc,44.13862,-87.61612,4,99,99.5,4744
"Marietta, OH",39-167-0004,O3,Marietta WTP,Ohio,Washington,Marietta,39.432117,-81.460443,4,97,99.25,5433
"Marietta, OH",39-167-0011,SO2,Globe,Ohio,Washington,Beverly,39.58427,-81.67015,4,76,90.0,6639
"Marshall, MN",27-083-4210,O3,Southwest Minnesota Regional Airport,Minnesota,Lyon,Marshall,44.4438,-95.81789,4,89,95.5,5253
"Marshall, MN",27-083-4210,PM2.5,Southwest Minnesota Regional Airport,Minnesota,Lyon,Marshall,44.4438,-95.81789,4,98,98.75,8541
"Marshall, TX",48-203-0002,NO2,Karnack,Texas,Harrison,,32.669005,-94.167468,4,85,91.0,7487
"Marshall, TX",48-203-0002,O3,Karnack,Texas,Harrison,,32.669005,-94.167468,4,92,95.25,7556
"Marshall, TX",48-203-0002,PM2.5,Karnack,Texas,Harrison,,32.669005,-94.167468,4,59,84.75,5185
"Marshall, TX",48-203-1079,SO2,Hallsville Red Oak Road,Texas,Harrison,Hallsville,32.470232,-94.481593,4,92,94.0,8095
"Mayaguez, PR",72-097-0007,O3,Mayaguez,Puerto Rico,Mayagnez,Mayaguez,18.216038,-67.144107,4,71,79.25,5439
"McAlester, OK",40-121-0415,O3,McALESTER,Oklahoma,Pittsburg,McAlester,34.885608,-95.78441,4,93,96.0,6436
"McAlester, OK",40-121-0415,PM2.5,McALESTER,Oklahoma,Pittsburg,McAlester,34.885608,-95.78441,4,90,96.0,7897
"Medford, OR",41-029-0201,O3,Talent - Rapp Lane (TAL),Oregon,Jackson,Talent,42.229891,-122.7877,4,92,97.75,3366
"Memphis, TN-MS-AR",05-035-0005,NO2,MARION,Arkansas,Crittenden,Marion,35.197288,-90.193141,4,72,91.75,6348
"Memphis, TN-MS-AR",05-035-0005,O3,MARION,Arkansas,Crittenden,Marion,35.197288,-90.193141,4,99,99.75,8366
"Memphis, TN-MS-AR",28-033-0002,O3,Hernando,Mississippi,DeSoto,Hernando,34.82056,-89.98778,4,94,96.25,5452
"Memphis, TN-MS-AR",28-033-0002,PM2.5,Hernando,Mississippi,DeSoto,Hernando,34.82056,-89.98778,4,98,98.5,8611
"Memphis, TN-MS-AR",47-157-0021,O3,Frayser Ozone Monitor,Tennessee,Shelby,Memphis,35.217501,-90.019707,4,91,95.5,5108
"Memphis, TN-MS-AR",47-157-0024,PM10,Alabama Ave. Station,Tennessee,Shelby,Memphis,35.151194,-90.041559,4,84,94.25,7344
"Memphis, TN-MS-AR",47-157-0075,CO,Memphis NCORE site,Tennessee,Shelby,Memphis,35.151699,-89.850249,4,63,81.75,5497
"Memphis, TN-MS-AR",47-157-0075,O3,Memphis NCORE site,Tennessee,Shelby,Memphis,35.151699,-89.850249,4,94,97.25,7883
"Memphis, TN-MS-AR",47-157-0075,PM10,Memphis NCORE site,Tennessee,Shelby,Memphis,35.151699,-89.850249,4,82,90.5,7221
"Memphis, TN-MS-AR",47-157-0075,PM2.5,Memphis NCORE site,Tennessee,Shelby,Memphis,35.151699,-89.850249,4,82,90.5,7221
"Memphis, TN-MS-AR",47-157-0075,SO2,Memphis NCORE site,Tennessee,Shelby,Memphis,35.151699,-89.850249,4,93,95.0,8159
"Memphis, TN-MS-AR",47-157-0100,CO,Near Road Site at Southwest Tennessee Community College,Tennessee,Shelby,Memphis,35.16126,-89.87065,4,70,84.5,6107
"Memphis, TN-MS-AR",47-157-0100,NO2,Near Road Site at Southwest Tennessee Community College,Tennessee,Shelby,Memphis,35.16126,-89.87065,4,75,87.0,6593
"Memphis, TN-MS-AR",47-157-1004,O3,Edmund Orgill Park Ozone,Tennessee,Shelby,Millington,35.378153,-89.83447,4,87,95.75,4954
"Merced, CA",06-047-2510,PM2.5,Merced-M St,California,Merced,Merced,37.30832,-120.480456,4,98,98.25,8572
"Meridian, MS",28-075-0003,O3,Meridian,Mississippi,Lauderdale,Meridian,32.364565,-88.731491,4,97,98.75,5546
"Miami, OK",40-115-9004,O3,QUAPAW SHELTER,Oklahoma,Ottawa,Miami,36.922222,-94.838889,4,75,90.5,5145
"Miami, OK",40-115-9007,PM10,,Oklahoma,Ottawa,Picher,36.985702,-94.83931,4,65,84.0,5734
"Miami, OK",40-115-9007,PM2.5,,Oklahoma,Ottawa,Picher,36.985702,-94.83931,4,69,85.25,6076
"Miami-Fort Lauderdale-West Palm Beach, FL",12-011-0033,O3,Vista View Park,Florida,Broward,Davie,26.073536,-80.33845,4,95,97.25,8089
"Miami-Fort Lauderdale-West Palm Beach, FL",12-011-0034,CO,Daniela Banu NCORE,Florida,Broward,Davie,26.053889,-80.256944,4,95,96.75,8357
"Miami-Fort Lauderdale-West Palm Beach, FL",12-011-0034,O3,Daniela Banu NCORE,Florida,Broward,Davie,26.053889,-80.256944,4,96,97.0,8143
"Miami-Fort Lauderdale-West Palm Beach, FL",12-011-0034,PM10,Daniela Banu NCORE,Florida,Broward,Davie,26.053889,-80.256944,4,96,98.0,8406
"Miami-Fort Lauderdale-West Palm Beach, FL",12-011-0034,PM2.5,Daniela Banu NCORE,Florida,Broward,Davie,26.053889,-80.256944,4,96,98.0,8406
"Miami-Fort Lauderdale-West Palm Beach, FL",12-011-0034,SO2,Daniela Banu NCORE,Florida,Broward,Davie,26.053889,-80.256944,4,96,97.25,8468
"Miami-Fort Lauderdale-West Palm Beach, FL",12-011-0035,CO,Near Road - Fort Lauderdale,Florida,Broward,Fort Lauderdale,26.132677,-80.169817,4,96,97.75,8403
"Miami-Fort Lauderdale-West Palm Beach, FL",12-011-0035,NO2,Near Road - Fort Lauderdale,Florida,Broward,Fort Lauderdale,26.132677,-80.169817,4,90,94.25,7902
"Miami-Fort Lauderdale-West Palm Beach, FL",12-011-0035,PM2.5,Near Road - Fort Lauderdale,Florida,Broward,Fort Lauderdale,26.132677,-80.169817,4,97,98.75,8511
"Miami-Fort Lauderdale-West Palm Beach, FL",12-011-2003,O3,Pompano Highlands,Florida,Broward,Pompano Beach Highlands,26.291088,-80.096353,4,97,97.75,8270
"Miami-Fort Lauderdale-West Palm Beach, FL",12-011-2003,PM2.5,Pompano Highlands,Florida,Broward,Pompano Beach Highlands,26.291088,-80.096353,4,99,99.0,8646
"Miami-Fort Lauderdale-West Palm Beach, FL",12-011-5005,PM10,Coconut Creek,Florida,Broward,Coconut Creek,26.294167,-80.176389,4,86,93.5,7536
"Miami-Fort Lauderdale-West Palm Beach, FL",12-011-5005,PM2.5,Coconut Creek,Florida,Broward,Coconut Creek,26.294167,-80.176389,4,86,93.75,7536
"Miami-Fort Lauderdale-West Palm Beach, FL",12-011-8002,NO2,Dr. Von Mizell-Eula Johnson State Park (prev. John U Lloyd State Park),Florida,Broward,Hollywood,26.087567,-80.111152,4,90,93.0,7848
"Miami-Fort Lauderdale-West Palm Beach, FL",12-011-8002,O3,Dr. Von Mizell-Eula Johnson State Park (prev. John U Lloyd State Park),Florida,Broward,Hollywood,26.087567,-80.111152,4,98,98.25,8241
"Miami-Fort Lauderdale-West Palm Beach, FL",12-086-0019,SO2,PENNSUCO,Florida,Miami-Dade,Miami,25.899539,-80.38259,4,90,93.75,7923
"Miami-Fort Lauderdale-West Palm Beach, FL",12-086-0027,NO2,Rosenstiel,Florida,Miami-Dade,Miami,25.732878,-80.16175,4,84,92.25,7393
"Miami-Fort Lauderdale-West Palm Beach, FL",12-086-0027,O3,Rosenstiel,Florida,Miami-Dade,Miami,25.732878,-80.16175,4,95,97.5,8326
"Miami-Fort Lauderdale-West Palm Beach, FL",12-086-0029,O3,Perdue,Florida,Miami-Dade,Cutler Ridge,25.587327,-80.325922,4,76,90.75,6908
"Miami-Fort Lauderdale-West Palm Beach, FL",12-086-0035,NO2,Perimeter Road,Florida,Miami-Dade,Miami,25.785472,-80.284206,4,79,88.75,6961
"Miami-Fort Lauderdale-West Palm Beach, FL",12-086-1016,PM10,Miami Fire Station,Florida,Miami-Dade,Miami,25.794222,-80.215556,4,87,95.75,7678
"Miami-Fort Lauderdale-West Palm Beach, FL",12-086-1016,PM2.5,Miami Fire Station,Florida,Miami-Dade,Miami,25.794222,-80.215556,4,87,95.75,7678
"Miami-Fort Lauderdale-West Palm Beach, FL",12-099-0021,O3,Lantana Preserve,Florida,Palm Beach,Lantana,26.592741,-80.058484,4,92,97.0,8099
"Miami-Fort Lauderdale-West Palm Beach, FL",12-099-0022,O3,Lamstein Lane,Florida,Palm Beach,Royal Palm Beach,26.68737,-80.220311,4,97,98.0,8517
"Miami-Fort Lauderdale-West Palm Beach, FL",12-099-0022,PM2.5,Lamstein Lane,Florida,Palm Beach,Royal Palm Beach,26.68737,-80.220311,4,93,96.75,8180
"Miami-Fort Lauderdale-West Palm Beach, FL",12-099-2005,PM10,DELRAY BEACH,Florida,Palm Beach,Delray Beach,26.457068,-80.092872,4,94,97.25,8228
"Miami-Fort Lauderdale-West Palm Beach, FL",12-099-2005,PM2.5,DELRAY BEACH,Florida,Palm Beach,Delray Beach,26.457068,-80.092872,4,67,90.5,5909
"Michigan City-La Porte, IN",18-091-0005,O3,Michigan City- W. Michigan Blvd./  NIPSCO Gas Station,Indiana,LaPorte,Michigan City,41.717762,-86.907786,4,97,98.75,8451
"Michigan City-La Porte, IN",18-091-0010,O3,LAPORTE OZONE SITE AT WATER TREATMENT PLANT,Indiana,LaPorte,La Porte,41.629259,-86.68502,4,98,98.5,8402
"Middlesborough, KY",21-013-0002,O3,MIDDLESBORO,Kentucky,Bell,Middlesborough (corporate name for Middlesboro),36.60843,-83.73694,4,98,99.25,5563
"Middlesborough, KY",21-013-0002,PM2.5,MIDDLESBORO,Kentucky,Bell,Middlesborough (corporate name for Middlesboro),36.60843,-83.73694,4,99,99.0,8689
"Milwaukee-Waukesha-West Allis, WI",55-079-0010,O3,MILWAUKEE - SIXTEENTH ST. HEALTH CENTER,Wisconsin,Milwaukee,Milwaukee,43.01724,-87.93369,4,100,100.0,4761
"Milwaukee-Waukesha-West Allis, WI",55-079-0010,PM2.5,MILWAUKEE - SIXTEENTH ST. HEALTH CENTER,Wisconsin,Milwaukee,Milwaukee,43.01724,-87.93369,4,100,100.0,8718
"Milwaukee-Waukesha-West Allis, WI",55-079-0056,CO,MILWAUKEE - COLLEGE AVE. NR,Wisconsin,Milwaukee,Milwaukee,42.93257,-87.93434,4,95,97.5,8363
"Milwaukee-Waukesha-West Allis, WI",55-079-0056,NO2,MILWAUKEE - COLLEGE AVE. NR,Wisconsin,Milwaukee,Milwaukee,42.93257,-87.93434,4,95,95.0,8333
"Milwaukee-Waukesha-West Allis, WI",55-079-0056,PM10,MILWAUKEE - COLLEGE AVE. NR,Wisconsin,Milwaukee,Milwaukee,42.93257,-87.93434,4,94,98.25,8216
"Milwaukee-Waukesha-West Allis, WI",55-079-0056,PM2.5,MILWAUKEE - COLLEGE AVE. NR,Wisconsin,Milwaukee,Milwaukee,42.93257,-87.93434,4,99,99.75,8692
"Milwaukee-Waukesha-West Allis, WI",55-079-0068,NO2,MILWAUKEE - UWM UPARK,Wisconsin,Milwaukee,Milwaukee,43.09456,-87.90144,4,69,87.25,6030
"Milwaukee-Waukesha-West Allis, WI",55-079-0068,O3,MILWAUKEE - UWM UPARK,Wisconsin,Milwaukee,Milwaukee,43.09456,-87.90144,4,98,99.25,4833
"Milwaukee-Waukesha-West Allis, WI",55-079-0068,SO2,MILWAUKEE - UWM UPARK,Wisconsin,Milwaukee,Milwaukee,43.09456,-87.90144,4,72,89.25,6297
"Milwaukee-Waukesha-West Allis, WI",55-079-0085,O3,BAYSIDE,Wisconsin,Milwaukee,Bayside,43.1818,-87.901,4,98,99.0,4813
"Milwaukee-Waukesha-West Allis, WI",55-089-0008,O3,GRAFTON,Wisconsin,Ozaukee,,43.34317,-87.92087,4,98,99.25,4771
"Milwaukee-Waukesha-West Allis, WI",55-089-0009,O3,HARRINGTON BEACH PARK,Wisconsin,Ozaukee,,43.4983,-87.8102,4,100,100.0,4787
"Milwaukee-Waukesha-West Allis, WI",55-089-0009,PM2.5,HARRINGTON BEACH PARK,Wisconsin,Ozaukee,,43.4983,-87.8102,4,84,95.75,7372
"Milwaukee-Waukesha-West Allis, WI",55-133-0027,O3,WAUKESHA - CLEVELAND AVE,Wisconsin,Waukesha,Waukesha,43.020075,-88.21507,4,99,99.5,4782
"Milwaukee-Waukesha-West Allis, WI",55-133-0027,PM10,WAUKESHA - CLEVELAND AVE,Wisconsin,Waukesha,Waukesha,43.020075,-88.21507,4,86,91.75,7575
"Milwaukee-Waukesha-West Allis, WI",55-133-0027,PM2.5,WAUKESHA - CLEVELAND AVE,Wisconsin,Waukesha,Waukesha,43.020075,-88.21507,4,98,99.0,8594
"Minneapolis-St. Paul-Bloomington, MN-WI",27-003-1001,O3,Cedar Creek,Minnesota,Anoka,East Bethel,45.40184,-93.20306,4,98,99.0,5699
"Minneapolis-St. Paul-Bloomington, MN-WI",27-003-1002,CO,Anoka County Airport,Minnesota,Anoka,Blaine,45.13768,-93.207615,4,61,73.75,5365
"Minneapolis-St. Paul-Bloomington, MN-WI",27-003-1002,NO2,Anoka County Airport,Minnesota,Anoka,Blaine,45.13768,-93.207615,4,93,95.25,8111
"Minneapolis-St. Paul-Bloomington, MN-WI",27-003-1002,O3,Anoka County Airport,Minnesota,Anoka,Blaine,45.13768,-93.207615,4,84,91.0,7309
"Minneapolis-St. Paul-Bloomington, MN-WI",27-003-1002,PM10,Anoka County Airport,Minnesota,Anoka,Blaine,45.13768,-93.207615,4,95,97.0,8360
"Minneapolis-St. Paul-Bloomington, MN-WI",27-003-1002,PM2.5,Anoka County Airport,Minnesota,Anoka,Blaine,45.13768,-93.207615,4,94,96.75,8275
"Minneapolis-St. Paul-Bloomington, MN-WI",27-003-1002,SO2,Anoka County Airport,Minnesota,Anoka,Blaine,45.13768,-93.207615,4,87,90.25,7584
"Minneapolis-St. Paul-Bloomington, MN-WI",27-037-0020,CO,Flint Hills Refinery 420,Minnesota,Dakota,Rosemount,44.76323,-93.03255,4,94,96.25,8263
"Minneapolis-St. Paul-Bloomington, MN-WI",27-037-0020,NO2,Flint Hills Refinery 420,Minnesota,Dakota,Rosemount,44.76323,-93.03255,4,86,94.25,7533
"Minneapolis-St. Paul-Bloomington, MN-WI",27-037-0020,SO2,Flint Hills Refinery 420,Minnesota,Dakota,Rosemount,44.76323,-93.03255,4,91,96.0,7969
"Minneapolis-St. Paul-Bloomington, MN-WI",27-037-0423,CO,Flint Hills Refinery 423,Minnesota,Dakota,Rosemount,44.77553,-93.06299,4,92,95.0,8044
"Minneapolis-St. Paul-Bloomington, MN-WI",27-037-0423,NO2,Flint Hills Refinery 423,Minnesota,Dakota,Rosemount,44.77553,-93.06299,4,84,89.0,7373
"Minneapolis-St. Paul-Bloomington, MN-WI",27-037-0423,SO2,Flint Hills Refinery 423,Minnesota,Dakota,Rosemount,44.77553,-93.06299,4,96,98.0,8451
"Minneapolis-St. Paul-Bloomington, MN-WI",27-037-0443,SO2,Flint Hills Refinery 443,Minnesota,Dakota,Rosemount,44.745662,-93.05541,4,65,90.5,5693
"Minneapolis-St. Paul-Bloomington, MN-WI",27-037-0470,PM2.5,Apple Valley,Minnesota,Dakota,Apple Valley,44.73846,-93.23725,4,83,95.25,7245
"Minneapolis-St. Paul-Bloomington, MN-WI",27-037-0480,CO,Near Road I-35,Minnesota,Dakota,Lakeville,44.706123,-93.285803,4,84,94.25,7360
"Minneapolis-St. Paul-Bloomington, MN-WI",27-037-0480,NO2,Near Road I-35,Minnesota,Dakota,Lakeville,44.706123,-93.285803,4,87,94.75,7625
"Minneapolis-St. Paul-Bloomington, MN-WI",27-037-0480,PM2.5,Near Road I-35,Minnesota,Dakota,Lakeville,44.706123,-93.285803,4,96,98.5,8405
"Minneapolis-St. Paul-Bloomington, MN-WI",27-053-0909,PM10,Lowry Avenue,Minnesota,Hennepin,Minneapolis,45.012102,-93.276699,4,96,97.25,8396
"Minneapolis-St. Paul-Bloomington, MN-WI",27-053-0910,PM10,Pacific Street,Minnesota,Hennepin,Minneapolis,45.008297,-93.277041,4,88,94.5,7713
"Minneapolis-St. Paul-Bloomington, MN-WI",27-053-0954,CO,Hennepin Center for the Arts,Minnesota,Hennepin,Minneapolis,44.980995,-93.273719,4,97,98.0,8495
"Minneapolis-St. Paul-Bloomington, MN-WI",27-053-0954,SO2,Hennepin Center for the Arts,Minnesota,Hennepin,Minneapolis,44.980995,-93.273719,4,87,92.75,7627
"Minneapolis-St. Paul-Bloomington, MN-WI",27-053-0962,CO,Near Road I-35/I-94,Minnesota,Hennepin,Minneapolis,44.965242,-93.254759,4,95,98.0,8345
"Minneapolis-St. Paul-Bloomington, MN-WI",27-053-0962,NO2,Near Road I-35/I-94,Minnesota,Hennepin,Minneapolis,44.965242,-93.254759,4,74,89.5,6446
"Minneapolis-St. Paul-Bloomington, MN-WI",27-053-0962,O3,Near Road I-35/I-94,Minnesota,Hennepin,Minneapolis,44.965242,-93.254759,4,79,94.25,4599
"Minneapolis-St. Paul-Bloomington, MN-WI",27-053-0962,PM2.5,Near Road I-35/I-94,Minnesota,Hennepin,Minneapolis,44.965242,-93.254759,4,97,98.75,8468
"Minneapolis-St. Paul-Bloomington, MN-WI",27-053-0963,PM2.5,Andersen School,Minnesota,Hennepin,Minneapolis,44.95366,-93.25821,4,81,91.75,7116
"Minneapolis-St. Paul-Bloomington, MN-WI",27-053-1909,PM10,Bottineau / Marshall Terrace,Minnesota,Hennepin,Minneapolis,45.013611,-93.272049,4,94,97.25,8223
"Minneapolis-St. Paul-Bloomington, MN-WI",27-123-0868,PM10,Ramsey Health Center,Minnesota,Ramsey,St. Paul,44.95072,-93.09827,4,98,99.0,8573
"Minneapolis-St. Paul-Bloomington, MN-WI",27-123-0871,PM2.5,Harding High School,Minnesota,Ramsey,St. Paul,44.95939,-93.03587,4,96,98.25,8397
"Minneapolis-St. Paul-Bloomington, MN-WI",27-139-0505,O3,B.F. Pearson School,Minnesota,Scott,Shakopee,44.791437,-93.512534,4,82,92.0,6185
"Minneapolis-St. Paul-Bloomington, MN-WI",27-139-0505,PM2.5,B.F. Pearson School,Minnesota,Scott,Shakopee,44.791437,-93.512534,4,93,96.25,8178
"Minneapolis-St. Paul-Bloomington, MN-WI",27-163-0436,SO2,Saint Paul Park Refinery 436,Minnesota,Washington,St. Paul Park,44.84737,-92.9954,4,87,95.5,7653
"Minneapolis-St. Paul-Bloomington, MN-WI",27-163-6016,O3,St. Croix Watershed Research Station,Minnesota,Washington,,45.168004,-92.765136,4,92,95.75,5404
"Minneapolis-St. Paul-Bloomington, MN-WI",27-171-3201,O3,St. Michael Elementary School,Minnesota,Wright,St. Michael,45.20916,-93.66921,4,84,96.0,4872
"Minneapolis-St. Paul-Bloomington, MN-WI",27-171-3201,PM2.5,St. Michael Elementary School,Minnesota,Wright,St. Michael,45.20916,-93.66921,4,94,96.5,8273
"Minot, ND",38-101-0003,NO2,Ryder,North Dakota,Ward,,47.940861,-101.571583,4,91,94.0,7963
"Minot, ND",38-101-0003,O3,Ryder,North Dakota,Ward,,47.940861,-101.571583,4,95,97.25,7822
"Minot, ND",38-101-0003,PM2.5,Ryder,North Dakota,Ward,,47.940861,-101.571583,4,97,98.5,8515
"Minot, ND",38-101-0003,SO2,Ryder,North Dakota,Ward,,47.940861,-101.571583,4,89,96.0,7832
"Missoula, MT",30-063-0024,O3,MSLA Boyd Park,Montana,Missoula,Missoula,46.842181,-114.021499,4,87,94.25,8196
"Missoula, MT",30-063-0024,PM10,MSLA Boyd Park,Montana,Missoula,Missoula,46.842181,-114.021499,4,94,97.5,8234
"Missoula, MT",30-063-0024,PM2.5,MSLA Boyd Park,Montana,Missoula,Missoula,46.842181,-114.021499,4,98,98.75,8598
"Missoula, MT",30-063-0037,PM2.5,French Town - Beckwith,Montana,Missoula,Frenchtown,47.012907,-114.224273,4,94,97.75,8228
"Mobile, AL",01-097-0003,O3,CHICKASAW,Alabama,Mobile,Chickasaw,30.770181,-88.087761,4,96,98.5,5407
"Mobile, AL",01-097-0003,SO2,CHICKASAW,Alabama,Mobile,Chickasaw,30.770181,-88.087761,4,86,90.0,7498
"Mobile, AL",01-097-2005,O3,BAY ROAD,Alabama,Mobile,Theodore,30.474305,-88.141022,4,95,97.5,5315
"Modesto, CA",06-099-0005,CO,Modesto-14th Street,California,Stanislaus,Modesto,37.642165,-120.994212,4,52,83.5,4532
"Modesto, CA",06-099-0005,O3,Modesto-14th Street,California,Stanislaus,Modesto,37.642165,-120.994212,4,93,96.0,7883
"Modesto, CA",06-099-0005,PM10,Modesto-14th Street,California,Stanislaus,Modesto,37.642165,-120.994212,4,95,97.0,8359
"Modesto, CA",06-099-0005,PM2.5,Modesto-14th Street,California,Stanislaus,Modesto,37.642165,-120.994212,4,94,96.75,8258
"Modesto, CA",06-099-0006,NO2,Turlock,California,Stanislaus,Turlock,37.488317,-120.836008,4,94,94.5,8248
"Modesto, CA",06-099-0006,O3,Turlock,California,Stanislaus,Turlock,37.488317,-120.836008,4,96,97.5,8221
"Modesto, CA",06-099-0006,PM2.5,Turlock,California,Stanislaus,Turlock,37.488317,-120.836008,4,94,96.75,8209
"Monroe, LA",22-073-0004,O3,Monroe / Airport,Louisiana,Ouachita,Monroe,32.509959,-92.046196,4,97,98.0,8113
"Montgomery, AL",01-051-0004,O3,Wetumpka Westside Technology Park,Alabama,Elmore,Wetumpka,32.53568,-86.255193,4,96,97.25,5367
"Montgomery, AL",01-101-1002,O3,"MOMS, ADEM",Alabama,Montgomery,Montgomery,32.412811,-86.263394,4,93,96.0,5368
"Morehead City, NC",37-031-9991,O3,Beaufort,North Carolina,Carteret,,34.8848,-76.6203,4,95,97.5,8060
"Morgantown, WV",54-061-0003,O3,,West Virginia,Monongalia,Morgantown,39.649444,-79.920278,4,92,97.75,5361
"Morgantown, WV",54-061-0003,SO2,,West Virginia,Monongalia,Morgantown,39.649444,-79.920278,4,85,94.0,7470
"Morristown, TN",47-089-0002,O3,New Market,Tennessee,Jefferson,New Market,36.105629,-83.602077,4,96,98.25,5402
"Mount Pleasant, TX",48-449-1078,SO2,Cookville FM 4855,Texas,Titus,,33.075122,-94.847312,4,95,96.25,8340
"Mount Vernon, IL",17-065-0002,O3,TEN MILE CREEK DNR OFFICE,Illinois,Hamilton,,38.082155,-88.624943,4,97,98.75,5686
"Mount Vernon, IL",17-065-0002,PM2.5,TEN MILE CREEK DNR OFFICE,Illinois,Hamilton,,38.082155,-88.624943,4,96,99.0,8417
"Mount Vernon, OH",39-083-0003,O3,Centerburg WWTP,Ohio,Knox,Centerburg,40.27886,-82.679563,4,100,100.0,5605
"Mount Vernon-Anacortes, WA",53-057-0011,O3,Anacortes-202 Ave,Washington,Skagit,Anacortes,48.52059,-122.61428,4,98,99.0,3495
"Mount Vernon-Anacortes, WA",53-057-0011,PM2.5,Anacortes-202 Ave,Washington,Skagit,Anacortes,48.52059,-122.61428,4,75,92.25,6559
"Mount Vernon-Anacortes, WA",53-057-0011,SO2,Anacortes-202 Ave,Washington,Skagit,Anacortes,48.52059,-122.61428,4,52,69.25,4571
"Muncie, IN",18-035-0010,O3,Albany- Albany Elem. Sch.,Indiana,Delaware,Albany,40.300385,-85.245862,4,96,99.0,8469
"Muscatine, IA",19-139-0019,SO2,Muscatine HS - East Campus School Trailer,Iowa,Muscatine,Muscatine,41.401459,-91.068449,4,94,94.75,8239
"Muscatine, IA",19-139-0020,SO2,"MUSCATINE, MUSSER PARK",Iowa,Muscatine,Muscatine,41.4069,-91.0616,4,94,94.75,8252
"Muskegon, MI",26-121-0039,O3,MUSKEGON,Michigan,Muskegon,Muskegon,43.278061,-86.311083,4,98,99.0,5550
"Myrtle Beach-Conway-North Myrtle Beach, SC-NC",45-051-0008,O3,Coastal Carolina University,South Carolina,Horry,Conway,33.8005,-78.9941,4,98,99.0,5896
"Naples-Immokalee-Marco Island, FL",12-021-0004,O3,LAURAL OAKS ELEMENTARY,Florida,Collier,Naples,26.269637,-81.711069,4,95,96.75,8306
"Nashville-Davidson--Murfreesboro--Franklin, TN",47-037-0011,NO2,East Health Center,Tennessee,Davidson,Nashville,36.205055,-86.74472,4,93,96.75,8163
"Nashville-Davidson--Murfreesboro--Franklin, TN",47-037-0011,O3,East Health Center,Tennessee,Davidson,Nashville,36.205055,-86.74472,4,98,99.0,5756
"Nashville-Davidson--Murfreesboro--Franklin, TN",47-037-0023,PM10,Lockeland,Tennessee,Davidson,Nashville,36.176382,-86.7389,4,93,95.5,8163
"Nashville-Davidson--Murfreesboro--Franklin, TN",47-037-0023,PM2.5,Lockeland,Tennessee,Davidson,Nashville,36.176382,-86.7389,4,65,86.0,5674
"Nashville-Davidson--Murfreesboro--Franklin, TN",47-037-0026,O3,Percy Priest Dam,Tennessee,Davidson,Nashville,36.150799,-86.623297,4,95,98.5,5570
"Nashville-Davidson--Murfreesboro--Franklin, TN",47-037-0040,CO,Near Road Site,Tennessee,Davidson,Nashville-Davidson (Remainder),36.1424,-86.7341,4,91,94.5,8006
"Nashville-Davidson--Murfreesboro--Franklin, TN",47-037-0040,NO2,Near Road Site,Tennessee,Davidson,Nashville-Davidson (Remainder),36.1424,-86.7341,4,92,94.75,8044
"Nashville-Davidson--Murfreesboro--Franklin, TN",47-037-0040,PM2.5,Near Road Site,Tennessee,Davidson,Nashville-Davidson (Remainder),36.1424,-86.7341,4,94,96.5,8219
"Nashville-Davidson--Murfreesboro--Franklin, TN",47-037-0040,SO2,Near Road Site,Tennessee,Davidson,Nashville-Davidson (Remainder),36.1424,-86.7341,4,95,95.75,8302
"Nashville-Davidson--Murfreesboro--Franklin, TN",47-119-2007,PM2.5,Columbia,Tennessee,Maury,Columbia,35.65188,-87.0096,4,92,96.0,8098
"Nashville-Davidson--Murfreesboro--Franklin, TN",47-165-0007,O3,Hendersonville,Tennessee,Sumner,Hendersonville,36.29756,-86.653137,4,98,98.5,5453
"Nashville-Davidson--Murfreesboro--Franklin, TN",47-165-0007,PM2.5,Hendersonville,Tennessee,Sumner,Hendersonville,36.29756,-86.653137,4,95,95.75,8295
"Nashville-Davidson--Murfreesboro--Franklin, TN",47-187-0106,O3,Fairview,Tennessee,Williamson,Fairview,35.949765,-87.138246,4,98,99.25,5447
"Nashville-Davidson--Murfreesboro--Franklin, TN",47-189-0103,O3,Cedars of Lebanon,Tennessee,Wilson,,36.060895,-86.286291,4,99,99.5,5534
"New Haven-Milford, CT",09-009-0027,CO,Criscuolo Park-New Haven,Connecticut,New Haven,New Haven,41.3014,-72.902871,4,62,73.75,5447
"New Haven-Milford, CT",09-009-0027,NO2,Criscuolo Park-New Haven,Connecticut,New Haven,New Haven,41.3014,-72.902871,4,93,93.5,8106
"New Haven-Milford, CT",09-009-0027,O3,Criscuolo Park-New Haven,Connecticut,New Haven,New Haven,41.3014,-72.902871,4,90,94.75,7683
"New Haven-Milford, CT",09-009-0027,PM2.5,Criscuolo Park-New Haven,Connecticut,New Haven,New Haven,41.3014,-72.902871,4,99,99.25,8659
"New Haven-Milford, CT",09-009-0027,SO2,Criscuolo Park-New Haven,Connecticut,New Haven,New Haven,41.3014,-72.902871,4,90,92.75,7922
"New Haven-Milford, CT",09-009-2123,PM2.5,Meadow and Bank Streets,Connecticut,New Haven,Waterbury,41.550556,-73.043611,4,97,99.0,8536
"New Haven-Milford, CT",09-009-9002,O3,Hammonasset State Park,Connecticut,New Haven,Madison (Town of),41.256788,-72.55327,4,98,98.75,4863
"New Orleans-Metairie, LA",22-051-1001,NO2,Kenner,Louisiana,Jefferson,Kenner,30.041238,-90.272826,4,87,92.25,7661
"New Orleans-Metairie, LA",22-051-1001,O3,Kenner,Louisiana,Jefferson,Kenner,30.041238,-90.272826,4,91,95.0,7894
"New Orleans-Metairie, LA",22-051-1001,PM2.5,Kenner,Louisiana,Jefferson,Kenner,30.041238,-90.272826,4,53,84.75,4636
"New Orleans-Metairie, LA",22-071-0012,PM10,New Orleans / City Park,Louisiana,Orleans,New Orleans,29.993519,-90.10155,4,94,94.75,8241
"New Orleans-Metairie, LA",22-071-0021,CO,I-610,Louisiana,Orleans,New Orleans,29.996013,-90.11819,4,91,93.25,7983
"New Orleans-Metairie, LA",22-071-0021,NO2,I-610,Louisiana,Orleans,New Orleans,29.996013,-90.11819,4,88,92.5,7683
"New Orleans-Metairie, LA",22-087-0004,O3,Meraux,Louisiana,St. Bernard,Meraux,29.939614,-89.923883,4,94,96.75,8154
"New Orleans-Metairie, LA",22-087-0004,SO2,Meraux,Louisiana,St. Bernard,Meraux,29.939614,-89.923883,4,93,95.75,8185
"New Orleans-Metairie, LA",22-087-0007,PM10,Chalmette Vista,Louisiana,St. Bernard,Chalmette,29.943164,-89.97625,4,66,86.75,5781
"New Orleans-Metairie, LA",22-087-0007,SO2,Chalmette Vista,Louisiana,St. Bernard,Chalmette,29.943164,-89.97625,4,94,97.0,8193
"New Orleans-Metairie, LA",22-089-0006,SO2,Norco,Louisiana,St. Charles,Norco,29.997696,-90.411095,4,93,96.0,8161
"New Orleans-Metairie, LA",22-093-0002,O3,Convent,Louisiana,St. James,,30.058209,-90.863857,4,91,96.0,7785
"New Orleans-Metairie, LA",22-095-0002,O3,Garyville,Louisiana,St. John the Baptist,Garyville,30.057515,-90.619286,4,92,96.0,7926
"New Orleans-Metairie, LA",22-103-0002,O3,Madisonville,Louisiana,St. Tammany,,30.429381,-90.199678,4,95,96.5,8224
"New York-Newark-Jersey City, NY-NJ-PA",34-003-0006,O3,Leonia,New Jersey,Bergen,Leonia,40.870436,-73.991994,4,96,98.75,5498
"New York-Newark-Jersey City, NY-NJ-PA",34-003-0010,CO,Fort Lee Near Road,New Jersey,Bergen,Fort Lee,40.85355,-73.96618,4,96,98.0,8448
"New York-Newark-Jersey City, NY-NJ-PA",34-003-0010,NO2,Fort Lee Near Road,New Jersey,Bergen,Fort Lee,40.85355,-73.96618,4,95,96.25,8311
"New York-Newark-Jersey City, NY-NJ-PA",34-003-0010,PM2.5,Fort Lee Near Road,New Jersey,Bergen,Fort Lee,40.85355,-73.96618,4,95,96.75,8303
"New York-Newark-Jersey City, NY-NJ-PA",34-017-0006,NO2,Bayonne,New Jersey,Hudson,Bayonne,40.67025,-74.126081,4,95,96.25,8327
"New York-Newark-Jersey City, NY-NJ-PA",34-017-0006,O3,Bayonne,New Jersey,Hudson,Bayonne,40.67025,-74.126081,4,95,98.25,7916
"New York-Newark-Jersey City, NY-NJ-PA",34-017-0006,SO2,Bayonne,New Jersey,Hudson,Bayonne,40.67025,-74.126081,4,95,97.75,8319
"New York-Newark-Jersey City, NY-NJ-PA",34-017-1002,CO,Jersey City,New Jersey,Hudson,Jersey City,40.731645,-74.066308,4,62,83.25,5456
"New York-Newark-Jersey City, NY-NJ-PA",34-017-1002,NO2,Jersey City,New Jersey,Hudson,Jersey City,40.731645,-74.066308,4,64,88.25,5614
"New York-Newark-Jersey City, NY-NJ-PA",34-017-1002,SO2,Jersey City,New Jersey,Hudson,Jersey City,40.731645,-74.066308,4,58,85.75,5119
"New York-Newark-Jersey City, NY-NJ-PA",34-017-1003,PM2.5,Jersey City Firehouse,New Jersey,Hudson,Jersey City,40.725413,-74.052293,4,91,95.5,7965
"New York-Newark-Jersey City, NY-NJ-PA",34-019-0001,O3,Flemington,New Jersey,Hunterdon,Flemington,40.515262,-74.806671,4,99,99.75,8241
"New York-Newark-Jersey City, NY-NJ-PA",34-019-0001,PM2.5,Flemington,New Jersey,Hunterdon,Flemington,40.515262,-74.806671,4,91,95.5,8029
"New York-Newark-Jersey City, NY-NJ-PA",34-023-0011,NO2,Rutgers University,New Jersey,Middlesex,East Brunswick (Township of),40.462182,-74.429439,4,98,98.75,8574
"New York-Newark-Jersey City, NY-NJ-PA",34-023-0011,O3,Rutgers University,New Jersey,Middlesex,East Brunswick (Township of),40.462182,-74.429439,4,98,98.25,8539
"New York-Newark-Jersey City, NY-NJ-PA",34-023-0011,PM2.5,Rutgers University,New Jersey,Middlesex,East Brunswick (Township of),40.462182,-74.429439,4,92,95.5,8102
"New York-Newark-Jersey City, NY-NJ-PA",34-025-0005,O3,Monmouth University,New Jersey,Monmouth,West Long Branch,40.277647,-74.0051,4,100,100.0,5565
"New York-Newark-Jersey City, NY-NJ-PA",34-027-3001,NO2,Chester,New Jersey,Morris,Chester,40.787628,-74.676301,4,96,96.75,8386
"New York-Newark-Jersey City, NY-NJ-PA",34-027-3001,O3,Chester,New Jersey,Morris,Chester,40.787628,-74.676301,4,95,97.5,8057
"New York-Newark-Jersey City, NY-NJ-PA",34-027-3001,SO2,Chester,New Jersey,Morris,Chester,40.787628,-74.676301,4,93,93.75,8179
"New York-Newark-Jersey City, NY-NJ-PA",34-029-0006,O3,Colliers Mills,New Jersey,Ocean,Jackson (Township of),40.06483,-74.44405,4,99,99.5,5507
"New York-Newark-Jersey City, NY-NJ-PA",34-029-2002,PM2.5,Toms River,New Jersey,Ocean,Toms River,39.994908,-74.170447,4,90,92.75,7854
"New York-Newark-Jersey City, NY-NJ-PA",34-031-5001,O3,Ramapo,New Jersey,Passaic,Wanaque (Wanaque-Midvale),41.058617,-74.255544,4,98,99.25,5611
"New York-Newark-Jersey City, NY-NJ-PA",34-039-0004,CO,Elizabeth Lab,New Jersey,Union,Elizabeth,40.64144,-74.208365,4,93,96.5,8134
"New York-Newark-Jersey City, NY-NJ-PA",34-039-0004,NO2,Elizabeth Lab,New Jersey,Union,Elizabeth,40.64144,-74.208365,4,95,96.25,8384
"New York-Newark-Jersey City, NY-NJ-PA",34-039-0004,PM2.5,Elizabeth Lab,New Jersey,Union,Elizabeth,40.64144,-74.208365,4,84,92.25,7383
"New York-Newark-Jersey City, NY-NJ-PA",34-039-0004,SO2,Elizabeth Lab,New Jersey,Union,Elizabeth,40.64144,-74.208365,4,97,98.5,8499
"New York-Newark-Jersey City, NY-NJ-PA",34-039-2003,PM2.5,Rahway,New Jersey,Union,Rahway,40.603943,-74.276174,4,88,92.25,7675
"New York-Newark-Jersey City, NY-NJ-PA",36-005-0110,NO2,IS 52,New York,Bronx,New York,40.816,-73.902,4,91,93.5,7935
"New York-Newark-Jersey City, NY-NJ-PA",36-005-0110,O3,IS 52,New York,Bronx,New York,40.816,-73.902,4,98,99.25,7121
"New York-Newark-Jersey City, NY-NJ-PA",36-005-0110,PM2.5,IS 52,New York,Bronx,New York,40.816,-73.902,4,88,96.25,7730
"New York-Newark-Jersey City, NY-NJ-PA",36-005-0110,SO2,IS 52,New York,Bronx,New York,40.816,-73.902,4,93,96.75,8154
"New York-Newark-Jersey City, NY-NJ-PA",36-005-0133,CO,PFIZER LAB SITE,New York,Bronx,New York,40.8679,-73.87809,4,98,98.0,8577
"New York-Newark-Jersey City, NY-NJ-PA",36-005-0133,NO2,PFIZER LAB SITE,New York,Bronx,New York,40.8679,-73.87809,4,96,97.25,8371
"New York-Newark-Jersey City, NY-NJ-PA",36-005-0133,O3,PFIZER LAB SITE,New York,Bronx,New York,40.8679,-73.87809,4,100,100.0,7152
"New York-Newark-Jersey City, NY-NJ-PA",36-005-0133,SO2,PFIZER LAB SITE,New York,Bronx,New York,40.8679,-73.87809,4,98,98.0,8592
"New York-Newark-Jersey City, NY-NJ-PA",36-027-0007,O3,MILLBROOK,New York,Dutchess,Millbrook,41.78555,-73.74136,4,93,96.5,8087
"New York-Newark-Jersey City, NY-NJ-PA",36-059-0005,SO2,EISENHOWER PARK,New York,Nassau,East Meadow,40.74316,-73.58549,4,97,98.25,8482
"New York-Newark-Jersey City, NY-NJ-PA",36-061-0135,CO,CCNY,New York,New York,New York,40.81976,-73.94825,4,95,97.25,8336
"New York-Newark-Jersey City, NY-NJ-PA",36-061-0135,O3,CCNY,New York,New York,New York,40.81976,-73.94825,4,98,98.75,8569
"New York-Newark-Jersey City, NY-NJ-PA",36-079-0005,O3,MT NINHAM,New York,Putnam,,41.45589,-73.70977,4,91,95.75,7910
"New York-Newark-Jersey City, NY-NJ-PA",36-081-0124,CO,QUEENS COLLEGE 2,New York,Queens,New York,40.73614,-73.82153,4,88,94.75,7732
"New York-Newark-Jersey City, NY-NJ-PA",36-081-0124,NO2,QUEENS COLLEGE 2,New York,Queens,New York,40.73614,-73.82153,4,92,95.0,8031
"New York-Newark-Jersey City, NY-NJ-PA",36-081-0124,O3,QUEENS COLLEGE 2,New York,Queens,New York,40.73614,-73.82153,4,98,98.25,8510
"New York-Newark-Jersey City, NY-NJ-PA",36-081-0124,PM2.5,QUEENS COLLEGE 2,New York,Queens,New York,40.73614,-73.82153,4,97,99.0,8484
"New York-Newark-Jersey City, NY-NJ-PA",36-081-0124,SO2,QUEENS COLLEGE 2,New York,Queens,New York,40.73614,-73.82153,4,97,97.75,8477
"New York-Newark-Jersey City, NY-NJ-PA",36-081-0125,CO,Queens College Near Road,New York,Queens,New York,40.739264,-73.817694,4,77,91.0,6780
"New York-Newark-Jersey City, NY-NJ-PA",36-081-0125,NO2,Queens College Near Road,New York,Queens,New York,40.739264,-73.817694,4,90,93.5,7887
"New York-Newark-Jersey City, NY-NJ-PA",36-085-0111,O3,FRESHKILLS WEST,New York,Richmond,New York,40.58027,-74.19832,4,96,98.0,5588
"New York-Newark-Jersey City, NY-NJ-PA",36-087-0005,O3,Rockland County,New York,Rockland,,41.18208,-74.02819,4,98,98.75,8415
"New York-Newark-Jersey City, NY-NJ-PA",36-103-0002,O3,BABYLON,New York,Suffolk,East Farmingdale,40.74529,-73.41919,4,96,98.5,8389
"New York-Newark-Jersey City, NY-NJ-PA",36-103-0004,O3,RIVERHEAD,New York,Suffolk,Riverhead,40.96078,-72.71238,4,97,99.25,5952
"New York-Newark-Jersey City, NY-NJ-PA",36-103-0009,O3,HOLTSVILLE,New York,Suffolk,Holtsville,40.82799,-73.05754,4,67,90.5,5327
"New York-Newark-Jersey City, NY-NJ-PA",36-103-0044,CO,Flax Pond,New York,Suffolk,Old Field,40.961017,-73.139046,4,72,87.75,6312
"New York-Newark-Jersey City, NY-NJ-PA",36-103-0044,O3,Flax Pond,New York,Suffolk,Old Field,40.961017,-73.139046,4,91,96.25,6755
"New York-Newark-Jersey City, NY-NJ-PA",36-119-2004,O3,WHITE PLAINS,New York,Westchester,White Plains,41.05192,-73.76366,4,99,99.75,8623
"Niles-Benton Harbor, MI",26-021-0014,O3,"Coloma site 4689 Defield Rd, Coloma, MI PAW PAW WWTP",Michigan,Berrien,Coloma,42.19779,-86.309694,4,95,97.75,5315
"Nogales, AZ",04-023-0004,PM10,NOGALES POST OFFICE,Arizona,Santa Cruz,Nogales,31.337204,-110.936718,4,96,97.25,8378
"Nogales, AZ",04-023-0004,PM2.5,NOGALES POST OFFICE,Arizona,Santa Cruz,Nogales,31.337204,-110.936718,4,96,96.75,8442
"North Port-Sarasota-Bradenton, FL",12-081-0028,SO2,Port Manatee DEP,Florida,Manatee,,27.638925,-82.547648,4,90,94.0,7923
"North Port-Sarasota-Bradenton, FL",12-081-3002,O3,Port Manatee,Florida,Manatee,Palmetto,27.633089,-82.54593,4,56,76.75,4822
"North Port-Sarasota-Bradenton, FL",12-081-4012,O3,G.T. BRAY PARK,Florida,Manatee,Bradenton,27.480873,-82.618709,4,78,88.75,6743
"North Port-Sarasota-Bradenton, FL",12-115-0013,PM2.5,Bee Ridge Park,Florida,Sarasota,Ridge Wood Heights,27.290427,-82.507108,4,90,96.75,7910
"North Port-Sarasota-Bradenton, FL",12-115-1005,O3,Lido Park,Florida,Sarasota,Sarasota,27.307268,-82.570376,4,96,97.25,8470
"North Port-Sarasota-Bradenton, FL",12-115-1006,O3,Paw Park,Florida,Sarasota,Sarasota,27.34931,-82.479676,4,91,96.5,8056
"North Port-Sarasota-Bradenton, FL",12-115-1006,PM10,Paw Park,Florida,Sarasota,Sarasota,27.34931,-82.479676,4,90,94.0,7871
"North Port-Sarasota-Bradenton, FL",12-115-2002,O3,Jackson Road,Florida,Sarasota,Venice,27.088498,-82.361914,4,93,96.25,8206
"Norwich-New London, CT",09-011-0124,O3,Fort Griswold Park,Connecticut,New London,Groton,41.35362,-72.07882,4,96,97.5,4771
"Norwich-New London, CT",09-011-0124,PM2.5,Fort Griswold Park,Connecticut,New London,Groton,41.35362,-72.07882,4,99,99.5,8712
"Ocala, FL",12-083-0003,O3,Ocala YMCA,Florida,Marion,Ocala,29.171283,-82.094767,4,96,97.75,8538
"Ocala, FL",12-083-0004,O3,Marion County Sheriff,Florida,Marion,Ocala,29.192754,-82.173149,4,96,98.5,8547
"Odessa, TX",48-135-1014,PM2.5,Odessa Gonzales,Texas,Ector,Odessa,31.870261,-102.334748,4,96,97.5,8379
"Ogden-Clearfield, UT",49-003-7001,NO2,WASHAKIE,Utah,Box Elder,,41.945874,-112.233973,4,51,76.0,4507
"Ogden-Clearfield, UT",49-003-7001,O3,WASHAKIE,Utah,Box Elder,,41.945874,-112.233973,4,73,90.0,6150
"Ogden-Clearfield, UT",49-011-0004,NO2,Bountiful Viewmont,Utah,Davis,Bountiful,40.902967,-111.884467,4,97,98.0,8503
"Ogden-Clearfield, UT",49-011-0004,O3,Bountiful Viewmont,Utah,Davis,Bountiful,40.902967,-111.884467,4,98,99.0,8519
"Ogden-Clearfield, UT",49-011-0004,PM2.5,Bountiful Viewmont,Utah,Davis,Bountiful,40.902967,-111.884467,4,99,99.5,8659
"Ogden-Clearfield, UT",49-057-1003,CO,Harrisville,Utah,Weber,Harrisville,41.303614,-111.987871,4,98,98.5,8602
"Ogden-Clearfield, UT",49-057-1003,NO2,Harrisville,Utah,Weber,Harrisville,41.303614,-111.987871,4,96,97.25,8407
"Ogden-Clearfield, UT",49-057-1003,O3,Harrisville,Utah,Weber,Harrisville,41.303614,-111.987871,4,97,98.5,8435
"Ogden-Clearfield, UT",49-057-1003,PM2.5,Harrisville,Utah,Weber,Harrisville,41.303614,-111.987871,4,94,96.5,8261
"Ogdensburg-Massena, NY",36-089-0004,SO2,Alcoa West,New York,St. Lawrence,,44.955468,-74.9078,4,96,98.5,8414
"Ogdensburg-Massena, NY",36-089-0005,SO2,Alcoa East,New York,St. Lawrence,,44.965412,-74.875,4,97,98.0,8513
"Oklahoma City, OK",40-017-0101,O3,YUKON,Oklahoma,Canadian,Yukon,35.479215,-97.751503,4,97,98.75,6515
"Oklahoma City, OK",40-027-0049,O3,MOORE,Oklahoma,Cleveland,Moore,35.320105,-97.484099,4,97,99.25,6409
"Oklahoma City, OK",40-027-0049,PM2.5,MOORE,Oklahoma,Cleveland,Moore,35.320105,-97.484099,4,83,90.0,7232
"Oklahoma City, OK",40-087-1074,O3,Kessler (McClain County),Oklahoma,McClain,Washington,34.984686,-97.522753,4,76,89.0,4993
"Oklahoma City, OK",40-109-0096,O3,CHOCTAW,Oklahoma,Oklahoma,Choctaw,35.477801,-97.303044,4,93,96.0,6312
"Oklahoma City, OK",40-109-0097,CO,OKC Near Road,Oklahoma,Oklahoma,Oklahoma City,35.50307,-97.577981,4,92,94.75,8043
"Oklahoma City, OK",40-109-0097,NO2,OKC Near Road,Oklahoma,Oklahoma,Oklahoma City,35.50307,-97.577981,4,86,90.5,7563
"Oklahoma City, OK",40-109-0097,PM2.5,OKC Near Road,Oklahoma,Oklahoma,Oklahoma City,35.50307,-97.577981,4,91,94.75,8002
"Oklahoma City, OK",40-109-1037,CO,OKC NORTH,Oklahoma,Oklahoma,Oklahoma City,35.614131,-97.475083,4,77,86.0,6739
"Oklahoma City, OK",40-109-1037,NO2,OKC NORTH,Oklahoma,Oklahoma,Oklahoma City,35.614131,-97.475083,4,82,89.75,7210
"Oklahoma City, OK",40-109-1037,O3,OKC NORTH,Oklahoma,Oklahoma,Oklahoma City,35.614131,-97.475083,4,97,98.5,6631
"Oklahoma City, OK",40-109-1037,PM10,OKC NORTH,Oklahoma,Oklahoma,Oklahoma City,35.614131,-97.475083,4,77,92.0,6754
"Oklahoma City, OK",40-109-1037,PM2.5,OKC NORTH,Oklahoma,Oklahoma,Oklahoma City,35.614131,-97.475083,4,77,92.0,6754
"Oklahoma City, OK",40-109-1037,SO2,OKC NORTH,Oklahoma,Oklahoma,Oklahoma City,35.614131,-97.475083,4,98,98.75,8635
"Omaha-Council Bluffs, NE-IA",19-085-0007,O3,,Iowa,Harrison,,41.832256,-95.928185,4,96,98.0,5516
"Omaha-Council Bluffs, NE-IA",31-025-0002,PM10,,Nebraska,Cass,Weeping Water,40.865557,-96.146955,4,76,91.75,6679
"Omaha-Council Bluffs, NE-IA",31-055-0019,CO,4102 Woolworth Ave. on Healthcenter Warehouse,Nebraska,Douglas,Omaha,41.247486,-95.973142,4,93,96.0,8180
"Omaha-Council Bluffs, NE-IA",31-055-0019,O3,4102 Woolworth Ave. on Healthcenter Warehouse,Nebraska,Douglas,Omaha,41.247486,-95.973142,4,96,97.5,8352
"Omaha-Council Bluffs, NE-IA",31-055-0019,PM10,4102 Woolworth Ave. on Healthcenter Warehouse,Nebraska,Douglas,Omaha,41.247486,-95.973142,4,95,96.0,8349
"Omaha-Council Bluffs, NE-IA",31-055-0019,PM2.5,4102 Woolworth Ave. on Healthcenter Warehouse,Nebraska,Douglas,Omaha,41.247486,-95.973142,4,92,95.75,8119
"Omaha-Council Bluffs, NE-IA",31-055-0019,SO2,4102 Woolworth Ave. on Healthcenter Warehouse,Nebraska,Douglas,Omaha,41.247486,-95.973142,4,96,97.25,8370
"Omaha-Council Bluffs, NE-IA",31-055-0053,O3,Whitmore,Nebraska,Douglas,Omaha,41.322508,-95.938593,4,92,94.75,5355
"Omaha-Council Bluffs, NE-IA",31-055-0053,SO2,Whitmore,Nebraska,Douglas,Omaha,41.322508,-95.938593,4,95,96.25,8303
"Omaha-Council Bluffs, NE-IA",31-055-0056,CO,,Nebraska,Douglas,Omaha,41.259175,-96.028628,4,89,93.25,7820
"Omaha-Council Bluffs, NE-IA",31-153-0007,PM2.5,ON GOLDEN HILLS ELEMENTARY ROOF,Nebraska,Sarpy,Bellevue,41.133294,-95.956103,4,90,92.25,7919
"Orlando-Kissimmee-Sanford, FL",12-069-0002,O3,Clermont,Florida,Lake,Clermont,28.523889,-81.723333,4,93,97.75,8228
"Orlando-Kissimmee-Sanford, FL",12-095-0010,O3,Skyview Drive,Florida,Orange,Orlando,28.453167,-81.397139,4,94,95.75,8375
"Orlando-Kissimmee-Sanford, FL",12-095-2002,CO,WINTER PARK,Florida,Orange,Winter Park,28.595026,-81.363414,4,65,77.75,5694
"Orlando-Kissimmee-Sanford, FL",12-095-2002,O3,WINTER PARK,Florida,Orange,Winter Park,28.595026,-81.363414,4,84,94.0,7587
"Orlando-Kissimmee-Sanford, FL",12-095-2002,SO2,WINTER PARK,Florida,Orange,Winter Park,28.595026,-81.363414,4,80,86.75,6998
"Orlando-Kissimmee-Sanford, FL",12-097-2002,O3,Osceola County Fire Station,Florida,Osceola,Kissimmee,28.347509,-81.636464,4,95,97.75,8337
"Orlando-Kissimmee-Sanford, FL",12-117-1002,O3,Sanford (Seminole Community College),Florida,Seminole,Sanford,28.746111,-81.310556,4,77,93.5,6747
"Orlando-Kissimmee-Sanford, FL",12-117-1002,PM10,Sanford (Seminole Community College),Florida,Seminole,Sanford,28.746111,-81.310556,4,77,91.25,6722
"Orlando-Kissimmee-Sanford, FL",12-117-1002,PM2.5,Sanford (Seminole Community College),Florida,Seminole,Sanford,28.746111,-81.310556,4,77,92.0,6766
"Ottawa-Peru, IL",17-099-0007,SO2,IEPA TRAILER,Illinois,La Salle,Oglesby,41.293015,-89.049425,4,95,97.5,8359
"Owensboro, KY",21-091-0012,O3,LEWISPORT,Kentucky,Hancock,Lewisport,37.93829,-86.89719,4,93,97.5,5226
"Oxford, NC",37-077-0001,O3,Butner,North Carolina,Granville,Butner,36.141111,-78.768056,4,98,99.25,5543
"Oxnard-Thousand Oaks-Ventura, CA",06-111-0007,O3,Thousand Oaks,California,Ventura,Thousand Oaks,34.210169,-118.870509,4,99,99.5,8682
"Oxnard-Thousand Oaks-Ventura, CA",06-111-0007,PM2.5,Thousand Oaks,California,Ventura,Thousand Oaks,34.210169,-118.870509,4,98,98.5,8580
"Oxnard-Thousand Oaks-Ventura, CA",06-111-0009,O3,Piru - Pacific,California,Ventura,Piru,34.404281,-118.80998,4,99,99.0,8625
"Oxnard-Thousand Oaks-Ventura, CA",06-111-0009,PM2.5,Piru - Pacific,California,Ventura,Piru,34.404281,-118.80998,4,97,98.0,8466
"Oxnard-Thousand Oaks-Ventura, CA",06-111-1004,O3,Ojai - East Ojai Ave,California,Ventura,Ojai,34.44806,-119.2313,4,100,100.0,8738
"Oxnard-Thousand Oaks-Ventura, CA",06-111-1004,PM2.5,Ojai - East Ojai Ave,California,Ventura,Ojai,34.44806,-119.2313,4,98,98.5,8581
"Oxnard-Thousand Oaks-Ventura, CA",06-111-2002,NO2,Simi Valley-Cochran Street,California,Ventura,Simi Valley,34.276316,-118.683685,4,93,94.5,8189
"Oxnard-Thousand Oaks-Ventura, CA",06-111-2002,O3,Simi Valley-Cochran Street,California,Ventura,Simi Valley,34.276316,-118.683685,4,98,99.0,8237
"Oxnard-Thousand Oaks-Ventura, CA",06-111-2002,PM10,Simi Valley-Cochran Street,California,Ventura,Simi Valley,34.276316,-118.683685,4,98,98.5,8609
"Oxnard-Thousand Oaks-Ventura, CA",06-111-2002,PM2.5,Simi Valley-Cochran Street,California,Ventura,Simi Valley,34.276316,-118.683685,4,98,98.25,8603
"Oxnard-Thousand Oaks-Ventura, CA",06-111-3001,NO2,El Rio-Rio Mesa School #2,California,Ventura,,34.25239,-119.143182,4,94,94.75,8225
"Oxnard-Thousand Oaks-Ventura, CA",06-111-3001,O3,El Rio-Rio Mesa School #2,California,Ventura,,34.25239,-119.143182,4,99,99.5,8344
"Oxnard-Thousand Oaks-Ventura, CA",06-111-3001,PM10,El Rio-Rio Mesa School #2,California,Ventura,,34.25239,-119.143182,4,98,98.25,8613
"Oxnard-Thousand Oaks-Ventura, CA",06-111-3001,PM2.5,El Rio-Rio Mesa School #2,California,Ventura,,34.25239,-119.143182,4,92,96.0,8038
"Paducah, KY-IL",21-139-0003,O3,SMITHLAND,Kentucky,Livingston,,37.155392,-88.394024,4,97,99.25,5432
"Pahrump, NV",32-023-0011,PM10,Linda Street,Nevada,Nye,Pahrump,36.349408,-116.031976,4,86,93.0,7554
"Pahrump, NV",32-023-0013,PM10,Church,Nevada,Nye,Pahrump,36.159639,-115.996263,4,92,96.5,8089
"Pahrump, NV",32-023-0014,PM10,Manse Elementary,Nevada,Nye,Pahrump,36.212787,-115.994802,4,75,88.0,6605
"Pahrump, NV",32-023-0015,PM10,Glen Oaks,Nevada,Nye,Pahrump,36.193469,-116.007584,4,71,90.5,6193
"Palatka, FL",12-107-1008,PM10,Palatka Barge Port,Florida,Putnam,,29.686956,-81.65598,4,89,94.5,7757
"Palatka, FL",12-107-1008,SO2,Palatka Barge Port,Florida,Putnam,,29.686956,-81.65598,4,80,93.0,7041
"Palm Bay-Melbourne-Titusville, FL",12-009-0007,O3,Melbourne,Florida,Brevard,Melbourne,28.053611,-80.628611,4,99,99.0,8669
"Palm Bay-Melbourne-Titusville, FL",12-009-0007,PM10,Melbourne,Florida,Brevard,Melbourne,28.053611,-80.628611,4,98,99.0,8553
"Palm Bay-Melbourne-Titusville, FL",12-009-0007,PM2.5,Melbourne,Florida,Brevard,Melbourne,28.053611,-80.628611,4,98,99.0,8554
"Palm Bay-Melbourne-Titusville, FL",12-009-4001,O3,Cocoa Beach,Florida,Brevard,Cocoa Beach,28.311111,-80.644077,4,96,98.75,8365
"Panama City, FL",12-005-0006,O3,"ST.ANDREWS STATE PARK, PANAMA CITY BEACH",Florida,Bay,Lower Grand Lagoon,30.130369,-85.731395,4,97,98.5,8523
"Parkersburg-Vienna, WV",54-107-1002,O3,Neale Elementary School,West Virginia,Wood,Vienna,39.323533,-81.552367,4,91,94.75,5261
"Parkersburg-Vienna, WV",54-107-1002,SO2,Neale Elementary School,West Virginia,Wood,Vienna,39.323533,-81.552367,4,93,94.25,8155
"Payson, AZ",04-007-0008,PM10,PAYSON WELL SITE,Arizona,Gila,Payson,34.229733,-111.3295,4,87,94.5,7650
"Payson, AZ",04-007-0010,O3,TONTO NM,Arizona,Gila,Tonto National Monument,33.6547,-111.1074,4,95,97.5,8119
"Payson, AZ",04-007-0011,SO2,Miami Jones Ranch,Arizona,Gila,,33.3855,-110.867267,4,96,98.25,8422
"Payson, AZ",04-007-0012,SO2,Miami Townsite,Arizona,Gila,Miami,33.397433,-110.87445,4,97,98.25,8458
"Payson, AZ",04-007-1001,PM10,HAYDEN OLD JAIL,Arizona,Gila,Hayden,33.006179,-110.785797,4,96,97.5,8419
"Payson, AZ",04-007-1001,SO2,HAYDEN OLD JAIL,Arizona,Gila,Hayden,33.006179,-110.785797,4,94,97.5,8261
"Payson, AZ",04-007-8000,PM10,MIAMI GOLF COURSE,Arizona,Gila,Globe,33.419017,-110.82967,4,97,97.25,8454
"Pensacola-Ferry Pass-Brent, FL",12-033-0004,O3,Ellyson Industrial Park,Florida,Escambia,Ferry Pass,30.525367,-87.20355,4,96,98.75,8432
"Pensacola-Ferry Pass-Brent, FL",12-033-0004,PM10,Ellyson Industrial Park,Florida,Escambia,Ferry Pass,30.525367,-87.20355,4,89,95.75,7838
"Pensacola-Ferry Pass-Brent, FL",12-033-0004,PM2.5,Ellyson Industrial Park,Florida,Escambia,Ferry Pass,30.525367,-87.20355,4,95,98.0,8317
"Pensacola-Ferry Pass-Brent, FL",12-033-0004,SO2,Ellyson Industrial Park,Florida,Escambia,Ferry Pass,30.525367,-87.20355,4,97,98.0,8473
"Pensacola-Ferry Pass-Brent, FL",12-033-0018,O3,Pensacola NAS,Florida,Escambia,Pensacola,30.36805,-87.270967,4,98,98.5,8488
"Pensacola-Ferry Pass-Brent, FL",12-113-0015,O3,Woodlawn Beach Middle School,Florida,Santa Rosa,Gulf Breeze,30.394133,-87.008033,4,99,99.25,8683
"Peoria, IL",17-143-0024,O3,FIRESTATION,Illinois,Peoria,Peoria,40.68742,-89.606943,4,94,97.75,5526
"Peoria, IL",17-143-0037,PM2.5,CITY OFFICE BUILDING,Illinois,Peoria,Peoria,40.697007,-89.584737,4,62,84.75,5452
"Peoria, IL",17-143-1001,O3,PEORIA HEIGHTS HS,Illinois,Peoria,Peoria Heights,40.745504,-89.585869,4,93,96.75,5478
"Peoria, IL",17-179-0004,SO2,FIRESTATION,Illinois,Tazewell,Pekin,40.55646,-89.654028,4,95,97.0,8355
"Philadelphia-Camden-Wilmington, PA-NJ-DE-MD",10-003-1007,O3,Lums Pond,Delaware,New Castle,,39.551279,-75.732015,4,84,92.25,6338
"Philadelphia-Camden-Wilmington, PA-NJ-DE-MD",10-003-1007,PM2.5,Lums Pond,Delaware,New Castle,,39.551279,-75.732015,4,88,93.75,7682
"Philadelphia-Camden-Wilmington, PA-NJ-DE-MD",10-003-1007,SO2,Lums Pond,Delaware,New Castle,,39.551279,-75.732015,4,73,92.0,6429
"Philadelphia-Camden-Wilmington, PA-NJ-DE-MD",10-003-1008,PM2.5,Route 9 Delaware City,Delaware,New Castle,Delaware City,39.577647,-75.603659,4,88,92.25,7738
"Philadelphia-Camden-Wilmington, PA-NJ-DE-MD",10-003-1008,SO2,Route 9 Delaware City,Delaware,New Castle,Delaware City,39.577647,-75.603659,4,95,95.75,8311
"Philadelphia-Camden-Wilmington, PA-NJ-DE-MD",10-003-1010,O3,BCSP,Delaware,New Castle,,39.800423,-75.57634,4,87,93.0,7254
"Philadelphia-Camden-Wilmington, PA-NJ-DE-MD",10-003-1013,O3,"BELLEVUE STATE PARK, FIELD IN SE PORTION OF PARK",Delaware,New Castle,,39.773913,-75.496513,4,95,96.25,7758
"Philadelphia-Camden-Wilmington, PA-NJ-DE-MD",10-003-1013,SO2,"BELLEVUE STATE PARK, FIELD IN SE PORTION OF PARK",Delaware,New Castle,,39.773913,-75.496513,4,80,90.5,7035
"Philadelphia-Camden-Wilmington, PA-NJ-DE-MD",10-003-2004,O3,MLK  CORNER OF MLK BLVD AND JUSTISON ST,Delaware,New Castle,Wilmington,39.739441,-75.557534,4,90,93.5,7916
"Philadelphia-Camden-Wilmington, PA-NJ-DE-MD",10-003-2004,PM2.5,MLK  CORNER OF MLK BLVD AND JUSTISON ST,Delaware,New Castle,Wilmington,39.739441,-75.557534,4,88,94.0,7671
"Philadelphia-Camden-Wilmington, PA-NJ-DE-MD",10-003-2004,SO2,MLK  CORNER OF MLK BLVD AND JUSTISON ST,Delaware,New Castle,Wilmington,39.739441,-75.557534,4,93,96.0,8183
"Philadelphia-Camden-Wilmington, PA-NJ-DE-MD",24-015-0003,O3,Fair Hill Natural Resource Management Area,Maryland,Cecil,,39.702982,-75.864771,4,96,98.25,5669
"Philadelphia-Camden-Wilmington, PA-NJ-DE-MD",24-015-0003,PM2.5,Fair Hill Natural Resource Management Area,Maryland,Cecil,,39.702982,-75.864771,4,96,96.5,8372
"Philadelphia-Camden-Wilmington, PA-NJ-DE-MD",34-007-1001,O3,Ancora State Hospital,New Jersey,Camden,Winslow (Township of),39.68425,-74.861491,4,99,99.5,5793
"Philadelphia-Camden-Wilmington, PA-NJ-DE-MD",34-015-0002,O3,Clarksboro,New Jersey,Gloucester,East Greenwich (Township of),39.800339,-75.212119,4,97,98.75,5457
"Philadelphia-Camden-Wilmington, PA-NJ-DE-MD",42-017-0012,O3,Bristol,Pennsylvania,Bucks,Bristol,40.107222,-74.882222,4,93,94.75,5336
"Philadelphia-Camden-Wilmington, PA-NJ-DE-MD",42-029-0100,O3,New Garden,Pennsylvania,Chester,,39.834461,-75.768242,4,82,90.0,4945
"Philadelphia-Camden-Wilmington, PA-NJ-DE-MD",42-029-0100,PM2.5,New Garden,Pennsylvania,Chester,,39.834461,-75.768242,4,86,92.75,7526
"Philadelphia-Camden-Wilmington, PA-NJ-DE-MD",42-045-0002,NO2,Chester,Pennsylvania,Delaware,Chester,39.835556,-75.3725,4,80,87.0,7016
"Philadelphia-Camden-Wilmington, PA-NJ-DE-MD",42-045-0002,PM2.5,Chester,Pennsylvania,Delaware,Chester,39.835556,-75.3725,4,88,92.75,7720
"Philadelphia-Camden-Wilmington, PA-NJ-DE-MD",42-045-0109,PM2.5,Marcus Hook,Pennsylvania,Delaware,Marcus Hook,39.818715,-75.413973,4,87,92.0,7621
"Philadelphia-Camden-Wilmington, PA-NJ-DE-MD",42-091-0013,O3,Norristown,Pennsylvania,Montgomery,Norristown,40.112222,-75.309167,4,85,91.25,5006
"Philadelphia-Camden-Wilmington, PA-NJ-DE-MD",42-091-0013,PM2.5,Norristown,Pennsylvania,Montgomery,Norristown,40.112222,-75.309167,4,95,97.75,8312
"Philadelphia-Camden-Wilmington, PA-NJ-DE-MD",42-101-0004,O3,Air Management Services Laboratory (AMS LAB),Pennsylvania,Philadelphia,Philadelphia,40.008889,-75.09778,4,96,98.25,7916
"Philadelphia-Camden-Wilmington, PA-NJ-DE-MD",42-101-0024,O3,North East Airport (NEA),Pennsylvania,Philadelphia,Philadelphia,40.076389,-75.011944,4,97,98.25,8326
"Philadelphia-Camden-Wilmington, PA-NJ-DE-MD",42-101-0048,CO,North East Waste (NEW),Pennsylvania,Philadelphia,Philadelphia,39.991389,-75.080833,4,55,83.75,4793
"Philadelphia-Camden-Wilmington, PA-NJ-DE-MD",42-101-0048,NO2,North East Waste (NEW),Pennsylvania,Philadelphia,Philadelphia,39.991389,-75.080833,4,95,96.5,8312
"Philadelphia-Camden-Wilmington, PA-NJ-DE-MD",42-101-0048,O3,North East Waste (NEW),Pennsylvania,Philadelphia,Philadelphia,39.991389,-75.080833,4,96,97.5,8300
"Philadelphia-Camden-Wilmington, PA-NJ-DE-MD",42-101-0048,PM10,North East Waste (NEW),Pennsylvania,Philadelphia,Philadelphia,39.991389,-75.080833,4,93,97.5,8138
"Philadelphia-Camden-Wilmington, PA-NJ-DE-MD",42-101-0048,PM2.5,North East Waste (NEW),Pennsylvania,Philadelphia,Philadelphia,39.991389,-75.080833,4,98,99.25,8582
"Philadelphia-Camden-Wilmington, PA-NJ-DE-MD",42-101-0048,SO2,North East Waste (NEW),Pennsylvania,Philadelphia,Philadelphia,39.991389,-75.080833,4,90,92.0,7844
"Philadelphia-Camden-Wilmington, PA-NJ-DE-MD",42-101-0055,PM2.5,Ritner (RIT),Pennsylvania,Philadelphia,Philadelphia,39.922867,-75.186921,4,98,99.0,8563
"Philadelphia-Camden-Wilmington, PA-NJ-DE-MD",42-101-0055,SO2,Ritner (RIT),Pennsylvania,Philadelphia,Philadelphia,39.922867,-75.186921,4,73,87.75,6406
"Philadelphia-Camden-Wilmington, PA-NJ-DE-MD",42-101-0057,PM2.5,Fire Administration Building (FAB),Pennsylvania,Philadelphia,Philadelphia,39.960048,-75.142614,4,91,95.25,7935
"Philadelphia-Camden-Wilmington, PA-NJ-DE-MD",42-101-0075,CO,Torresdale Station,Pennsylvania,Philadelphia,Philadelphia,40.054171,-74.985166,4,91,93.75,7985
"Philadelphia-Camden-Wilmington, PA-NJ-DE-MD",42-101-0075,NO2,Torresdale Station,Pennsylvania,Philadelphia,Philadelphia,40.054171,-74.985166,4,92,93.0,8070
"Philadelphia-Camden-Wilmington, PA-NJ-DE-MD",42-101-0075,PM2.5,Torresdale Station,Pennsylvania,Philadelphia,Philadelphia,40.054171,-74.985166,4,97,98.0,8507
"Philadelphia-Camden-Wilmington, PA-NJ-DE-MD",42-101-0076,CO,Car-Barn Montgomery I -76,Pennsylvania,Philadelphia,Philadelphia,39.988842,-75.207205,4,92,93.0,8090
"Philadelphia-Camden-Wilmington, PA-NJ-DE-MD",42-101-0076,NO2,Car-Barn Montgomery I -76,Pennsylvania,Philadelphia,Philadelphia,39.988842,-75.207205,4,92,93.0,8093
"Philadelphia-Camden-Wilmington, PA-NJ-DE-MD",42-101-0076,PM2.5,Car-Barn Montgomery I -76,Pennsylvania,Philadelphia,Philadelphia,39.988842,-75.207205,4,90,95.25,7899
"Phoenix-Mesa-Scottsdale, AZ",04-013-0019,CO,WEST PHOENIX,Arizona,Maricopa,Phoenix,33.48378,-112.14256,4,68,86.75,5962
"Phoenix-Mesa-Scottsdale, AZ",04-013-0019,NO2,WEST PHOENIX,Arizona,Maricopa,Phoenix,33.48378,-112.14256,4,92,96.0,8079
"Phoenix-Mesa-Scottsdale, AZ",04-013-0019,O3,WEST PHOENIX,Arizona,Maricopa,Phoenix,33.48378,-112.14256,4,98,99.25,8593
"Phoenix-Mesa-Scottsdale, AZ",04-013-0019,PM10,WEST PHOENIX,Arizona,Maricopa,Phoenix,33.48378,-112.14256,4,96,97.5,8374
"Phoenix-Mesa-Scottsdale, AZ",04-013-0019,PM2.5,WEST PHOENIX,Arizona,Maricopa,Phoenix,33.48378,-112.14256,4,96,97.5,8373
"Phoenix-Mesa-Scottsdale, AZ",04-013-1003,CO,MESA,Arizona,Maricopa,Mesa,33.41018,-111.86536,4,75,89.0,6566
"Phoenix-Mesa-Scottsdale, AZ",04-013-1003,O3,MESA,Arizona,Maricopa,Mesa,33.41018,-111.86536,4,92,96.75,8042
"Phoenix-Mesa-Scottsdale, AZ",04-013-1003,PM10,MESA,Arizona,Maricopa,Mesa,33.41018,-111.86536,4,93,96.75,8166
"Phoenix-Mesa-Scottsdale, AZ",04-013-1003,PM2.5,MESA,Arizona,Maricopa,Mesa,33.41018,-111.86536,4,93,96.75,8164
"Phoenix-Mesa-Scottsdale, AZ",04-013-1004,O3,NORTH PHOENIX,Arizona,Maricopa,Phoenix,33.56031,-112.06619,4,99,99.75,8648
"Phoenix-Mesa-Scottsdale, AZ",04-013-1004,PM10,NORTH PHOENIX,Arizona,Maricopa,Phoenix,33.56031,-112.06619,4,89,93.5,7778
"Phoenix-Mesa-Scottsdale, AZ",04-013-1004,PM2.5,NORTH PHOENIX,Arizona,Maricopa,Phoenix,33.56031,-112.06619,4,93,95.75,8123
"Phoenix-Mesa-Scottsdale, AZ",04-013-1010,O3,FALCON FIELD,Arizona,Maricopa,Mesa,33.45244,-111.73327,4,99,99.5,8646
"Phoenix-Mesa-Scottsdale, AZ",04-013-2001,O3,GLENDALE,Arizona,Maricopa,Glendale,33.57453,-112.19193,4,97,99.0,8476
"Phoenix-Mesa-Scottsdale, AZ",04-013-2001,PM10,GLENDALE,Arizona,Maricopa,Glendale,33.57453,-112.19193,4,96,97.75,8377
"Phoenix-Mesa-Scottsdale, AZ",04-013-2001,PM2.5,GLENDALE,Arizona,Maricopa,Glendale,33.57453,-112.19193,4,96,98.0,8376
"Phoenix-Mesa-Scottsdale, AZ",04-013-2005,O3,PINNACLE PEAK,Arizona,Maricopa,Scottsdale,33.70639,-111.85575,4,99,99.75,8676
"Phoenix-Mesa-Scottsdale, AZ",04-013-3002,CO,CENTRAL PHOENIX,Arizona,Maricopa,Phoenix,33.45797,-112.04659,4,89,95.25,7861
"Phoenix-Mesa-Scottsdale, AZ",04-013-3002,NO2,CENTRAL PHOENIX,Arizona,Maricopa,Phoenix,33.45797,-112.04659,4,90,95.75,7884
"Phoenix-Mesa-Scottsdale, AZ",04-013-3002,O3,CENTRAL PHOENIX,Arizona,Maricopa,Phoenix,33.45797,-112.04659,4,93,97.25,8191
"Phoenix-Mesa-Scottsdale, AZ",04-013-3002,PM10,CENTRAL PHOENIX,Arizona,Maricopa,Phoenix,33.45797,-112.04659,4,94,97.75,8222
"Phoenix-Mesa-Scottsdale, AZ",04-013-3002,SO2,CENTRAL PHOENIX,Arizona,Maricopa,Phoenix,33.45797,-112.04659,4,96,98.25,8435
"Phoenix-Mesa-Scottsdale, AZ",04-013-3003,O3,SOUTH SCOTTSDALE,Arizona,Maricopa,Scottsdale,33.47968,-111.91721,4,100,100.0,8682
"Phoenix-Mesa-Scottsdale, AZ",04-013-3003,PM10,SOUTH SCOTTSDALE,Arizona,Maricopa,Scottsdale,33.47968,-111.91721,4,96,97.75,8435
"Phoenix-Mesa-Scottsdale, AZ",04-013-4003,CO,SOUTH PHOENIX,Arizona,Maricopa,Phoenix,33.40314,-112.07526,4,90,95.25,7875
"Phoenix-Mesa-Scottsdale, AZ",04-013-4003,O3,SOUTH PHOENIX,Arizona,Maricopa,Phoenix,33.40314,-112.07526,4,95,98.5,8250
"Phoenix-Mesa-Scottsdale, AZ",04-013-4003,PM10,SOUTH PHOENIX,Arizona,Maricopa,Phoenix,33.40314,-112.07526,4,95,96.0,8296
"Phoenix-Mesa-Scottsdale, AZ",04-013-4003,PM2.5,SOUTH PHOENIX,Arizona,Maricopa,Phoenix,33.40314,-112.07526,4,95,96.5,8292
"Phoenix-Mesa-Scottsdale, AZ",04-013-4004,CO,WEST CHANDLER,Arizona,Maricopa,Chandler,33.29896,-111.88426,4,77,91.0,6793
"Phoenix-Mesa-Scottsdale, AZ",04-013-4004,O3,WEST CHANDLER,Arizona,Maricopa,Chandler,33.29896,-111.88426,4,99,99.75,8677
"Phoenix-Mesa-Scottsdale, AZ",04-013-4004,PM10,WEST CHANDLER,Arizona,Maricopa,Chandler,33.29896,-111.88426,4,96,98.0,8437
"Phoenix-Mesa-Scottsdale, AZ",04-013-4005,O3,TEMPE,Arizona,Maricopa,Tempe,33.41123,-111.93471,4,100,100.0,8692
"Phoenix-Mesa-Scottsdale, AZ",04-013-4005,PM10,TEMPE,Arizona,Maricopa,Tempe,33.41123,-111.93471,4,93,95.75,8182
"Phoenix-Mesa-Scottsdale, AZ",04-013-4005,PM2.5,TEMPE,Arizona,Maricopa,Tempe,33.41123,-111.93471,4,93,95.75,8182
"Phoenix-Mesa-Scottsdale, AZ",04-013-4006,PM10,HIGLEY,Arizona,Maricopa,Gilbert,33.30995,-111.72003,4,91,96.25,7958
"Phoenix-Mesa-Scottsdale, AZ",04-013-4008,O3,CAVE CREEK,Arizona,Maricopa,Cave Creek,33.82169,-112.01726,4,98,99.5,8508
"Phoenix-Mesa-Scottsdale, AZ",04-013-4009,PM10,WEST 43RD AVENUE,Arizona,Maricopa,Phoenix,33.40635,-112.14426,4,93,96.0,8202
"Phoenix-Mesa-Scottsdale, AZ",04-013-4010,O3,DYSART,Arizona,Maricopa,Surprise,33.63718,-112.34185,4,100,100.0,8659
"Phoenix-Mesa-Scottsdale, AZ",04-013-4010,PM10,DYSART,Arizona,Maricopa,Surprise,33.63718,-112.34185,4,98,98.75,8597
"Phoenix-Mesa-Scottsdale, AZ",04-013-4011,CO,BUCKEYE,Arizona,Maricopa,Buckeye,33.36985,-112.62068,4,95,97.5,8300
"Phoenix-Mesa-Scottsdale, AZ",04-013-4011,NO2,BUCKEYE,Arizona,Maricopa,Buckeye,33.36985,-112.62068,4,89,95.0,7759
"Phoenix-Mesa-Scottsdale, AZ",04-013-4011,O3,BUCKEYE,Arizona,Maricopa,Buckeye,33.36985,-112.62068,4,99,99.5,8636
"Phoenix-Mesa-Scottsdale, AZ",04-013-4011,PM10,BUCKEYE,Arizona,Maricopa,Buckeye,33.36985,-112.62068,4,98,98.75,8624
"Phoenix-Mesa-Scottsdale, AZ",04-013-4016,PM10,Zuni Hills,Arizona,Maricopa,,33.68719,-112.29416,4,97,98.25,8538
"Phoenix-Mesa-Scottsdale, AZ",04-013-4020,NO2,Thirty-Third,Arizona,Maricopa,Phoenix,33.46173,-112.12796,4,92,96.75,8052
"Phoenix-Mesa-Scottsdale, AZ",04-013-4021,CO,Eastwood,Arizona,Maricopa,Phoenix,33.41046,-112.00264,4,79,91.0,6940
"Phoenix-Mesa-Scottsdale, AZ",04-013-4021,NO2,Eastwood,Arizona,Maricopa,Phoenix,33.41046,-112.00264,4,76,92.25,6617
"Phoenix-Mesa-Scottsdale, AZ",04-013-4021,PM2.5,Eastwood,Arizona,Maricopa,Phoenix,33.41046,-112.00264,4,75,92.5,6599
"Phoenix-Mesa-Scottsdale, AZ",04-013-5100,O3,Fort McDowell/Yuma Frank,Arizona,Maricopa,Fort McDowell,33.629246,-111.676928,4,50,71.0,4335
"Phoenix-Mesa-Scottsdale, AZ",04-013-5100,PM10,Fort McDowell/Yuma Frank,Arizona,Maricopa,Fort McDowell,33.629246,-111.676928,4,82,90.5,7167
"Phoenix-Mesa-Scottsdale, AZ",04-013-7003,O3,St Johns Air Monitoring Site,Arizona,Maricopa,,33.290229,-112.160597,4,93,97.75,4775
"Phoenix-Mesa-Scottsdale, AZ",04-013-7003,PM10,St Johns Air Monitoring Site,Arizona,Maricopa,,33.290229,-112.160597,4,98,98.5,8575
"Phoenix-Mesa-Scottsdale, AZ",04-013-7020,PM10,Senior Center Air Monitoring Station,Arizona,Maricopa,Scottsdale,33.488131,-111.855443,4,94,97.75,8194
"Phoenix-Mesa-Scottsdale, AZ",04-013-7021,O3,Red Mountain Air Monitoring Station,Arizona,Maricopa,Scottsdale,33.507992,-111.755334,4,97,98.25,8463
"Phoenix-Mesa-Scottsdale, AZ",04-013-7022,O3,Lehi Air Monitoring Station,Arizona,Maricopa,Mesa,33.474609,-111.805769,4,78,94.25,6837
"Phoenix-Mesa-Scottsdale, AZ",04-013-7022,PM10,Lehi Air Monitoring Station,Arizona,Maricopa,Mesa,33.474609,-111.805769,4,79,92.25,6930
"Phoenix-Mesa-Scottsdale, AZ",04-013-7024,O3,High School Air Monitoring Station,Arizona,Maricopa,Scottsdale,33.508125,-111.83852,4,97,98.5,8461
"Phoenix-Mesa-Scottsdale, AZ",04-013-7024,PM10,High School Air Monitoring Station,Arizona,Maricopa,Scottsdale,33.508125,-111.83852,4,98,98.75,8616
"Phoenix-Mesa-Scottsdale, AZ",04-013-9508,O3,HUMBOLDT MOUNTAIN,Arizona,Maricopa,,33.9828,-111.79871,4,98,99.25,8466
"Phoenix-Mesa-Scottsdale, AZ",04-013-9702,O3,BLUE POINT-SHERIFF STATION-TONTO NF-SALT RIVER RECREATION AREA,Arizona,Maricopa,Blue Point (District),33.54558,-111.60972,4,96,98.75,8393
"Phoenix-Mesa-Scottsdale, AZ",04-013-9704,O3,FOUNTAIN HILLS,Arizona,Maricopa,Fountain Hills,33.61092,-111.72534,4,96,98.0,8429
"Phoenix-Mesa-Scottsdale, AZ",04-013-9812,PM10,DURANGO COMPLEX,Arizona,Maricopa,Phoenix,33.4265,-112.11821,4,94,96.25,8247
"Phoenix-Mesa-Scottsdale, AZ",04-013-9812,PM2.5,DURANGO COMPLEX,Arizona,Maricopa,Phoenix,33.4265,-112.11821,4,94,96.5,8230
"Phoenix-Mesa-Scottsdale, AZ",04-013-9812,SO2,DURANGO COMPLEX,Arizona,Maricopa,Phoenix,33.4265,-112.11821,4,98,98.75,8626
"Phoenix-Mesa-Scottsdale, AZ",04-013-9997,CO,JLG SUPERSITE,Arizona,Maricopa,Phoenix,33.503833,-112.095767,4,89,94.75,7784
"Phoenix-Mesa-Scottsdale, AZ",04-013-9997,NO2,JLG SUPERSITE,Arizona,Maricopa,Phoenix,33.503833,-112.095767,4,92,96.75,8048
"Phoenix-Mesa-Scottsdale, AZ",04-013-9997,O3,JLG SUPERSITE,Arizona,Maricopa,Phoenix,33.503833,-112.095767,4,92,96.25,7804
"Phoenix-Mesa-Scottsdale, AZ",04-013-9997,PM10,JLG SUPERSITE,Arizona,Maricopa,Phoenix,33.503833,-112.095767,4,91,96.25,8013
"Phoenix-Mesa-Scottsdale, AZ",04-013-9997,PM2.5,JLG SUPERSITE,Arizona,Maricopa,Phoenix,33.503833,-112.095767,4,91,94.75,8011
"Phoenix-Mesa-Scottsdale, AZ",04-013-9997,SO2,JLG SUPERSITE,Arizona,Maricopa,Phoenix,33.503833,-112.095767,4,92,95.75,8020
"Phoenix-Mesa-Scottsdale, AZ",04-021-0001,PM10,CASA GRANDE DOWNTOWN,Arizona,Pinal,Casa Grande,32.877583,-111.752222,4,84,93.25,7357
"Phoenix-Mesa-Scottsdale, AZ",04-021-0001,PM2.5,CASA GRANDE DOWNTOWN,Arizona,Pinal,Casa Grande,32.877583,-111.752222,4,87,94.0,7663
"Phoenix-Mesa-Scottsdale, AZ",04-021-3001,O3,A J MAINTENANCE YARD,Arizona,Pinal,Apache Junction,33.4214,-111.5436,4,97,98.75,8542
"Phoenix-Mesa-Scottsdale, AZ",04-021-3002,PM10,APACHE JUNCTION FIRE STATION,Arizona,Pinal,Apache Junction,33.421194,-111.503222,4,99,99.0,8679
"Phoenix-Mesa-Scottsdale, AZ",04-021-3003,O3,CASA GRANDE AIRPORT,Arizona,Pinal,Casa Grande,32.954361,-111.76225,4,98,98.25,8510
"Phoenix-Mesa-Scottsdale, AZ",04-021-3007,O3,PINAL AIR PARK,Arizona,Pinal,Red Rock,32.508306,-111.308056,4,86,94.25,7731
"Phoenix-Mesa-Scottsdale, AZ",04-021-3007,PM10,PINAL AIR PARK,Arizona,Pinal,Red Rock,32.508306,-111.308056,4,89,95.75,7848
"Phoenix-Mesa-Scottsdale, AZ",04-021-3008,PM10,STANFIELD,Arizona,Pinal,Stanfield,32.881194,-111.962,4,98,98.0,8577
"Phoenix-Mesa-Scottsdale, AZ",04-021-3009,PM10,COMBS,Arizona,Pinal,Queen Creek,33.219111,-111.561111,4,95,97.75,8359
"Phoenix-Mesa-Scottsdale, AZ",04-021-3011,PM10,PINAL COUNTY HOUSING (aka ELEVEN MILE CORNER),Arizona,Pinal,Casa Grande,32.891056,-111.5705,4,98,98.75,8631
"Phoenix-Mesa-Scottsdale, AZ",04-021-3014,PM10,ELOY,Arizona,Pinal,Eloy,32.757639,-111.554861,4,95,97.0,8388
"Phoenix-Mesa-Scottsdale, AZ",04-021-3015,PM10,HIDDEN VALLEY,Arizona,Pinal,Stanfield,32.884761,-112.03705,4,98,98.5,8587
"Phoenix-Mesa-Scottsdale, AZ",04-021-3015,PM2.5,HIDDEN VALLEY,Arizona,Pinal,Stanfield,32.884761,-112.03705,4,96,96.75,8434
"Phoenix-Mesa-Scottsdale, AZ",04-021-3016,PM10,MARICOPA 1405,Arizona,Pinal,Maricopa,33.06115,-112.05204,4,93,95.5,8178
"Phoenix-Mesa-Scottsdale, AZ",04-021-7001,O3,Sacaton Air Monitoring Site,Arizona,Pinal,Sacaton,33.081704,-111.752943,4,99,99.75,5082
"Phoenix-Mesa-Scottsdale, AZ",04-021-7001,PM10,Sacaton Air Monitoring Site,Arizona,Pinal,Sacaton,33.081704,-111.752943,4,98,98.75,8616
"Phoenix-Mesa-Scottsdale, AZ",04-021-7004,PM10,Casa Blanca Air Monitoring Site,Arizona,Pinal,,33.117556,-111.885814,4,98,98.75,8638
"Phoenix-Mesa-Scottsdale, AZ",04-021-8001,O3,QUEEN VALLEY,Arizona,Pinal,Queen Valley,33.293465,-111.285594,4,94,98.0,7983
"Pierre, SD",46-065-0003,PM2.5,Pierre Airport,South Dakota,Hughes,Pierre,44.373786,-100.287269,4,96,98.0,8418
"Pittsburgh, PA",42-003-0002,PM2.5,Avalon,Pennsylvania,Allegheny,Avalon,40.50084,-80.066488,4,97,98.75,8501
"Pittsburgh, PA",42-003-0008,CO,Lawrenceville,Pennsylvania,Allegheny,Pittsburgh,40.46542,-79.960757,4,90,95.25,7853
"Pittsburgh, PA",42-003-0008,O3,Lawrenceville,Pennsylvania,Allegheny,Pittsburgh,40.46542,-79.960757,4,99,99.25,8644
"Pittsburgh, PA",42-003-0008,PM2.5,Lawrenceville,Pennsylvania,Allegheny,Pittsburgh,40.46542,-79.960757,4,94,96.5,8246
"Pittsburgh, PA",42-003-0008,SO2,Lawrenceville,Pennsylvania,Allegheny,Pittsburgh,40.46542,-79.960757,4,93,93.25,8116
"Pittsburgh, PA",42-003-0064,PM10,Liberty,Pennsylvania,Allegheny,Liberty,40.323768,-79.868062,4,96,97.75,8452
"Pittsburgh, PA",42-003-0064,PM2.5,Liberty,Pennsylvania,Allegheny,Liberty,40.323768,-79.868062,4,96,97.0,8431
"Pittsburgh, PA",42-003-0064,SO2,Liberty,Pennsylvania,Allegheny,Liberty,40.323768,-79.868062,4,84,94.75,7403
"Pittsburgh, PA",42-003-0067,O3,South Fayette,Pennsylvania,Allegheny,McDonald,40.375644,-80.169943,4,98,99.25,8591
"Pittsburgh, PA",42-003-1008,NO2,Harrison,Pennsylvania,Allegheny,Harrison Township,40.617488,-79.727664,4,89,93.25,7792
"Pittsburgh, PA",42-003-1008,O3,Harrison,Pennsylvania,Allegheny,Harrison Township,40.617488,-79.727664,4,98,99.25,8529
"Pittsburgh, PA",42-003-1301,PM10,North Braddock,Pennsylvania,Allegheny,North Braddock,40.402328,-79.860973,4,94,97.5,8253
"Pittsburgh, PA",42-003-1301,SO2,North Braddock,Pennsylvania,Allegheny,North Braddock,40.402328,-79.860973,4,95,97.5,8361
"Pittsburgh, PA",42-003-1376,CO,Parkway East Near-Road,Pennsylvania,Allegheny,Wilkinsburg,40.43743,-79.863572,4,89,94.5,7798
"Pittsburgh, PA",42-003-1376,NO2,Parkway East Near-Road,Pennsylvania,Allegheny,Wilkinsburg,40.43743,-79.863572,4,89,93.0,7793
"Pittsburgh, PA",42-003-1376,PM2.5,Parkway East Near-Road,Pennsylvania,Allegheny,Wilkinsburg,40.43743,-79.863572,4,97,98.5,8461
"Pittsburgh, PA",42-003-3006,PM10,Glassport,Pennsylvania,Allegheny,Glassport,40.326008,-79.881703,4,96,98.25,8445
"Pittsburgh, PA",42-005-0001,O3,Kittanning,Pennsylvania,Armstrong,Kittanning,40.814183,-79.56475,4,94,97.75,5605
"Pittsburgh, PA",42-005-0001,PM2.5,Kittanning,Pennsylvania,Armstrong,Kittanning,40.814183,-79.56475,4,96,98.0,8384
"Pittsburgh, PA",42-007-0005,O3,Brighton Township,Pennsylvania,Beaver,,40.684722,-80.359722,4,81,89.25,5442
"Pittsburgh, PA",42-007-0005,SO2,Brighton Township,Pennsylvania,Beaver,,40.684722,-80.359722,4,85,90.75,7435
"Pittsburgh, PA",42-007-0014,NO2,Beaver Falls,Pennsylvania,Beaver,Beaver Falls,40.747796,-80.316442,4,88,90.75,7754
"Pittsburgh, PA",42-007-0014,O3,Beaver Falls,Pennsylvania,Beaver,Beaver Falls,40.747796,-80.316442,4,92,94.5,5337
"Pittsburgh, PA",42-007-0014,PM10,Beaver Falls,Pennsylvania,Beaver,Beaver Falls,40.747796,-80.316442,4,63,81.25,5517
"Pittsburgh, PA",42-007-0014,PM2.5,Beaver Falls,Pennsylvania,Beaver,Beaver Falls,40.747796,-80.316442,4,87,94.25,7579
"Pittsburgh, PA",42-051-0524,O3,Uniontown,Pennsylvania,Fayette,Uniontown,39.917663,-79.805499,4,87,96.25,5610
"Pittsburgh, PA",42-125-0005,NO2,Charleroi,Pennsylvania,Washington,Charleroi,40.146667,-79.902222,4,89,91.75,7808
"Pittsburgh, PA",42-125-0005,PM2.5,Charleroi,Pennsylvania,Washington,Charleroi,40.146667,-79.902222,4,89,93.5,7760
"Pittsburgh, PA",42-125-0005,SO2,Charleroi,Pennsylvania,Washington,Charleroi,40.146667,-79.902222,4,92,95.0,8068
"Pittsburgh, PA",42-125-5001,O3,Florence,Pennsylvania,Washington,,40.445278,-80.420833,4,89,90.5,5062
"Pittsburgh, PA",42-125-5001,PM2.5,Florence,Pennsylvania,Washington,,40.445278,-80.420833,4,94,95.25,8202
"Pittsburgh, PA",42-125-5001,SO2,Florence,Pennsylvania,Washington,,40.445278,-80.420833,4,82,87.5,7219
"Pittsburgh, PA",42-129-0008,O3,Greensburg,Pennsylvania,Westmoreland,Greensburg,40.304694,-79.505667,4,93,95.25,5594
"Pittsfield, MA",25-003-0008,O3,,Massachusetts,Berkshire,Pittsfield,42.452299,-73.239648,4,97,98.0,8390
"Pittsfield, MA",25-003-0008,PM2.5,,Massachusetts,Berkshire,Pittsfield,42.452299,-73.239648,4,89,96.5,7776
"Pittsfield, MA",25-003-6001,PM2.5,North Adams,Massachusetts,Berkshire,North Adams,42.702223,-73.110414,4,97,98.5,8455
"Platteville, WI",55-043-0009,PM2.5,POTOSI,Wisconsin,Grant,Potosi,42.69302,-90.69813,4,97,98.75,8529
"Pocatello, ID",16-005-0004,SO2,Pocatello - Sewage Treatment,Idaho,Bannock,Pocatello,42.916389,-112.515833,4,93,97.0,8122
"Pocatello, ID",16-005-0015,O3,Pocatello - Garrett and Gould,Idaho,Bannock,Pocatello,42.876725,-112.460347,4,92,97.5,4008
"Pocatello, ID",16-005-0015,PM10,Pocatello - Garrett and Gould,Idaho,Bannock,Pocatello,42.876725,-112.460347,4,97,98.25,8473
"Point Pleasant, WV-OH",39-053-0004,SO2,Cheshire Elem,Ohio,Gallia,Cheshire,38.95018,-82.12211,4,94,94.5,8198
"Point Pleasant, WV-OH",39-053-0005,SO2,Ridge,Ohio,Gallia,Cheshire,38.89495,-82.14893,4,91,93.75,8009
"Point Pleasant, WV-OH",39-053-0006,SO2,Guiding Hand,Ohio,Gallia,Cheshire,38.94945,-82.1104,4,88,92.5,7716
"Point Pleasant, WV-OH",54-053-0001,SO2,AEP Gavin_kyger Lakin site,West Virginia,Mason,,38.95649,-82.08866,4,93,93.75,8157
"Ponca City, OK",40-071-0604,PM2.5,Ponca City,Oklahoma,Kay,Ponca City,36.697186,-97.08135,4,94,97.25,8204
"Ponca City, OK",40-071-0604,SO2,Ponca City,Oklahoma,Kay,Ponca City,36.697186,-97.08135,4,89,94.5,7816
"Port Angeles, WA",53-009-0013,CO,CHEEKA PEAK,Washington,Clallam,,48.29786,-124.62491,4,80,81.75,7042
"Port Angeles, WA",53-009-0013,O3,CHEEKA PEAK,Washington,Clallam,,48.29786,-124.62491,4,93,93.75,7965
"Port Angeles, WA",53-009-0013,SO2,CHEEKA PEAK,Washington,Clallam,,48.29786,-124.62491,4,81,86.5,7057
"Port St. Lucie, FL",12-085-0007,O3,Stuart,Florida,Martin,Stuart,27.172458,-80.240689,4,97,98.75,8520
"Port St. Lucie, FL",12-111-0013,O3,Savannas,Florida,St. Lucie,Fort Pierce,27.389079,-80.311033,4,98,99.0,8564
"Portland-South Portland, ME",23-005-0029,NO2,PDO - Portland Deering Oaks,Maine,Cumberland,Portland,43.660246,-70.268965,4,93,95.25,8104
"Portland-South Portland, ME",23-005-0029,O3,PDO - Portland Deering Oaks,Maine,Cumberland,Portland,43.660246,-70.268965,4,97,98.0,8009
"Portland-South Portland, ME",23-005-0029,PM2.5,PDO - Portland Deering Oaks,Maine,Cumberland,Portland,43.660246,-70.268965,4,94,95.5,8244
"Portland-South Portland, ME",23-005-2003,O3,CETL - Cape Elizabeth Two Lights (State Park),Maine,Cumberland,,43.561043,-70.207324,4,98,98.75,8332
"Portland-South Portland, ME",23-031-0040,O3,SBP - Shapleigh Ball Park,Maine,York,,43.58889,-70.87734,4,94,96.25,5422
"Portland-South Portland, ME",23-031-2002,O3,KPW - Kennebunkport Parson'd Way,Maine,York,Kennebunkport,43.343167,-70.471034,4,83,94.0,3791
"Portland-Vancouver-Hillsboro, OR-WA",41-005-0004,O3,Carus - Spangler Road (SPR),Oregon,Clackamas,Portland,45.25928,-122.588151,4,98,99.25,3601
"Portland-Vancouver-Hillsboro, OR-WA",41-009-0004,O3,Portland - Sauvie Island (SIS),Oregon,Columbia,Scappoose,45.768531,-122.7721,4,99,99.25,3617
"Portland-Vancouver-Hillsboro, OR-WA",41-051-0080,CO,Portland - SE Lafayette St (SEL),Oregon,Multnomah,Portland,45.496641,-122.602877,4,90,95.75,7914
"Portland-Vancouver-Hillsboro, OR-WA",41-051-0080,NO2,Portland - SE Lafayette St (SEL),Oregon,Multnomah,Portland,45.496641,-122.602877,4,78,90.25,6851
"Portland-Vancouver-Hillsboro, OR-WA",41-051-0080,O3,Portland - SE Lafayette St (SEL),Oregon,Multnomah,Portland,45.496641,-122.602877,4,94,97.5,8256
"Portland-Vancouver-Hillsboro, OR-WA",41-051-0080,SO2,Portland - SE Lafayette St (SEL),Oregon,Multnomah,Portland,45.496641,-122.602877,4,86,94.25,7504
"Portland-Vancouver-Hillsboro, OR-WA",41-067-0005,CO,Tualatin - Bradbury Court (TBC),Oregon,Washington,Tualatin,45.3992,-122.7455,4,95,96.5,8293
"Portland-Vancouver-Hillsboro, OR-WA",41-067-0005,NO2,Tualatin - Bradbury Court (TBC),Oregon,Washington,Tualatin,45.3992,-122.7455,4,95,97.0,8351
"Portland-Vancouver-Hillsboro, OR-WA",41-067-0005,O3,Tualatin - Bradbury Court (TBC),Oregon,Washington,Tualatin,45.3992,-122.7455,4,99,99.75,8657
"Portland-Vancouver-Hillsboro, OR-WA",53-011-0011,O3,VANCOUVER - BLAIRMONT DR,Washington,Clark,Vancouver,45.616667,-122.516667,4,76,91.25,2981
"Portland-Vancouver-Hillsboro, OR-WA",53-011-0024,PM2.5,Vancouver-NE 84th Ave,Washington,Clark,Vancouver,45.64336,-122.58737,4,97,97.5,8482
"Portsmouth, OH",39-145-0020,PM10,Back Road,Ohio,Scioto,Franklin Furnace,38.609338,-82.822512,4,98,98.75,8651
"Portsmouth, OH",39-145-0020,SO2,Back Road,Ohio,Scioto,Franklin Furnace,38.609338,-82.822512,4,99,99.0,8638
"Portsmouth, OH",39-145-0021,PM10,Gallia Pike North,Ohio,Scioto,Franklin Furnace,38.600611,-82.829782,4,95,97.0,8353
"Portsmouth, OH",39-145-0022,PM10,Gallia Pike South,Ohio,Scioto,Franklin Furnace,38.588034,-82.834973,4,96,97.75,8468
"Portsmouth, OH",39-145-0022,SO2,Gallia Pike South,Ohio,Scioto,Franklin Furnace,38.588034,-82.834973,4,97,98.5,8555
"Prescott, AZ",04-025-8034,O3,Prescott Pioneer Park,Arizona,Yavapai,Prescott,34.612055,-112.463213,4,91,97.75,7924
"Price, UT",49-007-1003,NO2,Price #2,Utah,Carbon,Price,39.59575,-110.770111,4,82,92.75,7211
"Price, UT",49-007-1003,O3,Price #2,Utah,Carbon,Price,39.59575,-110.770111,4,98,98.75,8489
"Providence-Warwick, RI-MA",25-005-1004,O3,FALL RIVER,Massachusetts,Bristol,Fall River,41.685707,-71.169235,4,93,96.75,8271
"Providence-Warwick, RI-MA",25-005-1004,PM2.5,FALL RIVER,Massachusetts,Bristol,Fall River,41.685707,-71.169235,4,98,99.5,8623
"Providence-Warwick, RI-MA",25-005-1004,SO2,FALL RIVER,Massachusetts,Bristol,Fall River,41.685707,-71.169235,4,95,95.0,8293
"Providence-Warwick, RI-MA",25-005-1006,O3,FAIRHAVEN2,Massachusetts,Bristol,Fairhaven (Town of),41.645381,-70.897504,4,96,97.5,8088
"Providence-Warwick, RI-MA",44-003-0002,O3,AJ,Rhode Island,Kent,,41.615237,-71.72,4,97,98.0,4886
"Providence-Warwick, RI-MA",44-003-0002,PM2.5,AJ,Rhode Island,Kent,,41.615237,-71.72,4,93,95.0,8125
"Providence-Warwick, RI-MA",44-007-0022,PM2.5,CCRI Liston Campus ROOFTOP,Rhode Island,Providence,Providence,41.807469,-71.412968,4,86,93.0,7537
"Providence-Warwick, RI-MA",44-009-0007,O3,US-EPA Laboratory,Rhode Island,Washington,,41.49511,-71.423705,4,94,95.25,4814
"Providence-Warwick, RI-MA",44-009-0007,PM2.5,US-EPA Laboratory,Rhode Island,Washington,,41.49511,-71.423705,4,92,95.25,8053
"Provo-Orem, UT",49-049-4001,CO,Lindon,Utah,Utah,Lindon,40.341389,-111.713611,4,98,98.75,8585
"Provo-Orem, UT",49-049-4001,NO2,Lindon,Utah,Utah,Lindon,40.341389,-111.713611,4,94,97.0,8289
"Provo-Orem, UT",49-049-4001,O3,Lindon,Utah,Utah,Lindon,40.341389,-111.713611,4,99,99.25,8645
"Provo-Orem, UT",49-049-4001,PM2.5,Lindon,Utah,Utah,Lindon,40.341389,-111.713611,4,95,98.5,8374
"Provo-Orem, UT",49-049-5010,NO2,Spanish Fork,Utah,Utah,Spanish Fork,40.136378,-111.657936,4,97,97.75,8502
"Provo-Orem, UT",49-049-5010,O3,Spanish Fork,Utah,Utah,Spanish Fork,40.136378,-111.657936,4,99,99.25,8672
"Provo-Orem, UT",49-049-5010,PM2.5,Spanish Fork,Utah,Utah,Spanish Fork,40.136378,-111.657936,4,98,99.25,8617
"Quincy, IL-MO",17-001-0007,O3,JOHN WOOD COMMUNITY COLLEGE,Illinois,Adams,Quincy,39.915409,-91.335868,4,95,97.5,5583
"Racine, WI",55-101-0020,O3,RACINE - PAYNE AND DOLAN,Wisconsin,Racine,,42.77711,-87.79689,4,99,99.75,4808
"Raleigh, NC",37-101-0002,O3,West Johnston Co.,North Carolina,Johnston,,35.59095,-78.4622,4,98,99.5,5537
"Raleigh, NC",37-101-0002,PM2.5,West Johnston Co.,North Carolina,Johnston,,35.59095,-78.4622,4,95,96.25,8329
"Raleigh, NC",37-183-0014,CO,Millbrook School,North Carolina,Wake,Raleigh,35.856111,-78.574167,4,93,93.75,8157
"Raleigh, NC",37-183-0014,NO2,Millbrook School,North Carolina,Wake,Raleigh,35.856111,-78.574167,4,59,83.0,5167
"Raleigh, NC",37-183-0014,O3,Millbrook School,North Carolina,Wake,Raleigh,35.856111,-78.574167,4,97,97.75,8132
"Raleigh, NC",37-183-0014,PM10,Millbrook School,North Carolina,Wake,Raleigh,35.856111,-78.574167,4,65,88.75,5693
"Raleigh, NC",37-183-0014,PM2.5,Millbrook School,North Carolina,Wake,Raleigh,35.856111,-78.574167,4,65,88.75,5693
"Raleigh, NC",37-183-0014,SO2,Millbrook School,North Carolina,Wake,Raleigh,35.856111,-78.574167,4,93,93.5,8135
"Raleigh, NC",37-183-0021,CO,Triple Oak,North Carolina,Wake,,35.8652,-78.8197,4,91,93.25,8035
"Raleigh, NC",37-183-0021,NO2,Triple Oak,North Carolina,Wake,,35.8652,-78.8197,4,92,92.75,8056
"Raleigh, NC",37-183-0021,PM2.5,Triple Oak,North Carolina,Wake,,35.8652,-78.8197,4,95,96.75,8327
"Rapid City, SD",46-033-0132,O3,Wind Cave,South Dakota,Custer,,43.55764,-103.48386,4,90,92.75,8132
"Rapid City, SD",46-033-0132,PM10,Wind Cave,South Dakota,Custer,,43.55764,-103.48386,4,94,96.5,8247
"Rapid City, SD",46-033-0132,PM2.5,Wind Cave,South Dakota,Custer,,43.55764,-103.48386,4,89,95.0,7801
"Rapid City, SD",46-093-0001,O3,BLACK HAWK ELEMENTARY SCHOOL GROUNDS,South Dakota,Meade,,44.155636,-103.315765,4,95,96.75,8326
"Rapid City, SD",46-093-0001,PM10,BLACK HAWK ELEMENTARY SCHOOL GROUNDS,South Dakota,Meade,,44.155636,-103.315765,4,96,97.25,8376
"Rapid City, SD",46-103-0020,NO2,CREDIT UNION,South Dakota,Pennington,Rapid City,44.087397,-103.273777,4,64,89.25,5610
"Rapid City, SD",46-103-0020,PM10,CREDIT UNION,South Dakota,Pennington,Rapid City,44.087397,-103.273777,4,96,98.0,8398
"Rapid City, SD",46-103-0020,PM2.5,CREDIT UNION,South Dakota,Pennington,Rapid City,44.087397,-103.273777,4,96,97.75,8471
"Rapid City, SD",46-103-0020,SO2,CREDIT UNION,South Dakota,Pennington,Rapid City,44.087397,-103.273777,4,93,94.75,8135
"Reading, PA",42-011-0006,O3,Kutztown,Pennsylvania,Berks,,40.51408,-75.789721,4,88,91.75,4940
"Reading, PA",42-011-0011,O3,Reading Airport,Pennsylvania,Berks,,40.38335,-75.9686,4,73,86.75,4972
"Reading, PA",42-011-0011,PM2.5,Reading Airport,Pennsylvania,Berks,,40.38335,-75.9686,4,97,99.0,8502
"Reading, PA",42-011-0011,SO2,Reading Airport,Pennsylvania,Berks,,40.38335,-75.9686,4,92,94.25,8028
"Red Bluff, CA",06-103-0004,O3,Tuscan Butte (seasonal),California,Tehama,,40.262072,-122.092766,4,98,99.0,4815
"Red Bluff, CA",06-103-0007,O3,Red Bluff-Walnut St. District Office,California,Tehama,Red Bluff,40.17093,-122.25556,4,99,99.25,8298
"Red Bluff, CA",06-103-0007,PM2.5,Red Bluff-Walnut St. District Office,California,Tehama,Red Bluff,40.17093,-122.25556,4,95,95.75,8313
"Red Wing, MN",27-049-5302,O3,Stanton Air Field,Minnesota,Goodhue,,44.473754,-93.012611,4,87,93.5,5063
"Redding, CA",06-089-0004,O3,Redding - Health Department,California,Shasta,Redding,40.55013,-122.38092,4,85,91.75,7561
"Redding, CA",06-089-0009,O3,Shasta Lake - Lake Blvd,California,Shasta,Shasta Lake,40.689253,-122.402194,4,57,82.5,4974
"Redding, CA",06-089-3003,O3,Lassen Volcanic NP,California,Shasta,,40.53999,-121.57646,4,76,89.25,6645
"Reno, NV",32-031-0020,O3,South Reno,Nevada,Washoe,Reno,39.469219,-119.775354,4,99,99.75,8653
"Reno, NV",32-031-0025,O3,Toll,Nevada,Washoe,Reno,39.399837,-119.739606,4,99,99.5,8666
"Reno, NV",32-031-0025,PM10,Toll,Nevada,Washoe,Reno,39.399837,-119.739606,4,98,98.25,8563
"Reno, NV",32-031-0025,PM2.5,Toll,Nevada,Washoe,Reno,39.399837,-119.739606,4,98,98.25,8591
"Reno, NV",32-031-0031,CO,Reno4,Nevada,Washoe,Reno,39.521933,-119.7954,4,91,95.75,8019
"Reno, NV",32-031-0031,NO2,Reno4,Nevada,Washoe,Reno,39.521933,-119.7954,4,97,97.25,8488
"Reno, NV",32-031-0031,O3,Reno4,Nevada,Washoe,Reno,39.521933,-119.7954,4,96,98.0,8445
"Reno, NV",32-031-0031,PM10,Reno4,Nevada,Washoe,Reno,39.521933,-119.7954,4,97,97.75,8557
"Reno, NV",32-031-0031,PM2.5,Reno4,Nevada,Washoe,Reno,39.521933,-119.7954,4,90,96.0,7898
"Reno, NV",32-031-0031,SO2,Reno4,Nevada,Washoe,Reno,39.521933,-119.7954,4,97,97.5,8491
"Reno, NV",32-031-1005,O3,Sparks,Nevada,Washoe,Sparks,39.540917,-119.746761,4,99,99.25,8560
"Reno, NV",32-031-1005,PM10,Sparks,Nevada,Washoe,Sparks,39.540917,-119.746761,4,97,97.75,8543
"Reno, NV",32-031-1005,PM2.5,Sparks,Nevada,Washoe,Sparks,39.540917,-119.746761,4,98,98.0,8595
"Reno, NV",32-031-1007,O3,Spanish Springs,Nevada,Washoe,Sparks,39.621434,-119.71877,4,99,99.0,8641
"Reno, NV",32-031-1007,PM10,Spanish Springs,Nevada,Washoe,Sparks,39.621434,-119.71877,4,96,97.5,8451
"Reno, NV",32-031-1007,PM2.5,Spanish Springs,Nevada,Washoe,Sparks,39.621434,-119.71877,4,97,97.75,8475
"Reno, NV",32-031-2002,O3,Incline,Nevada,Washoe,Incline Village-Crystal Bay,39.250409,-119.956738,4,94,98.0,8313
"Reno, NV",32-031-2009,O3,Lemmon Valley,Nevada,Washoe,Lemmon Valley-Golden Valley,39.645264,-119.840025,4,98,99.0,8559
"Richmond, VA",51-033-0001,O3,"USGS Geomagnetic Center, Corbin",Virginia,Caroline,,38.20087,-77.37742,4,91,95.75,5306
"Richmond, VA",51-036-0002,NO2,Shirley Plantation,Virginia,Charles,,37.34438,-77.25925,4,95,96.5,8283
"Richmond, VA",51-036-0002,O3,Shirley Plantation,Virginia,Charles,,37.34438,-77.25925,4,96,98.5,5495
"Richmond, VA",51-036-0002,SO2,Shirley Plantation,Virginia,Charles,,37.34438,-77.25925,4,93,95.5,8139
"Richmond, VA",51-041-0004,O3,VDOT Chesterfield Residency Shop,Virginia,Chesterfield,,37.35748,-77.59355,4,99,99.75,5723
"Richmond, VA",51-085-0003,O3,"Turner Property, Old Church",Virginia,Hanover,,37.60613,-77.2188,4,94,97.75,5394
"Richmond, VA",51-087-0014,CO,MathScience Innovation Center,Virginia,Henrico,East Highland Park,37.55652,-77.40027,4,81,89.0,7063
"Richmond, VA",51-087-0014,NO2,MathScience Innovation Center,Virginia,Henrico,East Highland Park,37.55652,-77.40027,4,95,95.5,8337
"Richmond, VA",51-087-0014,O3,MathScience Innovation Center,Virginia,Henrico,East Highland Park,37.55652,-77.40027,4,93,97.25,8028
"Richmond, VA",51-087-0014,PM10,MathScience Innovation Center,Virginia,Henrico,East Highland Park,37.55652,-77.40027,4,88,95.25,7767
"Richmond, VA",51-087-0014,PM2.5,MathScience Innovation Center,Virginia,Henrico,East Highland Park,37.55652,-77.40027,4,96,98.0,8420
"Richmond, VA",51-087-0014,SO2,MathScience Innovation Center,Virginia,Henrico,East Highland Park,37.55652,-77.40027,4,92,94.0,8079
"Richmond, VA",51-760-0025,CO,Bryan Park,Virginia,Richmond City,Richmond,37.59088,-77.46925,4,94,96.0,8260
"Richmond, VA",51-760-0025,NO2,Bryan Park,Virginia,Richmond City,Richmond,37.59088,-77.46925,4,95,96.25,8306
"Richmond, VA",51-760-0025,PM2.5,Bryan Park,Virginia,Richmond City,Richmond,37.59088,-77.46925,4,89,96.0,7768
"Riverside-San Bernardino-Ontario, CA",06-065-0009,PM2.5,Pechanga,California,Riverside,,33.447867,-117.088649,4,95,95.5,8364
"Riverside-San Bernardino-Ontario, CA",06-065-0010,O3,Joshua Tree NP - Cottonwood Visitor Center,California,Riverside,Joshua Tree National Monument,33.747236,-115.820124,4,90,95.75,7844
"Riverside-San Bernardino-Ontario, CA",06-065-0012,NO2,Banning Airport,California,Riverside,Banning,33.92086,-116.85841,4,97,98.25,8560
"Riverside-San Bernardino-Ontario, CA",06-065-0012,O3,Banning Airport,California,Riverside,Banning,33.92086,-116.85841,4,96,97.75,8567
"Riverside-San Bernardino-Ontario, CA",06-065-0016,O3,Temecula,California,Riverside,,33.583018,-117.072202,4,96,97.75,8497
"Riverside-San Bernardino-Ontario, CA",06-065-1016,O3,Morongo Air Monitoring Station,California,Riverside,Banning,33.944713,-116.830074,4,93,96.0,7938
"Riverside-San Bernardino-Ontario, CA",06-065-1016,PM2.5,Morongo Air Monitoring Station,California,Riverside,Banning,33.944713,-116.830074,4,89,92.75,7806
"Riverside-San Bernardino-Ontario, CA",06-065-2005,PM10,Mecca (Saul Martinez),California,Riverside,Mecca,33.572019,-116.063823,4,93,97.25,8122
"Riverside-San Bernardino-Ontario, CA",06-065-5001,CO,Palm Springs,California,Riverside,Palm Springs,33.85275,-116.54101,4,97,98.25,8458
"Riverside-San Bernardino-Ontario, CA",06-065-5001,NO2,Palm Springs,California,Riverside,Palm Springs,33.85275,-116.54101,4,98,98.75,8597
"Riverside-San Bernardino-Ontario, CA",06-065-5001,O3,Palm Springs,California,Riverside,Palm Springs,33.85275,-116.54101,4,98,98.0,8667
"Riverside-San Bernardino-Ontario, CA",06-065-5001,PM10,Palm Springs,California,Riverside,Palm Springs,33.85275,-116.54101,4,98,98.5,8598
"Riverside-San Bernardino-Ontario, CA",06-065-8001,CO,Rubidoux,California,Riverside,Rubidoux,33.99958,-117.41601,4,98,98.75,8609
"Riverside-San Bernardino-Ontario, CA",06-065-8001,NO2,Rubidoux,California,Riverside,Rubidoux,33.99958,-117.41601,4,95,97.5,8335
"Riverside-San Bernardino-Ontario, CA",06-065-8001,O3,Rubidoux,California,Riverside,Rubidoux,33.99958,-117.41601,4,93,95.5,8334
"Riverside-San Bernardino-Ontario, CA",06-065-8001,PM2.5,Rubidoux,California,Riverside,Rubidoux,33.99958,-117.41601,4,93,96.25,8120
"Riverside-San Bernardino-Ontario, CA",06-065-8001,SO2,Rubidoux,California,Riverside,Rubidoux,33.99958,-117.41601,4,97,98.25,8533
"Riverside-San Bernardino-Ontario, CA",06-065-8005,CO,Mira Loma (Van Buren),California,Riverside,Mira Loma,33.99636,-117.4924,4,98,98.75,8640
"Riverside-San Bernardino-Ontario, CA",06-065-8005,NO2,Mira Loma (Van Buren),California,Riverside,Mira Loma,33.99636,-117.4924,4,98,98.75,8598
"Riverside-San Bernardino-Ontario, CA",06-065-8005,O3,Mira Loma (Van Buren),California,Riverside,Mira Loma,33.99636,-117.4924,4,96,97.25,8640
"Riverside-San Bernardino-Ontario, CA",06-065-8005,PM10,Mira Loma (Van Buren),California,Riverside,Mira Loma,33.99636,-117.4924,4,98,98.25,8550
"Riverside-San Bernardino-Ontario, CA",06-065-8005,PM2.5,Mira Loma (Van Buren),California,Riverside,Mira Loma,33.99636,-117.4924,4,97,97.75,8493
"Riverside-San Bernardino-Ontario, CA",06-065-9001,CO,Lake Elsinore,California,Riverside,Lake Elsinore,33.67649,-117.33098,4,99,99.0,8638
"Riverside-San Bernardino-Ontario, CA",06-065-9001,NO2,Lake Elsinore,California,Riverside,Lake Elsinore,33.67649,-117.33098,4,96,97.75,8431
"Riverside-San Bernardino-Ontario, CA",06-065-9001,O3,Lake Elsinore,California,Riverside,Lake Elsinore,33.67649,-117.33098,4,95,96.0,8521
"Riverside-San Bernardino-Ontario, CA",06-065-9001,PM10,Lake Elsinore,California,Riverside,Lake Elsinore,33.67649,-117.33098,4,98,98.75,8588
"Riverside-San Bernardino-Ontario, CA",06-065-9003,O3,Blythe-445 W Murphy Street,California,Riverside,Blythe,33.61235,-114.60209,4,95,97.5,8051
"Riverside-San Bernardino-Ontario, CA",06-071-0001,NO2,Barstow,California,San Bernardino,Barstow,34.89405,-117.02471,4,90,92.75,7945
"Riverside-San Bernardino-Ontario, CA",06-071-0001,O3,Barstow,California,San Bernardino,Barstow,34.89405,-117.02471,4,96,96.75,7945
"Riverside-San Bernardino-Ontario, CA",06-071-0001,PM10,Barstow,California,San Bernardino,Barstow,34.89405,-117.02471,4,98,98.25,8584
"Riverside-San Bernardino-Ontario, CA",06-071-0005,O3,Crestline,California,San Bernardino,Crestline,34.2431,-117.27235,4,95,98.0,8477
"Riverside-San Bernardino-Ontario, CA",06-071-0013,PM10,Lucerne Valley-Middle School,California,San Bernardino,Lucerne Valley,34.40998,-116.90688,4,88,96.0,7729
"Riverside-San Bernardino-Ontario, CA",06-071-0026,CO,Ontario Near Road (Etiwanda),California,San Bernardino,Ontario,34.06812,-117.52579,4,99,99.0,8676
"Riverside-San Bernardino-Ontario, CA",06-071-0026,NO2,Ontario Near Road (Etiwanda),California,San Bernardino,Ontario,34.06812,-117.52579,4,99,99.0,8647
"Riverside-San Bernardino-Ontario, CA",06-071-0027,NO2,Ontario-Route 60 Near Road,California,San Bernardino,Ontario,34.030833,-117.61722,4,96,97.75,8413
"Riverside-San Bernardino-Ontario, CA",06-071-0306,NO2,Victorville-Park Avenue,California,San Bernardino,Victorville,34.510961,-117.32554,4,88,91.5,7703
"Riverside-San Bernardino-Ontario, CA",06-071-0306,O3,Victorville-Park Avenue,California,San Bernardino,Victorville,34.510961,-117.32554,4,95,95.75,7870
"Riverside-San Bernardino-Ontario, CA",06-071-0306,PM10,Victorville-Park Avenue,California,San Bernardino,Victorville,34.510961,-117.32554,4,97,98.25,8482
"Riverside-San Bernardino-Ontario, CA",06-071-0306,PM2.5,Victorville-Park Avenue,California,San Bernardino,Victorville,34.510961,-117.32554,4,96,97.5,8404
"Riverside-San Bernardino-Ontario, CA",06-071-1234,NO2,Trona - Athol/Telescope #2,California,San Bernardino,Searles Valley,35.77446,-117.3721,4,89,89.75,7793
"Riverside-San Bernardino-Ontario, CA",06-071-1234,O3,Trona - Athol/Telescope #2,California,San Bernardino,Searles Valley,35.77446,-117.3721,4,93,93.75,7981
"Riverside-San Bernardino-Ontario, CA",06-071-1234,PM10,Trona - Athol/Telescope #2,California,San Bernardino,Searles Valley,35.77446,-117.3721,4,87,90.0,7591
"Riverside-San Bernardino-Ontario, CA",06-071-2002,CO,Fontana,California,San Bernardino,Fontana,34.10002,-117.49201,4,95,97.0,8305
"Riverside-San Bernardino-Ontario, CA",06-071-2002,NO2,Fontana,California,San Bernardino,Fontana,34.10002,-117.49201,4,98,98.25,8607
"Riverside-San Bernardino-Ontario, CA",06-071-2002,O3,Fontana,California,San Bernardino,Fontana,34.10002,-117.49201,4,95,95.75,8427
"Riverside-San Bernardino-Ontario, CA",06-071-2002,SO2,Fontana,California,San Bernardino,Fontana,34.10002,-117.49201,4,96,97.75,8399
"Riverside-San Bernardino-Ontario, CA",06-071-4001,O3,Hesperia-Olive Street,California,San Bernardino,Hesperia,34.41651,-117.28563,4,95,97.0,8231
"Riverside-San Bernardino-Ontario, CA",06-071-4001,PM10,Hesperia-Olive Street,California,San Bernardino,Hesperia,34.41651,-117.28563,4,97,98.0,8531
"Riverside-San Bernardino-Ontario, CA",06-071-4003,O3,Redlands,California,San Bernardino,Redlands,34.05977,-117.14731,4,98,99.0,8682
"Riverside-San Bernardino-Ontario, CA",06-071-9002,O3,Joshua Tree NP,California,San Bernardino,,34.06957,-116.38893,4,82,93.25,7208
"Riverside-San Bernardino-Ontario, CA",06-071-9004,CO,San Bernardino,California,San Bernardino,San Bernardino,34.106678,-117.274063,4,95,97.0,8295
"Riverside-San Bernardino-Ontario, CA",06-071-9004,NO2,San Bernardino,California,San Bernardino,San Bernardino,34.106678,-117.274063,4,98,98.75,8582
"Riverside-San Bernardino-Ontario, CA",06-071-9004,O3,San Bernardino,California,San Bernardino,San Bernardino,34.106678,-117.274063,4,96,97.5,8587
"Riverside-San Bernardino-Ontario, CA",06-071-9004,PM10,San Bernardino,California,San Bernardino,San Bernardino,34.106678,-117.274063,4,91,96.0,8007
"Riverton, WY",56-013-0003,SO2,Lost Cabin SO2 Monitor,Wyoming,Fremont,,43.27106,-107.60017,4,96,97.0,8399
"Riverton, WY",56-013-0099,NO2,South Pass,Wyoming,Fremont,,42.529999,-108.720003,4,91,94.0,7950
"Riverton, WY",56-013-0099,O3,South Pass,Wyoming,Fremont,,42.529999,-108.720003,4,93,96.0,8270
"Riverton, WY",56-013-0099,PM2.5,South Pass,Wyoming,Fremont,,42.529999,-108.720003,4,93,96.5,8125
"Riverton, WY",56-013-0232,NO2,Spring Creek,Wyoming,Fremont,,43.081667,-107.549444,4,94,96.0,8244
"Riverton, WY",56-013-0232,O3,Spring Creek,Wyoming,Fremont,,43.081667,-107.549444,4,96,96.75,8468
"Riverton, WY",56-013-0232,PM10,Spring Creek,Wyoming,Fremont,,43.081667,-107.549444,4,97,97.0,8474
"Riverton, WY",56-013-0232,PM2.5,Spring Creek,Wyoming,Fremont,,43.081667,-107.549444,4,96,97.25,8429
"Riverton, WY",56-013-1003,PM2.5,Lander SLAM site,Wyoming,Fremont,Lander,42.842168,-108.736281,4,54,84.0,4756
"Roanoke Rapids, NC",37-131-0003,NO2,Northampton County,North Carolina,Northampton,Gaston,36.511708,-77.655389,4,88,89.25,7749
"Roanoke Rapids, NC",37-131-0003,PM2.5,Northampton County,North Carolina,Northampton,Gaston,36.511708,-77.655389,4,97,97.25,8515
"Roanoke, VA",51-161-1004,CO,East Vinton Elementary School,Virginia,Roanoke,Vinton,37.28342,-79.88452,4,95,96.75,8334
"Roanoke, VA",51-161-1004,NO2,East Vinton Elementary School,Virginia,Roanoke,Vinton,37.28342,-79.88452,4,97,97.75,8454
"Roanoke, VA",51-161-1004,O3,East Vinton Elementary School,Virginia,Roanoke,Vinton,37.28342,-79.88452,4,98,99.0,5682
"Roanoke, VA",51-161-1004,PM2.5,East Vinton Elementary School,Virginia,Roanoke,Vinton,37.28342,-79.88452,4,94,98.0,8260
"Roanoke, VA",51-161-1004,SO2,East Vinton Elementary School,Virginia,Roanoke,Vinton,37.28342,-79.88452,4,69,90.25,6084
"Rochester, MN",27-109-5008,O3,Ben Franklin School,Minnesota,Olmsted,Rochester,43.996908,-92.450366,4,89,97.25,5159
"Rochester, MN",27-109-5008,PM2.5,Ben Franklin School,Minnesota,Olmsted,Rochester,43.996908,-92.450366,4,92,96.75,8094
"Rochester, NY",36-055-0015,CO,Rochester Near-Road,New York,Monroe,Rochester,43.145013,-77.55728,4,77,89.75,6734
"Rochester, NY",36-055-0015,NO2,Rochester Near-Road,New York,Monroe,Rochester,43.145013,-77.55728,4,88,92.75,7698
"Rochester, NY",36-055-1007,CO,ROCHESTER 2,New York,Monroe,Rochester,43.14618,-77.54817,4,96,97.25,8395
"Rochester, NY",36-055-1007,O3,ROCHESTER 2,New York,Monroe,Rochester,43.14618,-77.54817,4,98,98.5,8578
"Rochester, NY",36-055-1007,PM2.5,ROCHESTER 2,New York,Monroe,Rochester,43.14618,-77.54817,4,97,99.0,8507
"Rochester, NY",36-055-1007,SO2,ROCHESTER 2,New York,Monroe,Rochester,43.14618,-77.54817,4,96,97.5,8439
"Rochester, NY",36-117-3001,O3,WILLIAMSON,New York,Wayne,,43.23086,-77.17136,4,96,98.5,7908
"Rock Springs, WY",56-037-0007,PM2.5,Rock Springs SLAM site,Wyoming,Sweetwater,Rock Springs,41.592536,-109.220852,4,56,85.25,4890
"Rock Springs, WY",56-037-0200,NO2,Wamsutter,Wyoming,Sweetwater,,41.677667,-108.024835,4,88,90.5,7686
"Rock Springs, WY",56-037-0200,O3,Wamsutter,Wyoming,Sweetwater,,41.677667,-108.024835,4,94,95.5,7958
"Rock Springs, WY",56-037-0200,PM10,Wamsutter,Wyoming,Sweetwater,,41.677667,-108.024835,4,96,98.25,8369
"Rock Springs, WY",56-037-0300,NO2,Moxa Arch,Wyoming,Sweetwater,,41.750556,-109.788333,4,88,93.25,7770
"Rock Springs, WY",56-037-0300,O3,Moxa Arch,Wyoming,Sweetwater,,41.750556,-109.788333,4,96,96.75,7964
"Rock Springs, WY",56-037-0300,PM10,Moxa Arch,Wyoming,Sweetwater,,41.750556,-109.788333,4,97,98.0,8503
"Rock Springs, WY",56-037-0300,SO2,Moxa Arch,Wyoming,Sweetwater,,41.750556,-109.788333,4,90,94.0,7875
"Rock Springs, WY",56-037-0812,PM10,"OCI, LTD SITE #3",Wyoming,Sweetwater,,41.709662,-109.713239,4,91,97.25,7934
"Rock Springs, WY",56-037-0898,PM10,OCI #4,Wyoming,Sweetwater,,41.735325,-109.640283,4,98,98.75,8574
"Rockford, IL",17-201-0118,PM2.5,Rockford Fire Department Admin. Bldg,Illinois,Winnebago,Rockford,42.267,-89.08917,4,94,97.5,8250
"Rockford, IL",17-201-2001,O3,MAPLE ELEMENTARY SCHOOL,Illinois,Winnebago,Loves Park,42.334982,-89.037775,4,98,99.5,5782
"Rockland, ME",23-013-0004,O3,Marshall Point Lighthouse,Maine,Knox,,43.917955,-69.26059,4,96,97.25,4976
"Rocky Mount, NC",37-065-0099,O3,Leggett,North Carolina,Edgecombe,Leggett,35.988278,-77.5843,4,98,99.25,5517
"Rutland, VT",50-021-0002,CO,State of Vermont District Court Parking Lot,Vermont,Rutland,Rutland,43.608056,-72.982778,4,91,93.25,7965
"Rutland, VT",50-021-0002,NO2,State of Vermont District Court Parking Lot,Vermont,Rutland,Rutland,43.608056,-72.982778,4,92,92.75,8064
"Rutland, VT",50-021-0002,O3,State of Vermont District Court Parking Lot,Vermont,Rutland,Rutland,43.608056,-72.982778,4,95,97.5,7720
"Rutland, VT",50-021-0002,PM2.5,State of Vermont District Court Parking Lot,Vermont,Rutland,Rutland,43.608056,-72.982778,4,91,97.5,8012
"Rutland, VT",50-021-0002,SO2,State of Vermont District Court Parking Lot,Vermont,Rutland,Rutland,43.608056,-72.982778,4,92,92.5,8033
"Sacramento--Roseville--Arden-Arcade, CA",06-017-0011,PM10,South Lake Tahoe-Sandy Way,California,El Dorado,South Lake Tahoe,38.944979,-119.970609,4,89,92.5,7784
"Sacramento--Roseville--Arden-Arcade, CA",06-017-0020,O3,Cool,California,El Dorado,,38.890941,-121.003373,4,88,93.0,4390
"Sacramento--Roseville--Arden-Arcade, CA",06-061-0003,O3,Auburn-Atwood,California,Placer,Auburn,38.93568,-121.09959,4,95,98.0,8414
"Sacramento--Roseville--Arden-Arcade, CA",06-061-0003,PM2.5,Auburn-Atwood,California,Placer,Auburn,38.93568,-121.09959,4,96,97.0,8389
"Sacramento--Roseville--Arden-Arcade, CA",06-061-0004,O3,Colfax-City Hall,California,Placer,Colfax,39.100174,-120.953832,4,97,98.5,8556
"Sacramento--Roseville--Arden-Arcade, CA",06-061-0006,NO2,Roseville-N Sunrise Ave,California,Placer,Roseville,38.74643,-121.26498,4,94,95.0,8196
"Sacramento--Roseville--Arden-Arcade, CA",06-061-0006,O3,Roseville-N Sunrise Ave,California,Placer,Roseville,38.74643,-121.26498,4,97,98.0,8202
"Sacramento--Roseville--Arden-Arcade, CA",06-061-0006,PM10,Roseville-N Sunrise Ave,California,Placer,Roseville,38.74643,-121.26498,4,96,97.25,8367
"Sacramento--Roseville--Arden-Arcade, CA",06-061-0006,PM2.5,Roseville-N Sunrise Ave,California,Placer,Roseville,38.74643,-121.26498,4,96,96.75,8393
"Sacramento--Roseville--Arden-Arcade, CA",06-061-1004,O3,Tahoe City-Fairway Drive,California,Placer,Tahoe City,39.166017,-120.148833,4,90,96.5,8006
"Sacramento--Roseville--Arden-Arcade, CA",06-061-2003,O3,Lincoln-2885 Moore Road,California,Placer,Lincoln,38.867937,-121.338353,4,93,97.25,8169
"Sacramento--Roseville--Arden-Arcade, CA",06-067-0006,O3,Sacramento-Del Paso Manor,California,Sacramento,Arden-Arcade,38.613779,-121.368014,4,69,83.75,5992
"Sacramento--Roseville--Arden-Arcade, CA",06-067-0006,PM2.5,Sacramento-Del Paso Manor,California,Sacramento,Arden-Arcade,38.613779,-121.368014,4,91,95.5,7960
"Sacramento--Roseville--Arden-Arcade, CA",06-067-0006,SO2,Sacramento-Del Paso Manor,California,Sacramento,Arden-Arcade,38.613779,-121.368014,4,52,78.25,4571
"Sacramento--Roseville--Arden-Arcade, CA",06-067-0010,NO2,Sacramento-1309 T Street,California,Sacramento,Sacramento,38.56844,-121.49311,4,84,91.0,7365
"Sacramento--Roseville--Arden-Arcade, CA",06-067-0010,O3,Sacramento-1309 T Street,California,Sacramento,Sacramento,38.56844,-121.49311,4,87,94.5,7274
"Sacramento--Roseville--Arden-Arcade, CA",06-067-0010,PM10,Sacramento-1309 T Street,California,Sacramento,Sacramento,38.56844,-121.49311,4,96,97.0,8404
"Sacramento--Roseville--Arden-Arcade, CA",06-067-0010,PM2.5,Sacramento-1309 T Street,California,Sacramento,Sacramento,38.56844,-121.49311,4,96,96.75,8394
"Sacramento--Roseville--Arden-Arcade, CA",06-067-0011,NO2,Elk Grove-Bruceville,California,Sacramento,,38.302591,-121.420838,4,66,75.75,5813
"Sacramento--Roseville--Arden-Arcade, CA",06-067-0011,O3,Elk Grove-Bruceville,California,Sacramento,,38.302591,-121.420838,4,81,88.25,7062
"Sacramento--Roseville--Arden-Arcade, CA",06-067-0012,O3,Folsom-Natoma St.,California,Sacramento,Folsom,38.683304,-121.164457,4,87,90.25,7835
"Sacramento--Roseville--Arden-Arcade, CA",06-067-0012,PM2.5,Folsom-Natoma St.,California,Sacramento,Folsom,38.683304,-121.164457,4,95,96.75,8334
"Sacramento--Roseville--Arden-Arcade, CA",06-067-0015,NO2,Sacramento-Bercut Drive,California,Sacramento,Sacramento,38.593322,-121.503795,4,55,76.5,4796
"Sacramento--Roseville--Arden-Arcade, CA",06-067-0015,PM2.5,Sacramento-Bercut Drive,California,Sacramento,Sacramento,38.593322,-121.503795,4,96,97.0,8429
"Sacramento--Roseville--Arden-Arcade, CA",06-067-5003,O3,Sloughhouse,California,Sacramento,,38.494475,-121.211131,4,50,77.25,4426
"Sacramento--Roseville--Arden-Arcade, CA",06-067-5003,PM2.5,Sloughhouse,California,Sacramento,,38.494475,-121.211131,4,87,94.5,7584
"Sacramento--Roseville--Arden-Arcade, CA",06-113-0004,NO2,Davis-UCD Campus,California,Yolo,,38.53445,-121.7734,4,81,89.75,7085
"Sacramento--Roseville--Arden-Arcade, CA",06-113-0004,O3,Davis-UCD Campus,California,Yolo,,38.53445,-121.7734,4,88,94.75,7495
"Sacramento--Roseville--Arden-Arcade, CA",06-113-1003,O3,Woodland-Gibson Road,California,Yolo,Woodland,38.66121,-121.73269,4,91,95.75,7883
"Salem, OR",41-047-0004,O3,Turner - Cascade Junior High School (CJH),Oregon,Marion,Turner,44.81029,-122.915085,4,97,98.25,3577
"Salem, OR",41-047-0041,O3,Salem - Oregon State Hospital (SSH),Oregon,Marion,Salem,44.943114,-123.005934,4,95,98.25,3484
"Salinas, CA",06-053-0002,O3,Carmel Valley,California,Monterey,Carmel Valley Village,36.48187,-121.73333,4,90,96.5,8247
"Salinas, CA",06-053-0002,PM2.5,Carmel Valley,California,Monterey,Carmel Valley Village,36.48187,-121.73333,4,95,96.75,8340
"Salinas, CA",06-053-0008,O3,King City 2,California,Monterey,King City,36.209286,-121.126371,4,95,98.75,8379
"Salinas, CA",06-053-0008,PM10,King City 2,California,Monterey,King City,36.209286,-121.126371,4,95,96.5,8358
"Salinas, CA",06-053-0008,PM2.5,King City 2,California,Monterey,King City,36.209286,-121.126371,4,96,97.5,8451
"Salinas, CA",06-053-1003,CO,Salinas 3,California,Monterey,Salinas,36.694261,-121.623271,4,97,97.75,8482
"Salinas, CA",06-053-1003,NO2,Salinas 3,California,Monterey,Salinas,36.694261,-121.623271,4,81,93.0,7109
"Salinas, CA",06-053-1003,O3,Salinas 3,California,Monterey,Salinas,36.694261,-121.623271,4,98,99.25,8479
"Salinas, CA",06-053-1003,PM2.5,Salinas 3,California,Monterey,Salinas,36.694261,-121.623271,4,98,98.0,8588
"Salisbury, MD-DE",10-005-1002,O3,Seaford Shipley State Service Center,Delaware,Sussex,Seaford,38.65392,-75.610605,4,91,95.5,8186
"Salisbury, MD-DE",10-005-1002,PM2.5,Seaford Shipley State Service Center,Delaware,Sussex,Seaford,38.65392,-75.610605,4,55,87.0,4788
"Salisbury, MD-DE",10-005-1003,O3,"Lewes SPM SITE, NEAR UD ACID RAIN/MERCURY COLLECTORS",Delaware,Sussex,Lewes,38.779077,-75.163269,4,82,92.0,7120
"Salisbury, MD-DE",10-005-1003,SO2,"Lewes SPM SITE, NEAR UD ACID RAIN/MERCURY COLLECTORS",Delaware,Sussex,Lewes,38.779077,-75.163269,4,56,82.75,4897
"Salt Lake City, UT",49-035-2005,CO,Copper View,Utah,Salt Lake,Midvale,40.598056,-111.894167,4,98,98.5,8546
"Salt Lake City, UT",49-035-2005,NO2,Copper View,Utah,Salt Lake,Midvale,40.598056,-111.894167,4,97,97.5,8522
"Salt Lake City, UT",49-035-2005,O3,Copper View,Utah,Salt Lake,Midvale,40.598056,-111.894167,4,98,99.25,8536
"Salt Lake City, UT",49-035-2005,PM2.5,Copper View,Utah,Salt Lake,Midvale,40.598056,-111.894167,4,98,99.25,8623
"Salt Lake City, UT",49-035-2005,SO2,Copper View,Utah,Salt Lake,Midvale,40.598056,-111.894167,4,98,98.0,8552
"Salt Lake City, UT",49-035-3006,CO,Hawthorne,Utah,Salt Lake,Salt Lake City,40.736389,-111.872222,4,93,96.0,8139
"Salt Lake City, UT",49-035-3006,NO2,Hawthorne,Utah,Salt Lake,Salt Lake City,40.736389,-111.872222,4,92,96.0,8070
"Salt Lake City, UT",49-035-3006,O3,Hawthorne,Utah,Salt Lake,Salt Lake City,40.736389,-111.872222,4,94,97.75,8168
"Salt Lake City, UT",49-035-3006,PM2.5,Hawthorne,Utah,Salt Lake,Salt Lake City,40.736389,-111.872222,4,99,99.75,8663
"Salt Lake City, UT",49-035-3006,SO2,Hawthorne,Utah,Salt Lake,Salt Lake City,40.736389,-111.872222,4,93,97.0,8170
"Salt Lake City, UT",49-035-3010,CO,ROSE PARK,Utah,Salt Lake,Salt Lake City,40.78422,-111.931,4,98,98.5,8601
"Salt Lake City, UT",49-035-3010,NO2,ROSE PARK,Utah,Salt Lake,Salt Lake City,40.78422,-111.931,4,98,98.0,8566
"Salt Lake City, UT",49-035-3010,O3,ROSE PARK,Utah,Salt Lake,Salt Lake City,40.78422,-111.931,4,98,98.75,8644
"Salt Lake City, UT",49-035-3010,PM2.5,ROSE PARK,Utah,Salt Lake,Salt Lake City,40.78422,-111.931,4,99,99.25,8662
"Salt Lake City, UT",49-035-3010,SO2,ROSE PARK,Utah,Salt Lake,Salt Lake City,40.78422,-111.931,4,98,98.75,8625
"Salt Lake City, UT",49-035-3013,NO2,Herriman #3,Utah,Salt Lake,Herriman,40.496392,-112.036298,4,96,97.5,8390
"Salt Lake City, UT",49-035-3013,O3,Herriman #3,Utah,Salt Lake,Herriman,40.496392,-112.036298,4,99,99.25,8621
"Salt Lake City, UT",49-035-3013,PM2.5,Herriman #3,Utah,Salt Lake,Herriman,40.496392,-112.036298,4,98,99.0,8582
"Salt Lake City, UT",49-035-3014,NO2,Lake Park,Utah,Salt Lake,West Valley City,40.709762,-112.00876,4,98,98.0,8594
"Salt Lake City, UT",49-035-3014,O3,Lake Park,Utah,Salt Lake,West Valley City,40.709762,-112.00876,4,50,86.5,4354
"Salt Lake City, UT",49-035-3015,CO,Utah Technical Center,Utah,Salt Lake,Salt Lake City,40.777145,-111.945849,4,97,98.5,8491
"Salt Lake City, UT",49-035-3015,NO2,Utah Technical Center,Utah,Salt Lake,Salt Lake City,40.777145,-111.945849,4,95,96.75,8354
"Salt Lake City, UT",49-035-3015,O3,Utah Technical Center,Utah,Salt Lake,Salt Lake City,40.777145,-111.945849,4,97,98.0,8479
"Salt Lake City, UT",49-035-3015,PM2.5,Utah Technical Center,Utah,Salt Lake,Salt Lake City,40.777145,-111.945849,4,100,100.0,8743
"Salt Lake City, UT",49-035-3015,SO2,Utah Technical Center,Utah,Salt Lake,Salt Lake City,40.777145,-111.945849,4,97,98.5,8471
"Salt Lake City, UT",49-035-3016,NO2,Inland Port,Utah,Salt Lake,Salt Lake City,40.807897,-112.087717,4,75,92.0,6603
"Salt Lake City, UT",49-035-3016,O3,Inland Port,Utah,Salt Lake,Salt Lake City,40.807897,-112.087717,4,79,94.0,6664
"Salt Lake City, UT",49-035-3016,PM2.5,Inland Port,Utah,Salt Lake,Salt Lake City,40.807897,-112.087717,4,73,91.75,6432
"Salt Lake City, UT",49-035-4002,CO,Near Road,Utah,Salt Lake,Murray,40.662961,-111.901851,4,99,99.0,8679
"Salt Lake City, UT",49-035-4002,NO2,Near Road,Utah,Salt Lake,Murray,40.662961,-111.901851,4,98,98.0,8571
"Salt Lake City, UT",49-035-4002,O3,Near Road,Utah,Salt Lake,Murray,40.662961,-111.901851,4,98,99.25,8622
"Salt Lake City, UT",49-035-4002,PM2.5,Near Road,Utah,Salt Lake,Murray,40.662961,-111.901851,4,99,99.75,8714
"Salt Lake City, UT",49-045-0004,NO2,Erda,Utah,Tooele,Erda,40.60055,-112.35578,4,98,98.25,8542
"Salt Lake City, UT",49-045-0004,O3,Erda,Utah,Tooele,Erda,40.60055,-112.35578,4,98,98.75,8566
"Salt Lake City, UT",49-045-0004,PM2.5,Erda,Utah,Tooele,Erda,40.60055,-112.35578,4,99,99.5,8644
"San Antonio-New Braunfels, TX",48-013-1090,PM2.5,Von Ormy Highway 16,Texas,Atascosa,Lytle,29.162892,-98.589146,4,90,94.25,7914
"San Antonio-New Braunfels, TX",48-029-0032,NO2,San Antonio Northwest,Texas,Bexar,Leon Valley,29.515061,-98.620211,4,84,89.75,7317
"San Antonio-New Braunfels, TX",48-029-0032,O3,San Antonio Northwest,Texas,Bexar,Leon Valley,29.515061,-98.620211,4,92,96.25,8311
"San Antonio-New Braunfels, TX",48-029-0032,PM2.5,San Antonio Northwest,Texas,Bexar,Leon Valley,29.515061,-98.620211,4,93,95.5,8165
"San Antonio-New Braunfels, TX",48-029-0052,NO2,Camp Bullis,Texas,Bexar,San Antonio,29.632077,-98.564918,4,94,95.5,8242
"San Antonio-New Braunfels, TX",48-029-0052,O3,Camp Bullis,Texas,Bexar,San Antonio,29.632077,-98.564918,4,95,97.25,8243
"San Antonio-New Braunfels, TX",48-029-0059,NO2,Calaveras Lake,Texas,Bexar,San Antonio,29.275371,-98.3117,4,94,95.25,8266
"San Antonio-New Braunfels, TX",48-029-0059,O3,Calaveras Lake,Texas,Bexar,San Antonio,29.275371,-98.3117,4,96,96.5,8359
"San Antonio-New Braunfels, TX",48-029-0059,PM2.5,Calaveras Lake,Texas,Bexar,San Antonio,29.275371,-98.3117,4,96,97.5,8397
"San Antonio-New Braunfels, TX",48-029-0059,SO2,Calaveras Lake,Texas,Bexar,San Antonio,29.275371,-98.3117,4,91,94.5,7982
"San Antonio-New Braunfels, TX",48-029-1069,CO,San Antonio Interstate 35,Texas,Bexar,San Antonio,29.529433,-98.391385,4,94,96.75,8226
"San Antonio-New Braunfels, TX",48-029-1069,NO2,San Antonio Interstate 35,Texas,Bexar,San Antonio,29.529433,-98.391385,4,72,84.75,6306
"San Antonio-New Braunfels, TX",48-029-1069,PM2.5,San Antonio Interstate 35,Texas,Bexar,San Antonio,29.529433,-98.391385,4,84,92.75,7329
"San Antonio-New Braunfels, TX",48-493-1038,NO2,Floresville Hospital Boulevard,Texas,Wilson,Floresville,29.130677,-98.148076,4,54,79.5,4775
"San Diego-Carlsbad, CA",06-073-0001,NO2,Chula Vista,California,San Diego,Chula Vista,32.631242,-117.059088,4,86,88.5,7567
"San Diego-Carlsbad, CA",06-073-0001,O3,Chula Vista,California,San Diego,Chula Vista,32.631242,-117.059088,4,96,97.0,7834
"San Diego-Carlsbad, CA",06-073-1006,NO2,Alpine,California,San Diego,Alpine,32.842318,-116.768293,4,87,89.5,7643
"San Diego-Carlsbad, CA",06-073-1006,O3,Alpine,California,San Diego,Alpine,32.842318,-116.768293,4,97,97.5,7934
"San Diego-Carlsbad, CA",06-073-1008,NO2,Camp Pendleton,California,San Diego,Camp Pendleton South,33.217046,-117.396249,4,77,85.75,6724
"San Diego-Carlsbad, CA",06-073-1008,O3,Camp Pendleton,California,San Diego,Camp Pendleton South,33.217046,-117.396249,4,86,92.25,7143
"San Diego-Carlsbad, CA",06-073-1014,NO2,Donovan,California,San Diego,Otay Mesa,32.578165,-116.921374,4,89,90.0,7768
"San Diego-Carlsbad, CA",06-073-1014,O3,Donovan,California,San Diego,Otay Mesa,32.578165,-116.921374,4,95,97.25,7818
"San Diego-Carlsbad, CA",06-073-1016,NO2,San Diego - Kearny Villa Rd.,California,San Diego,San Diego,32.845709,-117.123964,4,88,90.25,7727
"San Diego-Carlsbad, CA",06-073-1016,O3,San Diego - Kearny Villa Rd.,California,San Diego,San Diego,32.845709,-117.123964,4,98,98.25,7928
"San Diego-Carlsbad, CA",06-073-1017,CO,San Diego -Rancho Carmel Drive,California,San Diego,San Diego,32.985428,-117.082198,4,86,88.5,7524
"San Diego-Carlsbad, CA",06-073-1017,NO2,San Diego -Rancho Carmel Drive,California,San Diego,San Diego,32.985428,-117.082198,4,83,88.5,7306
"San Diego-Carlsbad, CA",06-073-1022,CO,El Cajon - Lexington Elementary School,California,San Diego,El Cajon,32.789565,-116.944308,4,82,84.5,7212
"San Diego-Carlsbad, CA",06-073-1022,NO2,El Cajon - Lexington Elementary School,California,San Diego,El Cajon,32.789565,-116.944308,4,86,86.0,7506
"San Diego-Carlsbad, CA",06-073-1022,O3,El Cajon - Lexington Elementary School,California,San Diego,El Cajon,32.789565,-116.944308,4,95,95.25,7546
"San Diego-Carlsbad, CA",06-073-1022,SO2,El Cajon - Lexington Elementary School,California,San Diego,El Cajon,32.789565,-116.944308,4,62,74.5,5472
"San Diego-Carlsbad, CA",06-073-1026,NO2,San Diego - Sherman Elementary School,California,San Diego,San Diego,32.710177,-117.142665,4,90,90.75,7866
"San Diego-Carlsbad, CA",06-073-1026,O3,San Diego - Sherman Elementary School,California,San Diego,San Diego,32.710177,-117.142665,4,97,98.25,7910
"San Diego-Carlsbad, CA",06-073-1201,O3,Pala Airpad,California,San Diego,Pala,33.362593,-117.09023,4,100,100.0,8733
"San Diego-Carlsbad, CA",06-073-1201,PM2.5,Pala Airpad,California,San Diego,Pala,33.362593,-117.09023,4,74,93.5,6504
"San Francisco-Oakland-Hayward, CA",06-001-0009,PM2.5,Oakland,California,Alameda,Oakland,37.743065,-122.169935,4,98,98.25,8555
"San Francisco-Oakland-Hayward, CA",06-001-0011,PM2.5,Oakland West,California,Alameda,Oakland,37.814781,-122.282347,4,96,97.25,8441
"San Francisco-Oakland-Hayward, CA",06-001-0012,PM2.5,Laney College,California,Alameda,Oakland,37.793624,-122.263376,4,94,97.25,8231
"San Francisco-Oakland-Hayward, CA",06-001-0015,PM2.5,Pleasanton - Owens Ct,California,Alameda,Pleasanton,37.701222,-121.903019,4,90,95.75,7890
"San Francisco-Oakland-Hayward, CA",06-013-0002,PM2.5,Concord,California,Contra Costa,Concord,37.936013,-122.026154,4,89,94.5,7763
"San Francisco-Oakland-Hayward, CA",06-013-1004,PM2.5,San Pablo,California,Contra Costa,San Pablo,37.9604,-122.356811,4,95,96.25,8328
"San Francisco-Oakland-Hayward, CA",06-041-0001,PM2.5,San Rafael,California,Marin,San Rafael,37.97231,-122.520004,4,97,97.5,8517
"San Francisco-Oakland-Hayward, CA",06-075-0005,PM2.5,San Francisco,California,San Francisco,San Francisco,37.765946,-122.399044,4,90,94.25,7842
"San Jose-Sunnyvale-Santa Clara, CA",06-069-0002,O3,Hollister,California,San Benito,Hollister,36.843425,-121.3621,4,96,98.75,8390
"San Jose-Sunnyvale-Santa Clara, CA",06-069-0002,PM10,Hollister,California,San Benito,Hollister,36.843425,-121.3621,4,96,97.5,8447
"San Jose-Sunnyvale-Santa Clara, CA",06-069-0002,PM2.5,Hollister,California,San Benito,Hollister,36.843425,-121.3621,4,96,97.5,8441
"San Jose-Sunnyvale-Santa Clara, CA",06-069-0003,O3,Pinnacles NP,California,San Benito,,36.48324,-121.15688,4,93,96.0,8088
"San Jose-Sunnyvale-Santa Clara, CA",06-069-0004,PM10,San Juan Bautista,California,San Benito,San Juan Bautista,36.841488,-121.533444,4,74,91.75,6454
"San Jose-Sunnyvale-Santa Clara, CA",06-085-0002,PM2.5,Gilroy,California,Santa Clara,Gilroy,36.999571,-121.574684,4,72,89.75,6352
"San Jose-Sunnyvale-Santa Clara, CA",06-085-0005,PM2.5,San Jose - Jackson,California,Santa Clara,San Jose,37.348497,-121.894898,4,96,97.5,8416
"San Jose-Sunnyvale-Santa Clara, CA",06-085-0006,PM2.5,San Jose - Knox Avenue,California,Santa Clara,San Jose,37.338135,-121.849783,4,91,95.0,8000
"San Luis Obispo-Paso Robles-Arroyo Grande, CA",06-079-0005,O3,Paso Robles,California,San Luis Obispo,El Paso de Robles (corporate name for Paso Robles),35.614668,-120.656912,4,96,98.0,8122
"San Luis Obispo-Paso Robles-Arroyo Grande, CA",06-079-0005,PM10,Paso Robles,California,San Luis Obispo,El Paso de Robles (corporate name for Paso Robles),35.614668,-120.656912,4,97,98.0,8481
"San Luis Obispo-Paso Robles-Arroyo Grande, CA",06-079-2004,PM10,Mesa2,California,San Luis Obispo,Nipomo,35.02083,-120.56388,4,97,97.25,8483
"San Luis Obispo-Paso Robles-Arroyo Grande, CA",06-079-2004,PM2.5,Mesa2,California,San Luis Obispo,Nipomo,35.02083,-120.56388,4,97,97.5,8483
"San Luis Obispo-Paso Robles-Arroyo Grande, CA",06-079-2004,SO2,Mesa2,California,San Luis Obispo,Nipomo,35.02083,-120.56388,4,94,94.5,8202
"San Luis Obispo-Paso Robles-Arroyo Grande, CA",06-079-2007,PM10,CDF,California,San Luis Obispo,Arroyo Grande,35.04673,-120.58777,4,94,96.5,8262
"San Luis Obispo-Paso Robles-Arroyo Grande, CA",06-079-2007,PM2.5,CDF,California,San Luis Obispo,Arroyo Grande,35.04673,-120.58777,4,95,97.0,8385
"San Luis Obispo-Paso Robles-Arroyo Grande, CA",06-079-2020,PM10,SLO Roberto,California,San Luis Obispo,San Luis Obispo,35.259502,-120.64472,4,93,96.5,8146
"San Luis Obispo-Paso Robles-Arroyo Grande, CA",06-079-2020,PM2.5,SLO Roberto,California,San Luis Obispo,San Luis Obispo,35.259502,-120.64472,4,85,94.75,7506
"San Luis Obispo-Paso Robles-Arroyo Grande, CA",06-079-4002,NO2,Nipomo Regional Park (NRP),California,San Luis Obispo,Nipomo,35.03146,-120.50103,4,93,94.25,8150
"San Luis Obispo-Paso Robles-Arroyo Grande, CA",06-079-4002,O3,Nipomo Regional Park (NRP),California,San Luis Obispo,Nipomo,35.03146,-120.50103,4,93,96.0,8023
"San Luis Obispo-Paso Robles-Arroyo Grande, CA",06-079-4002,PM10,Nipomo Regional Park (NRP),California,San Luis Obispo,Nipomo,35.03146,-120.50103,4,98,98.25,8598
"San Luis Obispo-Paso Robles-Arroyo Grande, CA",06-079-8002,NO2,Atascadero,California,San Luis Obispo,Atascadero,35.49453,-120.66617,4,60,85.5,5226
"San Luis Obispo-Paso Robles-Arroyo Grande, CA",06-079-8002,O3,Atascadero,California,San Luis Obispo,Atascadero,35.49453,-120.66617,4,92,94.0,7774
"San Luis Obispo-Paso Robles-Arroyo Grande, CA",06-079-8002,PM10,Atascadero,California,San Luis Obispo,Atascadero,35.49453,-120.66617,4,95,96.5,8351
"San Luis Obispo-Paso Robles-Arroyo Grande, CA",06-079-8002,PM2.5,Atascadero,California,San Luis Obispo,Atascadero,35.49453,-120.66617,4,96,97.25,8378
"San Luis Obispo-Paso Robles-Arroyo Grande, CA",06-079-8005,O3,Red Hills,California,San Luis Obispo,,35.64368,-120.23135,4,97,97.25,8225
"San Luis Obispo-Paso Robles-Arroyo Grande, CA",06-079-8006,O3,Carrizo Plain,California,San Luis Obispo,,35.35472,-120.04019,4,97,98.5,8230
"San Luis Obispo-Paso Robles-Arroyo Grande, CA",06-079-9001,PM10,Oso Flaco Site,California,San Luis Obispo,Nipomo,35.00876,-120.59998,4,92,93.0,8073
"Santa Cruz-Watsonville, CA",06-087-0007,O3,Santa Cruz,California,Santa Cruz,Live Oak,36.98332,-121.98822,4,99,99.25,8652
"Santa Cruz-Watsonville, CA",06-087-0007,PM2.5,Santa Cruz,California,Santa Cruz,Live Oak,36.98332,-121.98822,4,96,96.5,8423
"Santa Cruz-Watsonville, CA",06-087-1005,PM2.5,San Lorenzo Valley Middle School,California,Santa Cruz,,37.06315,-122.083092,4,96,97.0,8435
"Santa Fe, NM",35-049-0021,O3,3SFA Santa Fe Airport,New Mexico,Santa Fe,,35.61975,-106.07968,4,95,96.5,8402
"Santa Fe, NM",35-049-0021,PM2.5,3SFA Santa Fe Airport,New Mexico,Santa Fe,,35.61975,-106.07968,4,83,93.75,7258
"Santa Maria-Santa Barbara, CA",06-083-0011,O3,Santa Barbara,California,Santa Barbara,Santa Barbara,34.427775,-119.691218,4,96,98.0,8060
"Santa Maria-Santa Barbara, CA",06-083-0011,PM10,Santa Barbara,California,Santa Barbara,Santa Barbara,34.427775,-119.691218,4,96,97.25,8421
"Santa Maria-Santa Barbara, CA",06-083-0011,PM2.5,Santa Barbara,California,Santa Barbara,Santa Barbara,34.427775,-119.691218,4,95,97.25,8337
"Santa Maria-Santa Barbara, CA",06-083-1013,NO2,Lompoc HSP,California,Santa Barbara,Lompoc,34.725352,-120.428717,4,71,82.5,6248
"Santa Maria-Santa Barbara, CA",06-083-1013,O3,Lompoc HSP,California,Santa Barbara,Lompoc,34.725352,-120.428717,4,56,84.0,4609
"Santa Maria-Santa Barbara, CA",06-083-1013,SO2,Lompoc HSP,California,Santa Barbara,Lompoc,34.725352,-120.428717,4,85,87.25,7488
"Santa Maria-Santa Barbara, CA",06-083-1014,NO2,Paradise Road,California,Santa Barbara,Los Padres National Forest,34.54166,-119.79146,4,76,83.5,6626
"Santa Maria-Santa Barbara, CA",06-083-1014,O3,Paradise Road,California,Santa Barbara,Los Padres National Forest,34.54166,-119.79146,4,87,91.75,6851
"Santa Maria-Santa Barbara, CA",06-083-1021,NO2,Carpinteria,California,Santa Barbara,Carpinteria,34.403052,-119.457914,4,72,83.75,6277
"Santa Maria-Santa Barbara, CA",06-083-1021,O3,Carpinteria,California,Santa Barbara,Carpinteria,34.403052,-119.457914,4,77,90.0,6429
"Santa Maria-Santa Barbara, CA",06-083-1025,CO,Los Flores Canyon #1,California,Santa Barbara,Capitan,34.48974,-120.04692,4,84,88.0,7386
"Santa Maria-Santa Barbara, CA",06-083-1025,NO2,Los Flores Canyon #1,California,Santa Barbara,Capitan,34.48974,-120.04692,4,88,92.0,7719
"Santa Maria-Santa Barbara, CA",06-083-1025,O3,Los Flores Canyon #1,California,Santa Barbara,Capitan,34.48974,-120.04692,4,90,94.75,7627
"Santa Maria-Santa Barbara, CA",06-083-1025,PM10,Los Flores Canyon #1,California,Santa Barbara,Capitan,34.48974,-120.04692,4,90,94.5,7882
"Santa Maria-Santa Barbara, CA",06-083-1025,SO2,Los Flores Canyon #1,California,Santa Barbara,Capitan,34.48974,-120.04692,4,87,91.0,7578
"Santa Maria-Santa Barbara, CA",06-083-2004,CO,Lompoc H Street,California,Santa Barbara,Lompoc,34.63782,-120.4575,4,82,86.0,7177
"Santa Maria-Santa Barbara, CA",06-083-2004,NO2,Lompoc H Street,California,Santa Barbara,Lompoc,34.63782,-120.4575,4,78,88.5,6834
"Santa Maria-Santa Barbara, CA",06-083-2004,O3,Lompoc H Street,California,Santa Barbara,Lompoc,34.63782,-120.4575,4,94,97.25,7879
"Santa Maria-Santa Barbara, CA",06-083-2004,PM10,Lompoc H Street,California,Santa Barbara,Lompoc,34.63782,-120.4575,4,96,97.25,8396
"Santa Maria-Santa Barbara, CA",06-083-2004,PM2.5,Lompoc H Street,California,Santa Barbara,Lompoc,34.63782,-120.4575,4,96,97.0,8395
"Santa Maria-Santa Barbara, CA",06-083-2004,SO2,Lompoc H Street,California,Santa Barbara,Lompoc,34.63782,-120.4575,4,89,92.25,7854
"Santa Maria-Santa Barbara, CA",06-083-2011,O3,Goleta,California,Santa Barbara,Goleta,34.44551,-119.8284,4,86,93.25,7249
"Santa Maria-Santa Barbara, CA",06-083-2011,PM10,Goleta,California,Santa Barbara,Goleta,34.44551,-119.8284,4,89,95.5,7755
"Santa Maria-Santa Barbara, CA",06-083-2011,PM2.5,Goleta,California,Santa Barbara,Goleta,34.44551,-119.8284,4,88,94.5,7715
"Santa Maria-Santa Barbara, CA",06-083-3001,O3,Santa Ynez,California,Santa Barbara,,34.605819,-120.075069,4,96,98.0,8091
"Santa Rosa, CA",06-097-0001,PM10,Cloverdale,California,Sonoma,Cloverdale,38.804267,-123.018142,4,82,91.0,7224
"Santa Rosa, CA",06-097-0002,PM10,Healdsburg-Matheson,California,Sonoma,Healdsburg,38.610905,-122.868794,4,92,96.0,8109
"Santa Rosa, CA",06-097-0004,PM2.5,Sebastopol,California,Sonoma,Sebastopol,38.403765,-122.818294,4,91,94.75,7959
"Santa Rosa, CA",06-097-3002,PM10,Guerneville-Church and 1st,California,Sonoma,Guerneville,38.501112,-122.998181,4,91,92.75,7932
"Savannah, GA",13-051-0021,O3,Savannah-E. President,Georgia,Chatham,Savannah,32.06848,-81.04942,4,98,99.5,5712
"Savannah, GA",13-051-0021,SO2,Savannah-E. President,Georgia,Chatham,Savannah,32.06848,-81.04942,4,96,97.75,8369
"Savannah, GA",13-051-1002,PM2.5,Savannah-L&A,Georgia,Chatham,Savannah,32.090779,-81.130222,4,78,92.25,6812
"Savannah, GA",13-051-1002,SO2,Savannah-L&A,Georgia,Chatham,Savannah,32.090779,-81.130222,4,95,96.0,8382
"Sayre, PA",42-015-0011,O3,Towanda,Pennsylvania,Bradford,,41.705226,-76.512726,4,89,93.0,5595
"Scottsbluff, NE",31-157-0004,PM2.5,Scottsbluff Senior High School,Nebraska,Scotts Bluff,Scottsbluff,41.876853,-103.656561,4,88,92.0,7713
"Scranton--Wilkes-Barre--Hazleton, PA",42-069-0101,O3,Peckville,Pennsylvania,Lackawanna,Blakely,41.479116,-75.578186,4,94,95.75,5323
"Scranton--Wilkes-Barre--Hazleton, PA",42-069-2006,CO,Scranton,Pennsylvania,Lackawanna,Scranton,41.442778,-75.623056,4,90,93.0,7876
"Scranton--Wilkes-Barre--Hazleton, PA",42-069-2006,NO2,Scranton,Pennsylvania,Lackawanna,Scranton,41.442778,-75.623056,4,91,93.25,7979
"Scranton--Wilkes-Barre--Hazleton, PA",42-069-2006,O3,Scranton,Pennsylvania,Lackawanna,Scranton,41.442778,-75.623056,4,91,93.5,5261
"Scranton--Wilkes-Barre--Hazleton, PA",42-069-2006,PM2.5,Scranton,Pennsylvania,Lackawanna,Scranton,41.442778,-75.623056,4,71,90.5,6230
"Seattle-Tacoma-Bellevue, WA",53-033-0017,O3,NORTH BEND - NORTH BEND WAY,Washington,King,North Bend (Northbend),47.49022,-121.77278,4,95,98.0,3401
"Seattle-Tacoma-Bellevue, WA",53-033-0023,O3,ENUMCLAW - MUD MTN (Army Corp of Engineers site),Washington,King,Enumclaw,47.1411,-121.9379,4,80,94.25,2910
"Seattle-Tacoma-Bellevue, WA",53-033-0030,NO2,Seattle-10th & Weller,Washington,King,Seattle,47.597222,-122.319722,4,88,90.5,7735
"Seattle-Tacoma-Bellevue, WA",53-033-0030,PM2.5,Seattle-10th & Weller,Washington,King,Seattle,47.597222,-122.319722,4,84,94.5,7320
"Seattle-Tacoma-Bellevue, WA",53-033-0057,PM2.5,SEATTLE - DUWAMISH,Washington,King,Seattle,47.55975,-122.338265,4,96,97.5,8410
"Seattle-Tacoma-Bellevue, WA",53-033-0069,PM2.5,Tukwila Allentown,Washington,King,Tukwila,47.498535,-122.278385,4,74,91.5,6473
"Seattle-Tacoma-Bellevue, WA",53-033-0080,CO,SEATTLE - BEACON HILL,Washington,King,Seattle,47.568236,-122.308628,4,96,97.25,8452
"Seattle-Tacoma-Bellevue, WA",53-033-0080,NO2,SEATTLE - BEACON HILL,Washington,King,Seattle,47.568236,-122.308628,4,88,93.5,7693
"Seattle-Tacoma-Bellevue, WA",53-033-0080,O3,SEATTLE - BEACON HILL,Washington,King,Seattle,47.568236,-122.308628,4,95,97.75,8166
"Seattle-Tacoma-Bellevue, WA",53-033-0080,PM2.5,SEATTLE - BEACON HILL,Washington,King,Seattle,47.568236,-122.308628,4,92,95.5,8074
"Seattle-Tacoma-Bellevue, WA",53-033-0080,SO2,SEATTLE - BEACON HILL,Washington,King,Seattle,47.568236,-122.308628,4,88,93.5,7732
"Seattle-Tacoma-Bellevue, WA",53-053-0012,O3,MT RAINIER - JACKSON VISITIORS CENTER,Washington,Pierce,,46.7841,-121.740367,4,90,94.25,7649
"Seattle-Tacoma-Bellevue, WA",53-053-0024,NO2,Tacoma-S 36th St,Washington,Pierce,Tacoma,47.22634,-122.46256,4,91,95.25,8000
"Seattle-Tacoma-Bellevue, WA",53-053-0024,PM2.5,Tacoma-S 36th St,Washington,Pierce,Tacoma,47.22634,-122.46256,4,97,97.75,8462
"Seattle-Tacoma-Bellevue, WA",53-053-0029,PM2.5,TACOMA - L STREET,Washington,Pierce,Tacoma,47.1864,-122.4517,4,93,95.5,8133
"Seattle-Tacoma-Bellevue, WA",53-061-0020,PM2.5,DARRINGTON - FIR ST (Darrington High School),Washington,Snohomish,Darrington,48.2469,-121.6031,4,96,97.25,8410
"Seattle-Tacoma-Bellevue, WA",53-061-1007,PM2.5,MARYSVILLE - 7TH AVE (Marysville Junior High),Washington,Snohomish,Marysville,48.054315,-122.171529,4,97,97.75,8549
"Sebastian-Vero Beach, FL",12-061-9991,O3,Indian River Lagoon,Florida,Indian River,,27.8492,-80.4554,4,95,97.25,7969
"Sebring, FL",12-055-0003,O3,Archbold Biological Station,Florida,Highlands,Sebring,27.187346,-81.339603,4,95,97.75,8410
"Sevierville, TN",47-155-0101,O3,Great Smoky Mountains NP - Cove Mountain,Tennessee,Sevier,,35.696758,-83.609612,4,69,91.25,5578
"Sevierville, TN",47-155-0102,O3,Great Smoky Mountains NP - Clingman's Dome,Tennessee,Sevier,,35.562872,-83.497941,4,88,94.25,3920
"Sheboygan, WI",55-117-0006,O3,SHEBOYGAN - KOHLER ANDRAE,Wisconsin,Sheboygan,,43.66737,-87.71631,4,100,100.0,4827
"Sheboygan, WI",55-117-0009,O3,SHEBOYGAN - HAVEN,Wisconsin,Sheboygan,Sheboygan,43.815596,-87.792235,4,100,100.0,4778
"Sheridan, WY",56-033-0004,O3,,Wyoming,Sheridan,,44.933611,-106.847222,4,89,96.0,7988
"Show Low, AZ",04-017-1002,PM10,Whiteriver - Fort Apache Reservation,Arizona,Navajo,Whiteriver,33.85815,-109.97029,4,74,91.0,6510
"Shreveport-Bossier City, LA",22-015-0008,O3,Shreveport / Airport,Louisiana,Bossier,Shreveport,32.536273,-93.74894,4,89,95.0,8080
"Shreveport-Bossier City, LA",22-015-0008,PM10,Shreveport / Airport,Louisiana,Bossier,Shreveport,32.536273,-93.74894,4,86,90.5,7571
"Shreveport-Bossier City, LA",22-015-0008,SO2,Shreveport / Airport,Louisiana,Bossier,Shreveport,32.536273,-93.74894,4,94,96.5,8208
"Shreveport-Bossier City, LA",22-017-0001,O3,Dixie,Louisiana,Caddo,,32.68336,-93.861582,4,93,96.5,8269
"Sierra Vista-Douglas, AZ",04-003-0011,PM10,PAUL SPUR CHEMICAL LIME PLANT,Arizona,Cochise,Paul Spur,31.3658,-109.73095,4,86,94.25,7511
"Sierra Vista-Douglas, AZ",04-003-1005,PM10,DOUGLAS RED CROSS,Arizona,Cochise,Douglas,31.3492,-109.539683,4,95,97.5,8310
"Sierra Vista-Douglas, AZ",04-003-8001,O3,Chiricahua NM,Arizona,Cochise,,32.00941,-109.38906,4,96,98.0,8452
"Sioux Falls, SD",46-099-0009,NO2,SF-USD,South Dakota,Minnehaha,Sioux Falls,43.59901,-96.78331,4,73,91.0,6383
"Sioux Falls, SD",46-099-0009,O3,SF-USD,South Dakota,Minnehaha,Sioux Falls,43.59901,-96.78331,4,68,89.5,5979
"Sioux Falls, SD",46-099-0009,PM10,SF-USD,South Dakota,Minnehaha,Sioux Falls,43.59901,-96.78331,4,69,88.25,6070
"Sioux Falls, SD",46-099-0009,PM2.5,SF-USD,South Dakota,Minnehaha,Sioux Falls,43.59901,-96.78331,4,68,88.75,5958
"Sioux Falls, SD",46-099-0009,SO2,SF-USD,South Dakota,Minnehaha,Sioux Falls,43.59901,-96.78331,4,73,92.25,6416
"Somerset, KY",21-199-0003,O3,SOMERSET,Kentucky,Pulaski,Somerset,37.09798,-84.61152,4,98,98.75,5494
"Somerset, KY",21-199-0003,PM2.5,SOMERSET,Kentucky,Pulaski,Somerset,37.09798,-84.61152,4,98,98.5,8600
"Somerset, PA",42-111-9991,O3,Laurel Hill,Pennsylvania,Somerset,,39.9878,-79.2515,4,98,99.25,8217
"Sonora, CA",06-109-0005,O3,Sonora-Barretta Street,California,Tuolumne,Sonora,37.98178,-120.378551,4,68,85.75,5777
"South Bend-Mishawaka, IN-MI",18-141-0010,O3,Potato Creek State Park,Indiana,St. Joseph,,41.551667,-86.370556,4,96,97.5,8458
"South Bend-Mishawaka, IN-MI",18-141-0015,NO2,South Bend-Shields Dr.,Indiana,St. Joseph,South Bend,41.69666,-86.214722,4,82,94.25,7225
"South Bend-Mishawaka, IN-MI",18-141-0015,O3,South Bend-Shields Dr.,Indiana,St. Joseph,South Bend,41.69666,-86.214722,4,91,96.75,8158
"South Bend-Mishawaka, IN-MI",18-141-0015,PM2.5,South Bend-Shields Dr.,Indiana,St. Joseph,South Bend,41.69666,-86.214722,4,99,99.75,8683
"South Bend-Mishawaka, IN-MI",18-141-0016,O3,Granger-Beckley St.,Indiana,St. Joseph,Granger,41.754722,-86.11,4,99,99.5,8623
"South Bend-Mishawaka, IN-MI",26-027-0003,O3,"Cassopolis ROSS BEATTY HIGH SCHOOL, 22721 DIAMOND COVE ST.",Michigan,Cass,Cassopolis,41.89557,-86.001629,4,97,99.25,5379
"Spartanburg, SC",45-083-0009,O3,NORTH SPARTANBURG FIRE STATION #2,South Carolina,Spartanburg,,34.988706,-82.075802,4,98,99.5,6261
"Spokane-Spokane Valley, WA",53-063-0001,O3,CHENEY - TURNBULL,Washington,Spokane,Cheney,47.41645,-117.52997,4,99,99.75,3587
"Spokane-Spokane Valley, WA",53-063-0017,PM10,Spokane Valley-E Broadway Ave,Washington,Spokane,,47.663962,-117.257654,4,77,92.25,6721
"Spokane-Spokane Valley, WA",53-063-0017,PM2.5,Spokane Valley-E Broadway Ave,Washington,Spokane,,47.663962,-117.257654,4,98,98.25,8565
"Spokane-Spokane Valley, WA",53-063-0046,O3,SPOKANE - GREENBLUFF,Washington,Spokane,,47.82728,-117.27422,4,92,96.5,3495
"Spokane-Spokane Valley, WA",53-065-0005,PM10,Colville-E 1St,Washington,Stevens,Colville,48.544448,-117.903425,4,98,98.0,8545
"Spokane-Spokane Valley, WA",53-065-0005,PM2.5,Colville-E 1St,Washington,Stevens,Colville,48.544448,-117.903425,4,97,97.75,8490
"Springfield, IL",17-167-0012,PM2.5,AGRICULTURE BUILDING,Illinois,Sangamon,,39.831921,-89.644164,4,97,98.5,8459
"Springfield, IL",17-167-0014,O3,Illinois Building State Fairgrounds,Illinois,Sangamon,Springfield,39.831522,-89.640926,4,98,99.25,5742
"Springfield, MA",25-013-0008,NO2,WESTOVER AFB,Massachusetts,Hampden,Chicopee,42.19438,-72.555112,4,92,93.25,8032
"Springfield, MA",25-013-0008,O3,WESTOVER AFB,Massachusetts,Hampden,Chicopee,42.19438,-72.555112,4,94,96.25,8296
"Springfield, MA",25-013-0008,PM2.5,WESTOVER AFB,Massachusetts,Hampden,Chicopee,42.19438,-72.555112,4,97,98.75,8527
"Springfield, MA",25-013-0018,NO2,,Massachusetts,Hampden,Springfield,42.120229,-72.584503,4,92,93.5,8078
"Springfield, MA",25-013-0018,PM2.5,,Massachusetts,Hampden,Springfield,42.120229,-72.584503,4,73,90.0,6371
"Springfield, MA",25-013-0018,SO2,,Massachusetts,Hampden,Springfield,42.120229,-72.584503,4,93,94.0,8185
"Springfield, MA",25-015-4002,NO2,QUABBIN RES,Massachusetts,Hampshire,Ware (census name for Ware Center),42.298493,-72.334079,4,90,92.75,7901
"Springfield, MA",25-015-4002,O3,QUABBIN RES,Massachusetts,Hampshire,Ware (census name for Ware Center),42.298493,-72.334079,4,80,92.75,7179
"Springfield, MA",25-015-4002,PM2.5,QUABBIN RES,Massachusetts,Hampshire,Ware (census name for Ware Center),42.298493,-72.334079,4,92,96.75,8068
"Springfield, MA",25-015-4002,SO2,QUABBIN RES,Massachusetts,Hampshire,Ware (census name for Ware Center),42.298493,-72.334079,4,84,91.0,7362
"Springfield, MO",29-077-0036,O3,Hillcrest High School,Missouri,Greene,Springfield,37.256137,-93.299894,4,96,99.0,5570
"Springfield, MO",29-077-0036,PM10,Hillcrest High School,Missouri,Greene,Springfield,37.256137,-93.299894,4,91,95.75,7985
"Springfield, MO",29-077-0036,PM2.5,Hillcrest High School,Missouri,Greene,Springfield,37.256137,-93.299894,4,70,89.5,6106
"Springfield, MO",29-077-0042,O3,Fellows Lake,Missouri,Greene,,37.319186,-93.204411,4,99,99.75,5778
"Springfield, OH",39-023-0001,O3,Springfield Well Fd,Ohio,Clark,Springfield,40.00103,-83.80456,4,99,99.75,5794
"Springfield, OH",39-023-0003,O3,Mud Run,Ohio,Clark,Enon,39.85567,-83.99773,4,98,98.75,5753
"Springfield, OH",39-023-0005,PM2.5,Springfield Fire St1,Ohio,Clark,Springfield,39.92882,-83.80949,4,89,96.25,7789
"St. Cloud, MN",27-145-3052,O3,Talahi School,Minnesota,Stearns,St. Cloud,45.549839,-94.13345,4,64,88.25,3719
"St. Cloud, MN",27-145-3052,PM2.5,Talahi School,Minnesota,Stearns,St. Cloud,45.549839,-94.13345,4,72,92.5,6333
"St. George, UT",49-053-0007,NO2,Hurricane,Utah,Washington,Hurricane,37.179125,-113.305096,4,93,96.0,8132
"St. George, UT",49-053-0007,O3,Hurricane,Utah,Washington,Hurricane,37.179125,-113.305096,4,94,97.0,8266
"St. George, UT",49-053-0007,PM2.5,Hurricane,Utah,Washington,Hurricane,37.179125,-113.305096,4,94,97.75,8234
"St. George, UT",49-053-0130,O3,Zion Canyon,Utah,Washington,Virgin,37.1983,-113.1506,4,98,98.25,8551
"St. Joseph, MO-KS",29-003-0001,O3,Savannah,Missouri,Andrew,,39.9544,-94.849,4,100,100.0,5828
"St. Joseph, MO-KS",29-021-0005,PM10,St. Joseph Pump Station,Missouri,Buchanan,St. Joseph,39.741694,-94.858584,4,99,99.0,8666
"St. Joseph, MO-KS",29-021-0005,PM2.5,St. Joseph Pump Station,Missouri,Buchanan,St. Joseph,39.741694,-94.858584,4,92,96.5,8086
"St. Louis, MO-IL",17-083-0117,O3,JERSEYVILLE WATER TREATMENT PLANT (WTP),Illinois,Jersey,Jerseyville,39.101439,-90.344494,4,89,96.25,5230
"St. Louis, MO-IL",17-083-0117,PM2.5,JERSEYVILLE WATER TREATMENT PLANT (WTP),Illinois,Jersey,Jerseyville,39.101439,-90.344494,4,91,97.25,8001
"St. Louis, MO-IL",17-117-0002,NO2,IEPA TRAILER,Illinois,Macoupin,Nilwood,39.396075,-89.809739,4,98,98.25,8578
"St. Louis, MO-IL",17-117-0002,O3,IEPA TRAILER,Illinois,Macoupin,Nilwood,39.396075,-89.809739,4,93,97.25,5448
"St. Louis, MO-IL",17-117-0002,SO2,IEPA TRAILER,Illinois,Macoupin,Nilwood,39.396075,-89.809739,4,94,96.25,8237
"St. Louis, MO-IL",17-119-0120,O3,ALTON HORACE MANN ELEMENTARY SCHOOL,Illinois,Madison,Alton,38.901362,-90.146308,4,96,97.25,5657
"St. Louis, MO-IL",17-119-3007,O3,WATER PLANT,Illinois,Madison,Wood River,38.860669,-90.105851,4,91,95.0,5421
"St. Louis, MO-IL",17-119-3007,SO2,WATER PLANT,Illinois,Madison,Wood River,38.860669,-90.105851,4,94,96.25,8239
"St. Louis, MO-IL",17-133-9001,SO2,,Illinois,Monroe,,38.15908,-90.22728,4,99,99.0,8636
"St. Louis, MO-IL",17-163-0010,NO2,IEPA-RAPS TRAILER,Illinois,Saint Clair,East Saint Louis,38.612034,-90.160477,4,97,98.75,8490
"St. Louis, MO-IL",17-163-0010,O3,IEPA-RAPS TRAILER,Illinois,Saint Clair,East Saint Louis,38.612034,-90.160477,4,98,99.25,5736
"St. Louis, MO-IL",17-163-0010,SO2,IEPA-RAPS TRAILER,Illinois,Saint Clair,East Saint Louis,38.612034,-90.160477,4,91,95.25,7943
"St. Louis, MO-IL",29-071-9001,SO2,"Valley Site, Labadie",Missouri,Franklin,,38.572522,-90.796911,4,98,98.5,8604
"St. Louis, MO-IL",29-071-9002,SO2,"Labadie, Southwest",Missouri,Franklin,,38.52814,-90.86326,4,99,99.0,8634
"St. Louis, MO-IL",29-099-0019,O3,Arnold West,Missouri,Jefferson,Arnold,38.44853,-90.3986,4,98,99.5,5767
"St. Louis, MO-IL",29-099-0019,PM10,Arnold West,Missouri,Jefferson,Arnold,38.44853,-90.3986,4,95,98.0,8362
"St. Louis, MO-IL",29-099-0019,PM2.5,Arnold West,Missouri,Jefferson,Arnold,38.44853,-90.3986,4,89,92.0,7773
"St. Louis, MO-IL",29-099-0027,SO2,"Herculaneum, Mott Street",Missouri,Jefferson,Herculaneum,38.26351,-90.37993,4,96,98.0,8423
"St. Louis, MO-IL",29-099-9007,SO2,Weaver-AA,Missouri,Jefferson,,38.144972,-90.304783,4,97,97.5,8455
"St. Louis, MO-IL",29-099-9009,SO2,"Rush Island, Natchez",Missouri,Jefferson,,38.10525,-90.29842,4,99,99.0,8635
"St. Louis, MO-IL",29-113-0004,O3,Foley West,Missouri,Lincoln,Foley,39.04577,-90.84927,4,100,100.0,5804
"St. Louis, MO-IL",29-183-1002,O3,West Alton,Missouri,Saint Charles,West Alton,38.872546,-90.226488,4,99,99.75,5805
"St. Louis, MO-IL",29-183-1004,O3,Orchard Farm,Missouri,Saint Charles,,38.8994,-90.44917,4,99,99.5,5765
"St. Louis, MO-IL",29-183-9002,SO2,Northwest,Missouri,Saint Charles,,38.581799,-90.865528,4,98,98.75,8612
"St. Louis, MO-IL",29-183-9004,SO2,,Missouri,Saint Charles,Augusta,38.595607,-90.830618,4,97,98.0,8527
"St. Louis, MO-IL",29-189-0005,O3,Pacific,Missouri,Saint Louis,,38.49015,-90.70509,4,100,100.0,5816
"St. Louis, MO-IL",29-189-0014,O3,Maryland Heights,Missouri,Saint Louis,Maryland Heights,38.71085,-90.47606,4,98,99.25,5739
"St. Louis, MO-IL",29-189-0016,NO2,"Rider Trail, I-70",Missouri,Saint Louis,Bridgeton,38.75264,-90.44884,4,99,99.25,8710
"St. Louis, MO-IL",29-189-0016,SO2,"Rider Trail, I-70",Missouri,Saint Louis,Bridgeton,38.75264,-90.44884,4,91,95.0,7962
"St. Louis, MO-IL",29-189-3001,PM2.5,Ladue,Missouri,Saint Louis,Ladue,38.650329,-90.350313,4,92,95.75,8100
"St. Louis, MO-IL",29-510-0007,PM2.5,South Broadway,Missouri,St. Louis City,St. Louis,38.542551,-90.263711,4,93,95.0,8128
"St. Louis, MO-IL",29-510-0085,CO,Blair Street,Missouri,St. Louis City,St. Louis,38.656429,-90.198348,4,92,95.0,8071
"St. Louis, MO-IL",29-510-0085,NO2,Blair Street,Missouri,St. Louis City,St. Louis,38.656429,-90.198348,4,52,82.5,4585
"St. Louis, MO-IL",29-510-0085,O3,Blair Street,Missouri,St. Louis City,St. Louis,38.656429,-90.198348,4,99,99.5,8639
"St. Louis, MO-IL",29-510-0085,PM10,Blair Street,Missouri,St. Louis City,St. Louis,38.656429,-90.198348,4,97,98.5,8519
"St. Louis, MO-IL",29-510-0085,PM2.5,Blair Street,Missouri,St. Louis City,St. Louis,38.656429,-90.198348,4,98,98.75,8577
"St. Louis, MO-IL",29-510-0085,SO2,Blair Street,Missouri,St. Louis City,St. Louis,38.656429,-90.198348,4,97,97.5,8490
"St. Louis, MO-IL",29-510-0093,PM10,Branch Street,Missouri,St. Louis City,St. Louis,38.656479,-90.189868,4,93,97.0,8184
"St. Louis, MO-IL",29-510-0093,PM2.5,Branch Street,Missouri,St. Louis City,St. Louis,38.656479,-90.189868,4,97,98.25,8496
"St. Louis, MO-IL",29-510-0094,CO,Forest Park,Missouri,St. Louis City,St. Louis,38.63114,-90.28115,4,97,98.0,8495
"St. Louis, MO-IL",29-510-0094,NO2,Forest Park,Missouri,St. Louis City,St. Louis,38.63114,-90.28115,4,91,97.0,7983
"St. Louis, MO-IL",29-510-0094,PM2.5,Forest Park,Missouri,St. Louis City,St. Louis,38.63114,-90.28115,4,94,97.25,8250
"St. Marys, PA",42-047-9991,O3,Kane Exp. Forest,Pennsylvania,Elk,,41.598119,-78.767867,4,98,99.0,8210
"State College, PA",42-027-0100,NO2,State College,Pennsylvania,Centre,State College,40.811389,-77.877028,4,79,87.5,6956
"State College, PA",42-027-0100,O3,State College,Pennsylvania,Centre,State College,40.811389,-77.877028,4,92,94.25,5274
"State College, PA",42-027-0100,PM2.5,State College,Pennsylvania,Centre,State College,40.811389,-77.877028,4,91,95.5,7969
"State College, PA",42-027-0100,SO2,State College,Pennsylvania,Centre,State College,40.811389,-77.877028,4,85,92.0,7473
"State College, PA",42-027-9991,O3,Penn State,Pennsylvania,Centre,,40.7208,-77.9319,4,88,96.25,7673
"Stockton-Lodi, CA",06-077-2010,PM10,Manteca,California,San Joaquin,Manteca,37.793392,-121.247874,4,96,97.0,8410
"Stockton-Lodi, CA",06-077-2010,PM2.5,Manteca,California,San Joaquin,Manteca,37.793392,-121.247874,4,86,94.75,7515
"Stockton-Lodi, CA",06-077-3005,NO2,Tracy-Airport,California,San Joaquin,Tracy,37.682635,-121.442495,4,91,93.0,7963
"Stockton-Lodi, CA",06-077-3005,O3,Tracy-Airport,California,San Joaquin,Tracy,37.682635,-121.442495,4,96,96.5,8161
"Stockton-Lodi, CA",06-077-3005,PM10,Tracy-Airport,California,San Joaquin,Tracy,37.682635,-121.442495,4,96,97.0,8412
"Summerville, GA",13-055-0001,O3,Summerville,Georgia,Chattooga,Summerville,34.474526,-85.408847,4,98,99.5,5725
"Syracuse, NY",36-067-1015,O3,EAST SYRACUSE,New York,Onondaga,East Syracuse,43.05235,-76.05921,4,98,98.5,8494
"Syracuse, NY",36-067-1015,PM2.5,EAST SYRACUSE,New York,Onondaga,East Syracuse,43.05235,-76.05921,4,97,99.0,8457
"Syracuse, NY",36-075-0003,O3,FULTON,New York,Oswego,Fulton,43.28428,-76.46324,4,96,97.75,8320
"Tallahassee, FL",12-073-0012,O3,Tallahassee Community College,Florida,Leon,Tallahassee,30.43973,-84.346302,4,92,94.25,8304
"Tallahassee, FL",12-129-0001,O3,St. Marks Wildlife Refuge,Florida,Wakulla,Saint Marks,30.0925,-84.161111,4,94,94.75,8376
"Tallahassee, FL",12-129-0001,SO2,St. Marks Wildlife Refuge,Florida,Wakulla,Saint Marks,30.0925,-84.161111,4,91,94.5,7941
"Tampa-St. Petersburg-Clearwater, FL",12-057-0081,O3,E.G. Simmons Park,Florida,Hillsborough,Ruskin,27.739554,-82.46505,4,89,96.25,8002
"Tampa-St. Petersburg-Clearwater, FL",12-057-0083,PM10,Gardinier Park,Florida,Hillsborough,Tampa,27.864282,-82.383346,4,86,90.5,7553
"Tampa-St. Petersburg-Clearwater, FL",12-057-0109,SO2,East Bay,Florida,Hillsborough,Tampa,27.854176,-82.383728,4,91,95.25,8036
"Tampa-St. Petersburg-Clearwater, FL",12-057-0112,SO2,Apollo Beach,Florida,Hillsborough,Apollo Beach,27.779712,-82.419835,4,67,89.75,5890
"Tampa-St. Petersburg-Clearwater, FL",12-057-0113,CO,Munro Street (Near-Road),Florida,Hillsborough,Tampa,27.95555,-82.46958,4,56,70.0,4912
"Tampa-St. Petersburg-Clearwater, FL",12-057-0113,NO2,Munro Street (Near-Road),Florida,Hillsborough,Tampa,27.95555,-82.46958,4,92,93.25,8043
"Tampa-St. Petersburg-Clearwater, FL",12-057-0113,PM2.5,Munro Street (Near-Road),Florida,Hillsborough,Tampa,27.95555,-82.46958,4,96,97.25,8451
"Tampa-St. Petersburg-Clearwater, FL",12-057-1035,O3,Davis Island,Florida,Hillsborough,Tampa,27.929316,-82.453519,4,95,97.25,8357
"Tampa-St. Petersburg-Clearwater, FL",12-057-1035,PM10,Davis Island,Florida,Hillsborough,Tampa,27.929316,-82.453519,4,100,100.0,8010
"Tampa-St. Petersburg-Clearwater, FL",12-057-1035,SO2,Davis Island,Florida,Hillsborough,Tampa,27.929316,-82.453519,4,93,95.0,8170
"Tampa-St. Petersburg-Clearwater, FL",12-057-1065,O3,USMC Reserve Center (Gandy),Florida,Hillsborough,Tampa,27.893327,-82.53776,4,95,97.0,8332
"Tampa-St. Petersburg-Clearwater, FL",12-057-3002,CO,SYDNEY,Florida,Hillsborough,Valrico,27.965744,-82.230596,4,88,93.5,7726
"Tampa-St. Petersburg-Clearwater, FL",12-057-3002,O3,SYDNEY,Florida,Hillsborough,Valrico,27.965744,-82.230596,4,97,98.75,8558
"Tampa-St. Petersburg-Clearwater, FL",12-057-3002,PM2.5,SYDNEY,Florida,Hillsborough,Valrico,27.965744,-82.230596,4,89,94.25,7812
"Tampa-St. Petersburg-Clearwater, FL",12-057-3002,SO2,SYDNEY,Florida,Hillsborough,Valrico,27.965744,-82.230596,4,96,98.0,8450
"Tampa-St. Petersburg-Clearwater, FL",12-101-0005,O3,San Antonio,Florida,Pasco,Dade City,28.33168,-82.304536,4,96,97.75,8455
"Tampa-St. Petersburg-Clearwater, FL",12-101-2001,O3,Holiday,Florida,Pasco,Holiday,28.195574,-82.756264,4,93,97.0,8269
"Tampa-St. Petersburg-Clearwater, FL",12-103-0004,O3,Clearwater,Florida,Pinellas,Clearwater,27.971283,-82.73666,4,95,97.25,8340
"Tampa-St. Petersburg-Clearwater, FL",12-103-0004,PM2.5,Clearwater,Florida,Pinellas,Clearwater,27.971283,-82.73666,4,97,98.5,8495
"Tampa-St. Petersburg-Clearwater, FL",12-103-0012,PM10,Woodlawn,Florida,Pinellas,Saint Petersburg,27.785193,-82.658896,4,91,94.25,8027
"Tampa-St. Petersburg-Clearwater, FL",12-103-0018,NO2,Azalea Park,Florida,Pinellas,Saint Petersburg,27.791304,-82.739593,4,95,97.0,8309
"Tampa-St. Petersburg-Clearwater, FL",12-103-0018,O3,Azalea Park,Florida,Pinellas,Saint Petersburg,27.791304,-82.739593,4,95,97.0,8434
"Tampa-St. Petersburg-Clearwater, FL",12-103-0018,PM10,Azalea Park,Florida,Pinellas,Saint Petersburg,27.791304,-82.739593,4,89,95.75,7824
"Tampa-St. Petersburg-Clearwater, FL",12-103-0018,PM2.5,Azalea Park,Florida,Pinellas,Saint Petersburg,27.791304,-82.739593,4,89,95.75,7824
"Tampa-St. Petersburg-Clearwater, FL",12-103-0023,SO2,Derby Lane,Florida,Pinellas,Saint Petersburg,27.863649,-82.623532,4,91,95.0,8036
"Tampa-St. Petersburg-Clearwater, FL",12-103-0027,CO,Sawgrass Lake Park (Near-Road),Florida,Pinellas,Saint Petersburg,27.834409,-82.665251,4,93,96.0,8149
"Tampa-St. Petersburg-Clearwater, FL",12-103-0027,NO2,Sawgrass Lake Park (Near-Road),Florida,Pinellas,Saint Petersburg,27.834409,-82.665251,4,95,97.5,8346
"Tampa-St. Petersburg-Clearwater, FL",12-103-3004,PM10,County Motorpool,Florida,Pinellas,Largo,27.895061,-82.77457,4,94,95.5,8257
"Tampa-St. Petersburg-Clearwater, FL",12-103-5002,O3,John Chesnut Sr. Park - East Lake,Florida,Pinellas,Tarpon Springs,28.090074,-82.700636,4,96,97.25,8420
"Tampa-St. Petersburg-Clearwater, FL",12-103-5003,SO2,Oakwood,Florida,Pinellas,Tarpon Springs,28.141893,-82.739899,4,95,96.5,8301
"Taos, NM",35-055-0005,PM2.5,3ZD Taos,New Mexico,Taos,Taos,36.383359,-105.5839,4,84,93.5,7381
"Terre Haute, IN",18-167-0018,O3,TERRE HAUTE CAAP/ McLean High School,Indiana,Vigo,Terre Haute,39.485987,-87.401312,4,94,97.0,8128
"Terre Haute, IN",18-167-0018,PM2.5,TERRE HAUTE CAAP/ McLean High School,Indiana,Vigo,Terre Haute,39.485987,-87.401312,4,95,96.25,8338
"Terre Haute, IN",18-167-0018,SO2,TERRE HAUTE CAAP/ McLean High School,Indiana,Vigo,Terre Haute,39.485987,-87.401312,4,96,97.5,8441
"Terre Haute, IN",18-167-0024,O3,Sandcut/  SITE LOCATED BY HOME BEHIND SHED.,Indiana,Vigo,,39.558525,-87.312883,4,97,98.25,8537
"Texarkana, TX-AR",48-037-1031,PM2.5,Texarkana New Boston,Texas,Bowie,Texarkana,33.436223,-94.077756,4,88,95.0,7689
"Toledo, OH",39-095-0024,O3,Erie,Ohio,Lucas,Toledo,41.644067,-83.54616,4,91,97.75,5245
"Toledo, OH",39-095-0027,O3,Waterville,Ohio,Lucas,Waterville,41.4942,-83.718949,4,97,98.75,5615
"Toledo, OH",39-095-0035,O3,Cooley,Ohio,Lucas,,41.669001,-83.28717,4,97,98.5,5626
"Toledo, OH",39-173-0003,O3,Bowling Green,Ohio,Wood,Bowling Green,41.377685,-83.611104,4,98,99.0,5517
"Topeka, KS",20-177-0013,O3,KNI,Kansas,Shawnee,Topeka,39.024265,-95.711275,4,91,96.25,7860
"Topeka, KS",20-177-0013,PM10,KNI,Kansas,Shawnee,Topeka,39.024265,-95.711275,4,72,87.25,6297
"Topeka, KS",20-177-0013,PM2.5,KNI,Kansas,Shawnee,Topeka,39.024265,-95.711275,4,72,87.25,6297
"Torrington, CT",09-005-0005,CO,Mohawk Mt-Cornwall,Connecticut,Litchfield,Cornwall,41.821342,-73.297257,4,56,65.0,4906
"Torrington, CT",09-005-0005,O3,Mohawk Mt-Cornwall,Connecticut,Litchfield,Cornwall,41.821342,-73.297257,4,94,95.5,7973
"Torrington, CT",09-005-0005,PM2.5,Mohawk Mt-Cornwall,Connecticut,Litchfield,Cornwall,41.821342,-73.297257,4,88,92.25,7703
"Torrington, CT",09-005-0005,SO2,Mohawk Mt-Cornwall,Connecticut,Litchfield,Cornwall,41.821342,-73.297257,4,93,94.0,8150
"Traverse City, MI",26-019-0003,O3,"1060 West St, Benzonia Twp, MI",Michigan,Benzie,Benzonia,44.616943,-86.109408,4,97,99.0,5566
"Trenton, NJ",34-021-0005,O3,Rider University,New Jersey,Mercer,Lawrence (Township of),40.283092,-74.742613,4,97,99.0,8340
"Trenton, NJ",34-021-0005,PM2.5,Rider University,New Jersey,Mercer,Lawrence (Township of),40.283092,-74.742613,4,86,90.75,7493
"Trenton, NJ",34-021-0008,PM2.5,Trenton,New Jersey,Mercer,Trenton,40.222411,-74.763167,4,73,90.5,6413
"Trenton, NJ",34-021-9991,O3,Wash. Crossing,New Jersey,Mercer,,40.3125,-74.8729,4,94,97.5,8099
"Truckee-Grass Valley, CA",06-057-0005,PM2.5,Grass Valley-Litton Building,California,Nevada,Grass Valley,39.233477,-121.055608,4,92,96.25,8096
"Tucson, AZ",04-019-0001,PM10,AJO,Arizona,Pima,Ajo,32.382036,-112.857453,4,96,97.5,8447
"Tucson, AZ",04-019-0008,PM10,CORONA DE TUCSON,Arizona,Pima,Corona de Tucson,32.004707,-110.792593,4,80,92.25,7019
"Tucson, AZ",04-019-0011,PM10,ORANGE GROVE,Arizona,Pima,Tucson,32.322661,-111.038389,4,97,98.0,8504
"Tucson, AZ",04-019-0011,PM2.5,ORANGE GROVE,Arizona,Pima,Tucson,32.322661,-111.038389,4,96,97.25,8413
"Tucson, AZ",04-019-0020,PM10,RILLITO,Arizona,Pima,Rillito,32.414344,-111.154544,4,93,97.5,8176
"Tucson, AZ",04-019-0021,O3,Saguaro NP,Arizona,Pima,,32.174538,-110.737116,4,98,99.0,8503
"Tucson, AZ",04-019-1001,PM10,SOUTH TUCSON,Arizona,Pima,South Tucson,32.201978,-110.967905,4,90,95.5,7915
"Tucson, AZ",04-019-1011,NO2,22ND & CRAYCROFT,Arizona,Pima,Tucson,32.204411,-110.878067,4,97,97.75,8529
"Tucson, AZ",04-019-1011,O3,22ND & CRAYCROFT,Arizona,Pima,Tucson,32.204411,-110.878067,4,99,99.5,8583
"Tucson, AZ",04-019-1014,CO,22ND & ALVERNON,Arizona,Pima,Tucson,32.20739,-110.910619,4,96,97.25,8431
"Tucson, AZ",04-019-1018,O3,TANGERINE,Arizona,Pima,Marana,32.425261,-111.06352,4,97,99.0,8453
"Tucson, AZ",04-019-1018,PM10,TANGERINE,Arizona,Pima,Marana,32.425261,-111.06352,4,96,97.5,8384
"Tucson, AZ",04-019-1020,O3,FAIRGROUNDS,Arizona,Pima,Tucson,32.04767,-110.774357,4,94,97.25,8157
"Tucson, AZ",04-019-1028,CO,CHILDREN'S PARK NCore,Arizona,Pima,Tucson,32.29515,-110.9823,4,95,96.75,8346
"Tucson, AZ",04-019-1028,NO2,CHILDREN'S PARK NCore,Arizona,Pima,Tucson,32.29515,-110.9823,4,94,95.75,8247
"Tucson, AZ",04-019-1028,O3,CHILDREN'S PARK NCore,Arizona,Pima,Tucson,32.29515,-110.9823,4,98,99.0,8531
"Tucson, AZ",04-019-1028,PM2.5,CHILDREN'S PARK NCore,Arizona,Pima,Tucson,32.29515,-110.9823,4,96,96.5,8441
"Tucson, AZ",04-019-1028,SO2,CHILDREN'S PARK NCore,Arizona,Pima,Tucson,32.29515,-110.9823,4,94,97.0,8206
"Tucson, AZ",04-019-1030,O3,GREEN VALLEY  -REPLACES SITE 0007 245 W ESPERANZA,Arizona,Pima,Green Valley,31.87952,-110.99644,4,88,96.25,7630
"Tucson, AZ",04-019-1030,PM10,GREEN VALLEY  -REPLACES SITE 0007 245 W ESPERANZA,Arizona,Pima,Green Valley,31.87952,-110.99644,4,97,97.75,8494
"Tucson, AZ",04-019-1032,O3,ROSE ELEMENTARY,Arizona,Pima,Tucson,32.172995,-110.980134,4,90,93.5,7798
"Tucson, AZ",04-019-1034,O3,COACHLINE,Arizona,Pima,Marana,32.38082,-111.12716,4,95,97.75,8199
"Tucson, AZ",04-019-1113,PM10,GERONIMO,Arizona,Pima,Tucson,32.251843,-110.965293,4,97,97.75,8524
"Tulsa, OK",40-037-0144,O3,MANNFORD,Oklahoma,Creek,Mannford,36.105481,-96.361196,4,89,95.25,6013
"Tulsa, OK",40-113-0226,O3,Skiatook,Oklahoma,Osage,Skiatook,36.35586,-96.01243,4,93,96.25,6941
"Tulsa, OK",40-143-0174,O3,Glenpool,Oklahoma,Tulsa,Glenpool,35.953708,-96.004975,4,89,95.25,6666
"Tulsa, OK",40-143-0174,PM2.5,Glenpool,Oklahoma,Tulsa,Glenpool,35.953708,-96.004975,4,84,95.25,7375
"Tulsa, OK",40-143-0175,SO2,Tulsa Newblock,Oklahoma,Tulsa,Tulsa,36.149877,-96.011664,4,79,94.0,6929
"Tulsa, OK",40-143-0178,O3,TULSA EAST,Oklahoma,Tulsa,Tulsa,36.133802,-95.764537,4,90,95.75,5909
"Tulsa, OK",40-143-1127,CO,TULSA CENTRAL,Oklahoma,Tulsa,Tulsa,36.204902,-95.976537,4,77,87.75,6741
"Tulsa, OK",40-143-1127,NO2,TULSA CENTRAL,Oklahoma,Tulsa,Tulsa,36.204902,-95.976537,4,96,96.5,8366
"Tulsa, OK",40-143-1127,O3,TULSA CENTRAL,Oklahoma,Tulsa,Tulsa,36.204902,-95.976537,4,97,97.75,8493
"Tulsa, OK",40-143-1127,PM10,TULSA CENTRAL,Oklahoma,Tulsa,Tulsa,36.204902,-95.976537,4,95,96.25,8333
"Tulsa, OK",40-143-1127,PM2.5,TULSA CENTRAL,Oklahoma,Tulsa,Tulsa,36.204902,-95.976537,4,95,96.75,8333
"Tulsa, OK",40-143-1127,SO2,TULSA CENTRAL,Oklahoma,Tulsa,Tulsa,36.204902,-95.976537,4,92,95.5,8081
"Tupelo, MS",28-081-0005,O3,TUPELO AIRPORT NEAR OLD NWS OFFICE,Mississippi,Lee,Tupelo,34.264917,-88.766222,4,97,98.75,5609
"Tyler, TX",48-423-0007,NO2,Tyler Airport Relocated,Texas,Smith,Tyler,32.344019,-95.415752,4,85,91.5,7425
"Tyler, TX",48-423-0007,O3,Tyler Airport Relocated,Texas,Smith,Tyler,32.344019,-95.415752,4,97,98.25,8363
"Ukiah, CA",06-045-0006,PM2.5,Ukiah-Library,California,Mendocino,Ukiah,39.15047,-123.20655,4,92,94.0,8051
"Ukiah, CA",06-045-0008,O3,Ukiah-Gobbi Street,California,Mendocino,Ukiah,39.14566,-123.20298,4,74,90.5,6446
"Ukiah, CA",06-045-0010,PM10,Fort Bragg-300 Dana Street,California,Mendocino,Fort Bragg,39.43734,-123.78766,4,90,93.0,7879
"Ukiah, CA",06-045-2003,PM2.5,Willits-Blosser Lane,California,Mendocino,Willits,39.39861,-123.35872,4,87,91.75,7612
"Urban Honolulu, HI",15-003-0010,CO,Kapolei,Hawaii,Honolulu,,21.323745,-158.088613,4,76,86.75,6696
"Urban Honolulu, HI",15-003-0010,NO2,Kapolei,Hawaii,Honolulu,,21.323745,-158.088613,4,68,89.25,5925
"Urban Honolulu, HI",15-003-0010,O3,Kapolei,Hawaii,Honolulu,,21.323745,-158.088613,4,91,94.0,8013
"Urban Honolulu, HI",15-003-0010,PM10,Kapolei,Hawaii,Honolulu,,21.323745,-158.088613,4,76,90.5,6615
"Urban Honolulu, HI",15-003-0010,PM2.5,Kapolei,Hawaii,Honolulu,,21.323745,-158.088613,4,89,92.5,7756
"Urban Honolulu, HI",15-003-0010,SO2,Kapolei,Hawaii,Honolulu,,21.323745,-158.088613,4,95,97.0,8354
"Urban Honolulu, HI",15-003-1001,CO,Honolulu,Hawaii,Honolulu,Honolulu,21.30758,-157.85542,4,77,84.75,6745
"Urban Honolulu, HI",15-003-1001,PM10,Honolulu,Hawaii,Honolulu,Honolulu,21.30758,-157.85542,4,83,95.5,7231
"Urban Honolulu, HI",15-003-1001,PM2.5,Honolulu,Hawaii,Honolulu,Honolulu,21.30758,-157.85542,4,96,98.25,8396
"Urban Honolulu, HI",15-003-1001,SO2,Honolulu,Hawaii,Honolulu,Honolulu,21.30758,-157.85542,4,89,94.25,7777
"Urban Honolulu, HI",15-003-1004,O3,Sand Island,Hawaii,Honolulu,Honolulu,21.303382,-157.871171,4,88,93.25,7697
"Urban Honolulu, HI",15-003-1004,PM2.5,Sand Island,Hawaii,Honolulu,Honolulu,21.303382,-157.871171,4,96,97.25,8400
"Urban Honolulu, HI",15-003-4001,SO2,HECO - KAHE,Hawaii,Honolulu,,21.367833,-158.105278,4,73,91.75,6423
"Valdosta, GA",13-185-0003,PM2.5,Valdosta,Georgia,Lowndes,Valdosta,30.8486,-83.2933,4,92,96.0,8111
"Vallejo-Fairfield, CA",06-095-0004,PM2.5,Vallejo,California,Solano,Vallejo,38.102507,-122.237976,4,87,94.75,7633
"Vallejo-Fairfield, CA",06-095-3003,O3,Vacaville-Ulatis Drive,California,Solano,Vacaville,38.35655,-121.94986,4,98,99.0,8581
"Vernal, UT",49-047-0014,O3,Little Mountain,Utah,Uintah,,40.538,-109.7,4,56,80.0,4896
"Vernal, UT",49-047-1002,O3,Dinosaur NM - West Entrance Housing,Utah,Uintah,,40.4372,-109.3047,4,98,98.75,8448
"Vernal, UT",49-047-1004,NO2,Vernal #4,Utah,Uintah,Vernal,40.46471,-109.561472,4,97,97.75,8500
"Vernal, UT",49-047-1004,O3,Vernal #4,Utah,Uintah,Vernal,40.46471,-109.561472,4,98,98.5,8570
"Vernal, UT",49-047-1004,PM2.5,Vernal #4,Utah,Uintah,Vernal,40.46471,-109.561472,4,98,99.5,8586
"Vernal, UT",49-047-2002,NO2,,Utah,Uintah,,40.206291,-109.353932,4,83,92.25,7270
"Vernal, UT",49-047-2002,O3,,Utah,Uintah,,40.206291,-109.353932,4,81,89.5,7099
"Vernal, UT",49-047-2003,NO2,,Utah,Uintah,,40.05671,-109.688108,4,90,94.5,7943
"Vernal, UT",49-047-2003,O3,,Utah,Uintah,,40.05671,-109.688108,4,87,93.25,7729
"Vernal, UT",49-047-7022,NO2,STATION NEAR INTERSECTION OF WHITEROCK CANYON RD & QURAY CANAL,Utah,Uintah,,40.483598,-109.906796,4,97,97.75,8495
"Vernal, UT",49-047-7022,O3,STATION NEAR INTERSECTION OF WHITEROCK CANYON RD & QURAY CANAL,Utah,Uintah,,40.483598,-109.906796,4,98,98.5,8625
"Victoria, TX",48-469-0003,O3,Victoria,Texas,Victoria,Victoria,28.836212,-97.005521,4,96,97.25,8398
"Vincennes, IN",18-083-9991,O3,Vincennes,Indiana,Knox,,38.7408,-87.4853,4,93,97.25,8174
"Vineland-Bridgeton, NJ",34-011-0007,NO2,Millville,New Jersey,Cumberland,Millville,39.422273,-75.025204,4,96,96.75,8400
"Vineland-Bridgeton, NJ",34-011-0007,O3,Millville,New Jersey,Cumberland,Millville,39.422273,-75.025204,4,94,97.75,7896
"Vineland-Bridgeton, NJ",34-011-0007,PM2.5,Millville,New Jersey,Cumberland,Millville,39.422273,-75.025204,4,78,89.25,6790
"Vineyard Haven, MA",25-007-0001,O3,"1 HERRING CREEK RD, AQUINNAH (WAMPANOAG TRIBAL SITE)",Massachusetts,Dukes,Aquinnah,41.330469,-70.785225,4,96,96.75,8338
"Virginia Beach-Norfolk-Newport News, VA-NC",51-650-0008,CO,NASA Langley Research Center,Virginia,Hampton City,Hampton,37.103733,-76.387017,4,94,96.25,8271
"Virginia Beach-Norfolk-Newport News, VA-NC",51-650-0008,NO2,NASA Langley Research Center,Virginia,Hampton City,Hampton,37.103733,-76.387017,4,96,97.25,8428
"Virginia Beach-Norfolk-Newport News, VA-NC",51-650-0008,O3,NASA Langley Research Center,Virginia,Hampton City,Hampton,37.103733,-76.387017,4,98,99.5,5710
"Virginia Beach-Norfolk-Newport News, VA-NC",51-650-0008,PM10,NASA Langley Research Center,Virginia,Hampton City,Hampton,37.103733,-76.387017,4,63,90.25,5501
"Virginia Beach-Norfolk-Newport News, VA-NC",51-650-0008,PM2.5,NASA Langley Research Center,Virginia,Hampton City,Hampton,37.103733,-76.387017,4,99,99.25,8634
"Virginia Beach-Norfolk-Newport News, VA-NC",51-650-0008,SO2,NASA Langley Research Center,Virginia,Hampton City,Hampton,37.103733,-76.387017,4,97,97.5,8492
"Virginia Beach-Norfolk-Newport News, VA-NC",51-710-0024,NO2,NOAA,Virginia,Norfolk City,Norfolk,36.85555,-76.30135,4,96,96.75,8378
"Virginia Beach-Norfolk-Newport News, VA-NC",51-710-0024,SO2,NOAA,Virginia,Norfolk City,Norfolk,36.85555,-76.30135,4,96,96.75,8404
"Virginia Beach-Norfolk-Newport News, VA-NC",51-800-0004,O3,Tidewater Community College,Virginia,Suffolk City,Suffolk,36.90118,-76.43808,4,99,99.25,5741
"Virginia Beach-Norfolk-Newport News, VA-NC",51-800-0005,O3,"VA Tech Agricultural Research Station, Holland",Virginia,Suffolk City,Suffolk,36.66525,-76.73078,4,96,98.0,5587
"Visalia-Porterville, CA",06-107-0006,O3,Sequoia & Kings Canyon NPs - Lower Kaweah,California,Tulare,,36.566128,-118.7777,4,61,83.25,3148
"Visalia-Porterville, CA",06-107-0009,O3,Sequoia & Kings Canyon NPs - Ash Mountain,California,Tulare,,36.48947,-118.82915,4,93,96.25,8087
"Visalia-Porterville, CA",06-107-0009,PM2.5,Sequoia & Kings Canyon NPs - Ash Mountain,California,Tulare,,36.48947,-118.82915,4,91,93.75,7970
"Visalia-Porterville, CA",06-107-2010,O3,Porterville,California,Tulare,Porterville,36.031831,-119.055018,4,91,95.25,7760
"Wabash, IN",18-169-9991,O3,Salamonie Reservoir,Indiana,Wabash,,40.816038,-85.661408,4,99,99.5,8336
"Waco, TX",48-309-1037,CO,Waco Mazanec,Texas,McLennan,Waco,31.653084,-97.070699,4,95,96.0,8307
"Waco, TX",48-309-1037,O3,Waco Mazanec,Texas,McLennan,Waco,31.653084,-97.070699,4,93,95.75,8173
"Waco, TX",48-309-1037,SO2,Waco Mazanec,Texas,McLennan,Waco,31.653084,-97.070699,4,89,94.5,7783
"Walla Walla, WA",53-013-9991,O3,Confederated Tribes of the Umatilla Indian Reservation,Washington,Columbia,,46.2026,-117.9539,4,95,97.75,8203
"Walla Walla, WA",53-071-0006,PM10,BURBANK - MAPLE ST,Washington,Walla Walla,Burbank,46.199901,-119.008329,4,97,98.0,8543
"Warner Robins, GA",13-153-0001,PM2.5,Warner Robins,Georgia,Houston,Warner Robins,32.6056,-83.5978,4,98,99.0,8583
"Warren, PA",42-123-0004,SO2,WARREN OVERLOOK,Pennsylvania,Warren,,41.844722,-79.169722,4,90,92.25,7916
"Warren, PA",42-123-0005,SO2,Warren East,Pennsylvania,Warren,Warren,41.825708,-79.119952,4,88,90.75,7718
"Washington, NC",37-013-0151,SO2,Bayview Ferry,North Carolina,Beaufort,Bath,35.428,-76.7399,4,93,94.75,8115
"Washington-Arlington-Alexandria, DC-VA-MD-WV",11-001-0041,NO2,RIVER TERRACE,District Of Columbia,District of Columbia,Washington,38.895572,-76.958072,4,92,93.75,8054
"Washington-Arlington-Alexandria, DC-VA-MD-WV",11-001-0041,O3,RIVER TERRACE,District Of Columbia,District of Columbia,Washington,38.895572,-76.958072,4,95,98.0,8233
"Washington-Arlington-Alexandria, DC-VA-MD-WV",11-001-0041,PM2.5,RIVER TERRACE,District Of Columbia,District of Columbia,Washington,38.895572,-76.958072,4,98,98.5,8568
"Washington-Arlington-Alexandria, DC-VA-MD-WV",11-001-0043,CO,MCMILLAN  NCore-PAMS,District Of Columbia,District of Columbia,Washington,38.921847,-77.013178,4,95,97.0,8377
"Washington-Arlington-Alexandria, DC-VA-MD-WV",11-001-0043,NO2,MCMILLAN  NCore-PAMS,District Of Columbia,District of Columbia,Washington,38.921847,-77.013178,4,94,96.25,8241
"Washington-Arlington-Alexandria, DC-VA-MD-WV",11-001-0043,O3,MCMILLAN  NCore-PAMS,District Of Columbia,District of Columbia,Washington,38.921847,-77.013178,4,98,98.5,8454
"Washington-Arlington-Alexandria, DC-VA-MD-WV",11-001-0043,PM10,MCMILLAN  NCore-PAMS,District Of Columbia,District of Columbia,Washington,38.921847,-77.013178,4,97,98.25,8492
"Washington-Arlington-Alexandria, DC-VA-MD-WV",11-001-0043,PM2.5,MCMILLAN  NCore-PAMS,District Of Columbia,District of Columbia,Washington,38.921847,-77.013178,4,97,97.75,8517
"Washington-Arlington-Alexandria, DC-VA-MD-WV",11-001-0043,SO2,MCMILLAN  NCore-PAMS,District Of Columbia,District of Columbia,Washington,38.921847,-77.013178,4,92,95.0,8104
"Washington-Arlington-Alexandria, DC-VA-MD-WV",11-001-0051,CO,Near Road,District Of Columbia,District of Columbia,Washington,38.89477,-76.953426,4,96,96.75,8394
"Washington-Arlington-Alexandria, DC-VA-MD-WV",11-001-0051,NO2,Near Road,District Of Columbia,District of Columbia,Washington,38.89477,-76.953426,4,93,94.75,8145
"Washington-Arlington-Alexandria, DC-VA-MD-WV",11-001-0051,PM2.5,Near Road,District Of Columbia,District of Columbia,Washington,38.89477,-76.953426,4,97,98.0,8483
"Washington-Arlington-Alexandria, DC-VA-MD-WV",11-001-0053,PM2.5,King Greenleaf Rec Center,District Of Columbia,District of Columbia,Washington,38.875161,-77.012816,4,97,97.5,8465
"Washington-Arlington-Alexandria, DC-VA-MD-WV",24-009-0011,O3,Calvert,Maryland,Calvert,Prince Frederick,38.536722,-76.617194,4,91,95.75,5418
"Washington-Arlington-Alexandria, DC-VA-MD-WV",24-017-0010,O3,Southern Maryland,Maryland,Charles,,38.508547,-76.811864,4,95,97.75,5643
"Washington-Arlington-Alexandria, DC-VA-MD-WV",24-021-0037,O3,Frederick Airport,Maryland,Frederick,Frederick,39.42276,-77.37519,4,95,97.0,5694
"Washington-Arlington-Alexandria, DC-VA-MD-WV",24-031-3001,O3,Rockville,Maryland,Montgomery,,39.114313,-77.106876,4,99,99.5,5828
"Washington-Arlington-Alexandria, DC-VA-MD-WV",24-031-3001,PM2.5,Rockville,Maryland,Montgomery,,39.114313,-77.106876,4,95,96.0,8337
"Washington-Arlington-Alexandria, DC-VA-MD-WV",24-033-0030,CO,HU-Beltsville,Maryland,Prince George's,Beltsville,39.055277,-76.878333,4,91,93.75,7950
"Washington-Arlington-Alexandria, DC-VA-MD-WV",24-033-0030,NO2,HU-Beltsville,Maryland,Prince George's,Beltsville,39.055277,-76.878333,4,94,96.5,8246
"Washington-Arlington-Alexandria, DC-VA-MD-WV",24-033-0030,O3,HU-Beltsville,Maryland,Prince George's,Beltsville,39.055277,-76.878333,4,89,94.5,7872
"Washington-Arlington-Alexandria, DC-VA-MD-WV",24-033-0030,SO2,HU-Beltsville,Maryland,Prince George's,Beltsville,39.055277,-76.878333,4,94,96.0,8236
"Washington-Arlington-Alexandria, DC-VA-MD-WV",24-033-8003,O3,PG Equestrian Center,Maryland,Prince George's,Greater Upper Marlboro,38.81194,-76.74417,4,97,98.0,5716
"Washington-Arlington-Alexandria, DC-VA-MD-WV",24-033-9991,O3,Beltsville,Maryland,Prince George's,,39.0284,-76.8171,4,92,93.75,7943
"Washington-Arlington-Alexandria, DC-VA-MD-WV",51-013-0020,CO,Aurora Hills Visitors Center,Virginia,Arlington,Arlington,38.8577,-77.05922,4,91,94.75,7970
"Washington-Arlington-Alexandria, DC-VA-MD-WV",51-013-0020,NO2,Aurora Hills Visitors Center,Virginia,Arlington,Arlington,38.8577,-77.05922,4,95,97.0,8328
"Washington-Arlington-Alexandria, DC-VA-MD-WV",51-013-0020,O3,Aurora Hills Visitors Center,Virginia,Arlington,Arlington,38.8577,-77.05922,4,99,99.5,8527
"Washington-Arlington-Alexandria, DC-VA-MD-WV",51-059-0030,O3,Lee District Park,Virginia,Fairfax,Groveton,38.77335,-77.10468,4,98,98.75,8450
"Washington-Arlington-Alexandria, DC-VA-MD-WV",51-059-0030,PM10,Lee District Park,Virginia,Fairfax,Groveton,38.77335,-77.10468,4,91,96.25,7982
"Washington-Arlington-Alexandria, DC-VA-MD-WV",51-059-0030,PM2.5,Lee District Park,Virginia,Fairfax,Groveton,38.77335,-77.10468,4,96,98.25,8371
"Washington-Arlington-Alexandria, DC-VA-MD-WV",51-059-0030,SO2,Lee District Park,Virginia,Fairfax,Groveton,38.77335,-77.10468,4,95,96.75,8354
"Washington-Arlington-Alexandria, DC-VA-MD-WV",51-059-0031,CO,Springfield Near Road Site,Virginia,Fairfax,Springfield,38.76835,-77.18347,4,95,96.75,8358
"Washington-Arlington-Alexandria, DC-VA-MD-WV",51-059-0031,NO2,Springfield Near Road Site,Virginia,Fairfax,Springfield,38.76835,-77.18347,4,96,97.25,8393
"Washington-Arlington-Alexandria, DC-VA-MD-WV",51-059-0031,PM2.5,Springfield Near Road Site,Virginia,Fairfax,Springfield,38.76835,-77.18347,4,88,96.25,7695
"Washington-Arlington-Alexandria, DC-VA-MD-WV",51-061-0002,O3,"Chester Phelps Wildlife Management Area, Sumerduck",Virginia,Fauquier,,38.47367,-77.76772,4,95,97.75,5475
"Washington-Arlington-Alexandria, DC-VA-MD-WV",51-107-1005,NO2,"Broad Run High School, Ashburn",Virginia,Loudoun,,39.02473,-77.48925,4,97,97.5,8526
"Washington-Arlington-Alexandria, DC-VA-MD-WV",51-107-1005,O3,"Broad Run High School, Ashburn",Virginia,Loudoun,,39.02473,-77.48925,4,97,99.25,8391
"Washington-Arlington-Alexandria, DC-VA-MD-WV",51-153-0009,NO2,James S. Long Park,Virginia,Prince William,,38.85287,-77.63462,4,94,96.5,8232
"Washington-Arlington-Alexandria, DC-VA-MD-WV",51-153-0009,O3,James S. Long Park,Virginia,Prince William,,38.85287,-77.63462,4,96,98.5,8247
"Washington-Arlington-Alexandria, DC-VA-MD-WV",51-179-0001,O3,Widewater Elementary School,Virginia,Stafford,Aquia Harbour,38.48123,-77.3704,4,98,99.25,8495
"Waterloo-Cedar Falls, IA",19-017-0011,O3,WAVERLY AIRPORT SITE,Iowa,Bremer,Waverly,42.743036,-92.513241,4,96,97.25,5412
"Watertown, SD",46-029-0002,O3,Watertown Utility Yard,South Dakota,Codington,Watertown,44.89965,-97.128802,4,98,98.75,8512
"Watertown, SD",46-029-0002,PM10,Watertown Utility Yard,South Dakota,Codington,Watertown,44.89965,-97.128802,4,94,97.0,8285
"Watertown, SD",46-029-0002,PM2.5,Watertown Utility Yard,South Dakota,Codington,Watertown,44.89965,-97.128802,4,95,97.25,8353
"Watertown-Fort Atkinson, WI",55-055-0009,O3,JEFFERSON - LAATSCH,Wisconsin,Jefferson,,43.0034,-88.8283,4,99,99.5,4764
"Watertown-Fort Drum, NY",36-045-0002,O3,PERCH RIVER,New York,Jefferson,,44.08747,-75.97316,4,98,99.5,8239
"Wausau, WI",55-073-0012,O3,LAKE DUBAY,Wisconsin,Marathon,,44.70735,-89.77192,4,95,98.5,4771
"Weirton-Steubenville, WV-OH",39-081-0017,O3,Steubenville,Ohio,Jefferson,Steubenville,40.3663,-80.6158,4,98,98.75,5489
"Weirton-Steubenville, WV-OH",39-081-0017,PM10,Steubenville,Ohio,Jefferson,Steubenville,40.3663,-80.6158,4,89,95.75,7836
"Weirton-Steubenville, WV-OH",39-081-0017,PM2.5,Steubenville,Ohio,Jefferson,Steubenville,40.3663,-80.6158,4,90,96.0,7846
"Weirton-Steubenville, WV-OH",39-081-0017,SO2,Steubenville,Ohio,Jefferson,Steubenville,40.3663,-80.6158,4,94,94.75,8233
"Weirton-Steubenville, WV-OH",54-009-0005,SO2,,West Virginia,Brooke,Follansbee,40.341023,-80.596635,4,94,96.5,8227
"Weirton-Steubenville, WV-OH",54-009-0011,PM10,,West Virginia,Brooke,Weirton,40.394651,-80.611813,4,99,99.25,8673
"Weirton-Steubenville, WV-OH",54-009-0011,SO2,,West Virginia,Brooke,Weirton,40.394651,-80.611813,4,96,97.0,8448
"Weirton-Steubenville, WV-OH",54-029-0009,O3,,West Virginia,Hancock,Weirton,40.427372,-80.592318,4,91,94.5,5299
"Weirton-Steubenville, WV-OH",54-029-0009,PM10,,West Virginia,Hancock,Weirton,40.427372,-80.592318,4,93,96.75,8139
"Weirton-Steubenville, WV-OH",54-029-0009,SO2,,West Virginia,Hancock,Weirton,40.427372,-80.592318,4,96,96.5,8374
"Wheeling, WV-OH",39-013-0006,NO2,Shadyside,Ohio,Belmont,Shadyside,39.9679,-80.7464,4,74,89.0,6457
"Wheeling, WV-OH",39-013-0006,SO2,Shadyside,Ohio,Belmont,Shadyside,39.9679,-80.7464,4,94,94.5,8200
"Wheeling, WV-OH",54-051-1002,PM2.5,,West Virginia,Marshall,Moundsville,39.915961,-80.733858,4,96,96.75,8394
"Wheeling, WV-OH",54-051-1002,SO2,,West Virginia,Marshall,Moundsville,39.915961,-80.733858,4,98,98.25,8568
"Wheeling, WV-OH",54-069-0010,O3,,West Virginia,Ohio,Wheeling,40.114876,-80.700972,4,91,97.75,5286
"Whitewater-Elkhorn, WI",55-127-0006,O3,Elkhorn,Wisconsin,Walworth,Elkhorn,42.66218,-88.48703,4,99,99.5,4721
"Wichita, KS",20-173-0010,NO2,WICHITA HD,Kansas,Sedgwick,Wichita,37.702066,-97.314847,4,59,85.5,5224
"Wichita, KS",20-173-0010,O3,WICHITA HD,Kansas,Sedgwick,Wichita,37.702066,-97.314847,4,91,95.75,7864
"Wichita, KS",20-173-0018,O3,Sedgwick Ozone,Kansas,Sedgwick,,37.897506,-97.492083,4,82,92.25,7676
"Wichita, KS",20-191-0002,NO2,PECK,Kansas,Sumner,,37.47689,-97.366399,4,90,95.75,7886
"Wichita, KS",20-191-0002,O3,PECK,Kansas,Sumner,,37.47689,-97.366399,4,95,97.25,7354
"Wichita, KS",20-191-0002,PM10,PECK,Kansas,Sumner,,37.47689,-97.366399,4,92,94.75,8061
"Wichita, KS",20-191-0002,PM2.5,PECK,Kansas,Sumner,,37.47689,-97.366399,4,92,94.75,8060
"Wichita, KS",20-191-0002,SO2,PECK,Kansas,Sumner,,37.47689,-97.366399,4,98,98.5,8600
"Williamsport, PA",42-081-0100,O3,MONTOURSVILLE,Pennsylvania,Lycoming,Montoursville,41.2508,-76.9238,4,83,92.5,5518
"Williston, ND",38-105-0105,SO2,,North Dakota,Williams,,48.392666,-102.910693,4,98,98.75,8578
"Williston, ND",38-105-0106,SO2,,North Dakota,Williams,,48.465253,-102.894086,4,91,94.5,7956
"Wilmington, NC",37-129-0002,O3,Castle Hayne,North Carolina,New Hanover,Castle Hayne,34.364167,-77.838611,4,98,98.5,5494
"Wilmington, NC",37-129-0002,PM10,Castle Hayne,North Carolina,New Hanover,Castle Hayne,34.364167,-77.838611,4,92,95.5,8018
"Wilmington, NC",37-129-0002,PM2.5,Castle Hayne,North Carolina,New Hanover,Castle Hayne,34.364167,-77.838611,4,94,96.0,8251
"Wilmington, OH",39-027-1002,O3,Wilmington,Ohio,Clinton,,39.427535,-83.788916,4,98,98.75,5744
"Winchester, VA-WV",51-069-0010,O3,Rest,Virginia,Frederick,,39.28102,-78.08157,4,98,99.5,5658
"Winchester, VA-WV",51-069-0010,PM10,Rest,Virginia,Frederick,,39.28102,-78.08157,4,75,87.75,6613
"Winchester, VA-WV",51-069-0010,PM2.5,Rest,Virginia,Frederick,,39.28102,-78.08157,4,75,90.0,6613
"Winston-Salem, NC",37-057-0002,PM2.5,Lexington water tower,North Carolina,Davidson,Lexington,35.8145,-80.2627,4,94,96.25,8195
"Winston-Salem, NC",37-067-0022,NO2,Hattie Avenue,North Carolina,Forsyth,Winston-Salem,36.11094,-80.224501,4,91,93.25,7990
"Winston-Salem, NC",37-067-0022,O3,Hattie Avenue,North Carolina,Forsyth,Winston-Salem,36.11094,-80.224501,4,99,99.75,5581
"Winston-Salem, NC",37-067-0022,PM10,Hattie Avenue,North Carolina,Forsyth,Winston-Salem,36.11094,-80.224501,4,75,93.0,6573
"Winston-Salem, NC",37-067-0022,PM2.5,Hattie Avenue,North Carolina,Forsyth,Winston-Salem,36.11094,-80.224501,4,75,93.0,6573
"Winston-Salem, NC",37-067-0022,SO2,Hattie Avenue,North Carolina,Forsyth,Winston-Salem,36.11094,-80.224501,4,91,93.0,8004
"Winston-Salem, NC",37-067-0030,O3,Clemmons Middle,North Carolina,Forsyth,Winston-Salem,36.026612,-80.341962,4,99,99.75,5585
"Winston-Salem, NC",37-067-0030,PM2.5,Clemmons Middle,North Carolina,Forsyth,Winston-Salem,36.026612,-80.341962,4,97,98.5,8457
"Winston-Salem, NC",37-067-1008,O3,Union Cross,North Carolina,Forsyth,Winston-Salem,36.051805,-80.144933,4,99,99.75,5544
"Worcester, MA-CT",09-015-9991,O3,Abington,Connecticut,Windham,,41.84046,-72.010368,4,99,99.5,8175
"Worcester, MA-CT",25-027-0015,O3,WORCESTER AIRPORT,Massachusetts,Worcester,Worcester,42.274319,-71.875511,4,85,94.75,7951
"Worcester, MA-CT",25-027-0023,CO,WORCESTER SUMMER STREET,Massachusetts,Worcester,Worcester,42.263955,-71.794322,4,75,84.0,6548
"Worcester, MA-CT",25-027-0023,NO2,WORCESTER SUMMER STREET,Massachusetts,Worcester,Worcester,42.263955,-71.794322,4,91,93.0,7973
"Worcester, MA-CT",25-027-0023,PM2.5,WORCESTER SUMMER STREET,Massachusetts,Worcester,Worcester,42.263955,-71.794322,4,95,97.5,8310
"Worcester, MA-CT",25-027-0023,SO2,WORCESTER SUMMER STREET,Massachusetts,Worcester,Worcester,42.263955,-71.794322,4,89,92.0,7778
"Worcester, MA-CT",25-027-0024,O3,UXBRIDGE,Massachusetts,Worcester,Uxbridge,42.099699,-71.619399,4,98,98.75,8112
"Yakima, WA",53-077-0009,PM10,YAKIMA - 4TH AVE,Washington,Yakima,Yakima,46.594952,-120.512283,4,97,98.0,8497
"Yakima, WA",53-077-0009,PM2.5,YAKIMA - 4TH AVE,Washington,Yakima,Yakima,46.594952,-120.512283,4,98,98.75,8551
"Yakima, WA",53-077-0015,PM2.5,TOPPENISH - WARD RD (YAKAMA TRIBE),Washington,Yakima,Toppenish,46.38024,-120.33266,4,88,95.25,7725
"York-Hanover, PA",42-133-0008,NO2,York,Pennsylvania,York,York,39.965278,-76.699444,4,89,91.0,7772
"York-Hanover, PA",42-133-0008,O3,York,Pennsylvania,York,York,39.965278,-76.699444,4,80,91.0,5464
"York-Hanover, PA",42-133-0008,PM2.5,York,Pennsylvania,York,York,39.965278,-76.699444,4,90,95.25,7844
"York-Hanover, PA",42-133-0008,SO2,York,Pennsylvania,York,York,39.965278,-76.699444,4,83,87.5,7252
"York-Hanover, PA",42-133-0011,O3,York DW,Pennsylvania,York,,39.86097,-76.462055,4,78,87.75,4327
"Youngstown-Warren-Boardman, OH-PA",39-155-0011,O3,TCSE,Ohio,Trumbull,,41.240453,-80.66272,4,99,99.5,5578
"Youngstown-Warren-Boardman, OH-PA",39-155-0013,O3,Kinsman Maintenance,Ohio,Trumbull,,41.454568,-80.589528,4,98,99.25,5537
"Youngstown-Warren-Boardman, OH-PA",39-155-0014,PM2.5,Laird Eng Bldg,Ohio,Trumbull,Warren,41.23172,-80.80116,4,96,98.5,8422
"Youngstown-Warren-Boardman, OH-PA",42-085-0100,O3,Farrell,Pennsylvania,Mercer,Farrell,41.215014,-80.484779,4,95,98.0,5610
"Youngstown-Warren-Boardman, OH-PA",42-085-0100,PM2.5,Farrell,Pennsylvania,Mercer,Farrell,41.215014,-80.484779,4,66,83.5,5760
"Youngstown-Warren-Boardman, OH-PA",42-085-9991,O3,M.K. Goddard,Pennsylvania,Mercer,,41.4271,-80.1451,4,96,97.5,8059
"Yuba City, CA",06-101-0003,NO2,Yuba City,California,Sutter,Yuba City,39.138773,-121.618549,4,88,91.75,7756
"Yuba City, CA",06-101-0003,O3,Yuba City,California,Sutter,Yuba City,39.138773,-121.618549,4,91,95.5,7687
"Yuba City, CA",06-101-0003,PM10,Yuba City,California,Sutter,Yuba City,39.138773,-121.618549,4,94,96.5,8270
"Yuba City, CA",06-101-0003,PM2.5,Yuba City,California,Sutter,Yuba City,39.138773,-121.618549,4,98,98.0,8569
"Yuba City, CA",06-101-0004,O3,Sutter Buttes (seasonal),California,Sutter,Sutter,39.205572,-121.820362,4,83,94.0,4096
"Yuma, AZ",04-027-8011,O3,YUMA SUPERSITE,Arizona,Yuma,Yuma,32.690278,-114.61444,4,97,98.25,8309
"Yuma, AZ",04-027-8011,PM10,YUMA SUPERSITE,Arizona,Yuma,Yuma,32.690278,-114.61444,4,86,95.0,7548
"Yuma, AZ",04-027-8011,PM2.5,YUMA SUPERSITE,Arizona,Yuma,Yuma,32.690278,-114.61444,4,86,94.5,7548
